booking_id,farmer_id,tractor_id,region,status,crop_operation,amount,payment_status,requested_at
BKG-00001,FAR-001,TR-001,Machakos,completed,Planting,35490.96,paid,2025-09-16T01:00:00
BKG-00002,FAR-002,TR-002,Nakuru,completed,Weeding,11877.9,paid,2025-09-17T02:00:00
BKG-00003,FAR-003,TR-003,Nairobi,completed,Harvesting,19108.62,paid,2025-09-18T03:00:00
BKG-00004,FAR-004,TR-004,Embu,pending,Soil management,38651.52,pending,2025-09-19T04:00:00
BKG-00005,FAR-005,TR-005,Kiambu,cancelled,Land preparation,22680.93,void,2025-09-20T05:00:00
BKG-00006,FAR-006,TR-006,Machakos,completed,Planting,28068.69,paid,2025-09-21T06:00:00
BKG-00007,FAR-007,TR-007,Nakuru,completed,Weeding,23933.09,paid,2025-09-22T07:00:00
BKG-00008,FAR-008,TR-008,Nairobi,completed,Harvesting,52447.78,paid,2025-09-23T08:00:00
BKG-00009,FAR-009,TR-009,Embu,completed,Soil management,45069.63,paid,2025-09-24T09:00:00
BKG-00010,FAR-010,TR-010,Kiambu,pending,Land preparation,27274.76,pending,2025-09-25T10:00:00
BKG-00011,FAR-011,TR-011,Machakos,cancelled,Planting,26728.23,void,2025-09-26T11:00:00
BKG-00012,FAR-012,TR-012,Nakuru,completed,Weeding,24988.85,pending,2025-09-27T12:00:00
BKG-00013,FAR-013,TR-013,Nairobi,completed,Harvesting,32871.78,paid,2025-09-28T13:00:00
BKG-00014,FAR-014,TR-014,Embu,completed,Soil management,45784.82,paid,2025-09-29T14:00:00
BKG-00015,FAR-015,TR-015,Kiambu,completed,Land preparation,37839.09,paid,2025-09-30T15:00:00
BKG-00016,FAR-016,TR-016,Machakos,pending,Planting,9009.79,pending,2025-10-01T16:00:00
BKG-00017,FAR-017,TR-017,Nakuru,cancelled,Weeding,23454.9,void,2025-10-02T17:00:00
BKG-00018,FAR-018,TR-018,Nairobi,completed,Harvesting,39906.8,paid,2025-10-03T18:00:00
BKG-00019,FAR-019,TR-019,Embu,completed,Soil management,20025.39,paid,2025-10-04T19:00:00
BKG-00020,FAR-020,TR-020,Kiambu,completed,Land preparation,18581.7,pending,2025-10-05T20:00:00
BKG-00021,FAR-021,TR-021,Machakos,completed,Planting,24980.12,paid,2025-10-06T21:00:00
BKG-00022,FAR-022,TR-022,Nakuru,pending,Weeding,36481.19,pending,2025-10-07T22:00:00
BKG-00023,FAR-023,TR-023,Nairobi,cancelled,Harvesting,31856.54,void,2025-10-08T23:00:00
BKG-00024,FAR-024,TR-024,Embu,completed,Soil management,34296.29,pending,2025-10-09T00:00:00
BKG-00025,FAR-025,TR-025,Kiambu,completed,Land preparation,20330.37,paid,2025-10-10T01:00:00
BKG-00026,FAR-026,TR-026,Machakos,completed,Planting,14128.17,paid,2025-10-11T02:00:00
BKG-00027,FAR-027,TR-027,Nakuru,completed,Weeding,47299.07,pending,2025-10-12T03:00:00
BKG-00028,FAR-028,TR-028,Nairobi,pending,Harvesting,10183.22,pending,2025-10-13T04:00:00
BKG-00029,FAR-029,TR-029,Embu,cancelled,Soil management,48671.66,void,2025-10-14T05:00:00
BKG-00030,FAR-030,TR-030,Kiambu,completed,Land preparation,24848.28,paid,2025-10-15T06:00:00
BKG-00031,FAR-031,TR-031,Machakos,completed,Planting,17560.54,paid,2025-10-16T07:00:00
BKG-00032,FAR-032,TR-032,Nakuru,completed,Weeding,49884.22,paid,2025-10-17T08:00:00
BKG-00033,FAR-033,TR-033,Nairobi,completed,Harvesting,41072.1,paid,2025-10-18T09:00:00
BKG-00034,FAR-034,TR-034,Embu,pending,Soil management,51458.35,pending,2025-10-19T10:00:00
BKG-00035,FAR-035,TR-035,Kiambu,cancelled,Land preparation,22793.87,void,2025-10-20T11:00:00
BKG-00036,FAR-036,TR-036,Machakos,completed,Planting,37459.48,paid,2025-10-21T12:00:00
BKG-00037,FAR-037,TR-037,Nakuru,completed,Weeding,34629.43,paid,2025-10-22T13:00:00
BKG-00038,FAR-038,TR-038,Nairobi,completed,Harvesting,45532.61,paid,2025-10-23T14:00:00
BKG-00039,FAR-039,TR-039,Embu,completed,Soil management,39074.21,paid,2025-10-24T15:00:00
BKG-00040,FAR-040,TR-040,Kiambu,pending,Land preparation,22786.85,pending,2025-10-25T16:00:00
BKG-00041,FAR-041,TR-041,Machakos,cancelled,Planting,12831.75,void,2025-10-26T17:00:00
BKG-00042,FAR-042,TR-042,Nakuru,completed,Weeding,45424.53,paid,2025-10-27T18:00:00
BKG-00043,FAR-043,TR-043,Nairobi,completed,Harvesting,47770.76,paid,2025-10-28T19:00:00
BKG-00044,FAR-044,TR-044,Embu,completed,Soil management,41980.74,paid,2025-10-29T20:00:00
BKG-00045,FAR-045,TR-045,Kiambu,completed,Land preparation,33561.36,paid,2025-10-30T21:00:00
BKG-00046,FAR-046,TR-046,Machakos,pending,Planting,18286.75,pending,2025-10-31T22:00:00
BKG-00047,FAR-047,TR-047,Nakuru,cancelled,Weeding,50488.5,void,2025-11-01T23:00:00
BKG-00048,FAR-048,TR-048,Nairobi,completed,Harvesting,23402.69,pending,2025-11-02T00:00:00
BKG-00049,FAR-049,TR-049,Embu,completed,Soil management,35060.82,paid,2025-11-03T01:00:00
BKG-00050,FAR-050,TR-050,Kiambu,completed,Land preparation,49985.18,paid,2025-11-04T02:00:00
BKG-00051,FAR-051,TR-051,Machakos,completed,Planting,42042.13,paid,2025-11-05T03:00:00
BKG-00052,FAR-052,TR-052,Nakuru,pending,Weeding,24656.16,pending,2025-11-06T04:00:00
BKG-00053,FAR-053,TR-053,Nairobi,cancelled,Harvesting,42892.41,void,2025-11-07T05:00:00
BKG-00054,FAR-054,TR-054,Embu,completed,Soil management,35880.4,paid,2025-11-08T06:00:00
BKG-00055,FAR-055,TR-055,Kiambu,completed,Land preparation,35820.88,paid,2025-11-09T07:00:00
BKG-00056,FAR-056,TR-056,Machakos,completed,Planting,38997.47,paid,2025-11-10T08:00:00
BKG-00057,FAR-057,TR-057,Nakuru,completed,Weeding,51925.2,paid,2025-11-11T09:00:00
BKG-00058,FAR-058,TR-058,Nairobi,pending,Harvesting,45378.71,pending,2025-11-12T10:00:00
BKG-00059,FAR-059,TR-059,Embu,cancelled,Soil management,51933.62,void,2025-11-13T11:00:00
BKG-00060,FAR-060,TR-060,Kiambu,completed,Land preparation,35483.11,paid,2025-11-14T12:00:00
BKG-00061,FAR-061,TR-061,Machakos,completed,Planting,26641.3,pending,2025-11-15T13:00:00
BKG-00062,FAR-062,TR-062,Nakuru,completed,Weeding,41938.36,paid,2025-11-16T14:00:00
BKG-00063,FAR-063,TR-063,Nairobi,completed,Harvesting,10443.74,paid,2025-11-17T15:00:00
BKG-00064,FAR-064,TR-064,Embu,pending,Soil management,12320.5,pending,2025-11-18T16:00:00
BKG-00065,FAR-065,TR-065,Kiambu,cancelled,Land preparation,25667.32,void,2025-11-19T17:00:00
BKG-00066,FAR-066,TR-066,Machakos,completed,Planting,9870.3,paid,2025-11-20T18:00:00
BKG-00067,FAR-067,TR-067,Nakuru,completed,Weeding,32877.62,paid,2025-11-21T19:00:00
BKG-00068,FAR-068,TR-068,Nairobi,completed,Harvesting,13316.62,paid,2025-11-22T20:00:00
BKG-00069,FAR-069,TR-069,Embu,completed,Soil management,10823.87,paid,2025-11-23T21:00:00
BKG-00070,FAR-070,TR-070,Kiambu,pending,Land preparation,42387.61,pending,2025-11-24T22:00:00
BKG-00071,FAR-071,TR-071,Machakos,cancelled,Planting,53531.73,void,2025-11-25T23:00:00
BKG-00072,FAR-072,TR-072,Nakuru,completed,Weeding,12645.64,paid,2025-11-26T00:00:00
BKG-00073,FAR-073,TR-073,Nairobi,completed,Harvesting,21731.91,paid,2025-11-27T01:00:00
BKG-00074,FAR-074,TR-074,Embu,completed,Soil management,32416.34,paid,2025-11-28T02:00:00
BKG-00075,FAR-075,TR-075,Kiambu,completed,Land preparation,17390.28,paid,2025-11-29T03:00:00
BKG-00076,FAR-076,TR-076,Machakos,pending,Planting,19725.59,pending,2025-11-30T04:00:00
BKG-00077,FAR-077,TR-077,Nakuru,cancelled,Weeding,45574.45,void,2025-12-01T05:00:00
BKG-00078,FAR-078,TR-078,Nairobi,completed,Harvesting,46681.77,paid,2025-12-02T06:00:00
BKG-00079,FAR-079,TR-079,Embu,completed,Soil management,14712.61,paid,2025-12-03T07:00:00
BKG-00080,FAR-080,TR-080,Kiambu,completed,Land preparation,13919.04,paid,2025-12-04T08:00:00
BKG-00081,FAR-081,TR-081,Machakos,completed,Planting,38489.07,paid,2025-12-05T09:00:00
BKG-00082,FAR-082,TR-082,Nakuru,pending,Weeding,35521.88,pending,2025-12-06T10:00:00
BKG-00083,FAR-083,TR-083,Nairobi,cancelled,Harvesting,37477.11,void,2025-12-07T11:00:00
BKG-00084,FAR-084,TR-084,Embu,completed,Soil management,37508.49,pending,2025-12-08T12:00:00
BKG-00085,FAR-085,TR-085,Kiambu,completed,Land preparation,31869.03,paid,2025-12-09T13:00:00
BKG-00086,FAR-086,TR-086,Machakos,completed,Planting,35496.28,paid,2025-12-10T14:00:00
BKG-00087,FAR-087,TR-087,Nakuru,completed,Weeding,40880.86,paid,2025-12-11T15:00:00
BKG-00088,FAR-088,TR-088,Nairobi,pending,Harvesting,24940.08,pending,2025-12-12T16:00:00
BKG-00089,FAR-089,TR-089,Embu,cancelled,Soil management,35097.65,void,2025-12-13T17:00:00
BKG-00090,FAR-090,TR-090,Kiambu,completed,Land preparation,25392.76,paid,2025-12-14T18:00:00
BKG-00091,FAR-091,TR-091,Machakos,completed,Planting,24742.12,paid,2025-12-15T19:00:00
BKG-00092,FAR-092,TR-092,Nakuru,completed,Weeding,16687.02,paid,2025-12-16T20:00:00
BKG-00093,FAR-093,TR-093,Nairobi,completed,Harvesting,14792.17,paid,2025-12-17T21:00:00
BKG-00094,FAR-094,TR-094,Embu,pending,Soil management,45149.77,pending,2025-12-18T22:00:00
BKG-00095,FAR-095,TR-095,Kiambu,cancelled,Land preparation,14767.13,void,2025-12-19T23:00:00
BKG-00096,FAR-096,TR-096,Machakos,completed,Planting,45061.54,pending,2025-12-20T00:00:00
BKG-00097,FAR-097,TR-097,Nakuru,completed,Weeding,36450.46,paid,2025-12-21T01:00:00
BKG-00098,FAR-098,TR-098,Nairobi,completed,Harvesting,42169.95,paid,2025-12-22T02:00:00
BKG-00099,FAR-099,TR-099,Embu,completed,Soil management,11913.51,paid,2025-12-23T03:00:00
BKG-00100,FAR-100,TR-100,Kiambu,pending,Land preparation,17853.36,pending,2025-12-24T04:00:00
BKG-00101,FAR-101,TR-001,Machakos,cancelled,Planting,17068.42,void,2025-12-25T05:00:00
BKG-00102,FAR-102,TR-002,Nakuru,completed,Weeding,23835.22,paid,2025-12-26T06:00:00
BKG-00103,FAR-103,TR-003,Nairobi,completed,Harvesting,47777.55,paid,2025-12-27T07:00:00
BKG-00104,FAR-104,TR-004,Embu,completed,Soil management,9701.03,paid,2025-12-28T08:00:00
BKG-00105,FAR-105,TR-005,Kiambu,completed,Land preparation,22633.14,paid,2025-12-29T09:00:00
BKG-00106,FAR-106,TR-006,Machakos,pending,Planting,46415.47,pending,2025-12-30T10:00:00
BKG-00107,FAR-107,TR-007,Nakuru,cancelled,Weeding,24353.87,void,2025-12-31T11:00:00
BKG-00108,FAR-108,TR-008,Nairobi,completed,Harvesting,42370.95,paid,2026-01-01T12:00:00
BKG-00109,FAR-109,TR-009,Embu,completed,Soil management,16968.82,pending,2026-01-02T13:00:00
BKG-00110,FAR-110,TR-010,Kiambu,completed,Land preparation,10313.26,paid,2026-01-03T14:00:00
BKG-00111,FAR-111,TR-011,Machakos,completed,Planting,33123.09,paid,2026-01-04T15:00:00
BKG-00112,FAR-112,TR-012,Nakuru,pending,Weeding,9250.07,pending,2026-01-05T16:00:00
BKG-00113,FAR-113,TR-013,Nairobi,cancelled,Harvesting,22292.28,void,2026-01-06T17:00:00
BKG-00114,FAR-114,TR-014,Embu,completed,Soil management,43884.53,paid,2026-01-07T18:00:00
BKG-00115,FAR-115,TR-015,Kiambu,completed,Land preparation,48862.01,paid,2026-01-08T19:00:00
BKG-00116,FAR-116,TR-016,Machakos,completed,Planting,39553.77,pending,2026-01-09T20:00:00
BKG-00117,FAR-117,TR-017,Nakuru,completed,Weeding,35490.19,paid,2026-01-10T21:00:00
BKG-00118,FAR-118,TR-018,Nairobi,pending,Harvesting,22634.41,pending,2026-01-11T22:00:00
BKG-00119,FAR-119,TR-019,Embu,cancelled,Soil management,53164.19,void,2026-01-12T23:00:00
BKG-00120,FAR-120,TR-020,Kiambu,completed,Land preparation,41983.39,paid,2026-01-13T00:00:00
BKG-00121,FAR-121,TR-021,Machakos,completed,Planting,28889.59,paid,2026-01-14T01:00:00
BKG-00122,FAR-122,TR-022,Nakuru,completed,Weeding,37954.54,paid,2026-01-15T02:00:00
BKG-00123,FAR-123,TR-023,Nairobi,completed,Harvesting,25426.6,paid,2026-01-16T03:00:00
BKG-00124,FAR-124,TR-024,Embu,pending,Soil management,29308.89,pending,2026-01-17T04:00:00
BKG-00125,FAR-125,TR-025,Kiambu,cancelled,Land preparation,27253.55,void,2026-01-18T05:00:00
BKG-00126,FAR-126,TR-026,Machakos,completed,Planting,9147.74,paid,2026-01-19T06:00:00
BKG-00127,FAR-127,TR-027,Nakuru,completed,Weeding,47740.43,paid,2026-01-20T07:00:00
BKG-00128,FAR-128,TR-028,Nairobi,completed,Harvesting,27898.85,paid,2026-01-21T08:00:00
BKG-00129,FAR-129,TR-029,Embu,completed,Soil management,13762.57,paid,2026-01-22T09:00:00
BKG-00130,FAR-130,TR-030,Kiambu,pending,Land preparation,15395.2,pending,2026-01-23T10:00:00
BKG-00131,FAR-131,TR-031,Machakos,cancelled,Planting,11151.06,void,2026-01-24T11:00:00
BKG-00132,FAR-132,TR-032,Nakuru,completed,Weeding,27121.38,paid,2026-01-25T12:00:00
BKG-00133,FAR-133,TR-033,Nairobi,completed,Harvesting,34698.25,paid,2026-01-26T13:00:00
BKG-00134,FAR-134,TR-034,Embu,completed,Soil management,28835.53,paid,2026-01-27T14:00:00
BKG-00135,FAR-135,TR-035,Kiambu,completed,Land preparation,41340.46,paid,2026-01-28T15:00:00
BKG-00136,FAR-136,TR-036,Machakos,pending,Planting,15220.46,pending,2026-01-29T16:00:00
BKG-00137,FAR-137,TR-037,Nakuru,cancelled,Weeding,27058.58,void,2026-01-30T17:00:00
BKG-00138,FAR-138,TR-038,Nairobi,completed,Harvesting,35251.79,paid,2026-01-31T18:00:00
BKG-00139,FAR-139,TR-039,Embu,completed,Soil management,35732.31,paid,2026-02-01T19:00:00
BKG-00140,FAR-140,TR-040,Kiambu,completed,Land preparation,50553.54,paid,2026-02-02T20:00:00
BKG-00141,FAR-141,TR-041,Machakos,completed,Planting,10652.73,paid,2026-02-03T21:00:00
BKG-00142,FAR-142,TR-042,Nakuru,pending,Weeding,17297.32,pending,2026-02-04T22:00:00
BKG-00143,FAR-143,TR-043,Nairobi,cancelled,Harvesting,21007.09,void,2026-02-05T23:00:00
BKG-00144,FAR-144,TR-044,Embu,completed,Soil management,12804.81,paid,2026-02-06T00:00:00
BKG-00145,FAR-145,TR-045,Kiambu,completed,Land preparation,19337.89,pending,2026-02-07T01:00:00
BKG-00146,FAR-146,TR-046,Machakos,completed,Planting,52282.28,pending,2026-02-08T02:00:00
BKG-00147,FAR-147,TR-047,Nakuru,completed,Weeding,50438.81,paid,2026-02-09T03:00:00
BKG-00148,FAR-148,TR-048,Nairobi,pending,Harvesting,22885.37,pending,2026-02-10T04:00:00
BKG-00149,FAR-149,TR-049,Embu,cancelled,Soil management,13739.5,void,2026-02-11T05:00:00
BKG-00150,FAR-150,TR-050,Kiambu,completed,Land preparation,49580.82,paid,2026-02-12T06:00:00
BKG-00151,FAR-151,TR-051,Machakos,completed,Planting,47359.24,paid,2026-02-13T07:00:00
BKG-00152,FAR-152,TR-052,Nakuru,completed,Weeding,30507.79,paid,2026-02-14T08:00:00
BKG-00153,FAR-153,TR-053,Nairobi,completed,Harvesting,43202.95,paid,2026-02-15T09:00:00
BKG-00154,FAR-154,TR-054,Embu,pending,Soil management,48642.65,pending,2026-02-16T10:00:00
BKG-00155,FAR-155,TR-055,Kiambu,cancelled,Land preparation,25638.96,void,2026-02-17T11:00:00
BKG-00156,FAR-156,TR-056,Machakos,completed,Planting,25058.61,paid,2026-02-18T12:00:00
BKG-00157,FAR-157,TR-057,Nakuru,completed,Weeding,49334.33,paid,2026-02-19T13:00:00
BKG-00158,FAR-158,TR-058,Nairobi,completed,Harvesting,40217.07,paid,2026-02-20T14:00:00
BKG-00159,FAR-159,TR-059,Embu,completed,Soil management,31461.86,paid,2026-02-21T15:00:00
BKG-00160,FAR-160,TR-060,Kiambu,pending,Land preparation,37226.77,pending,2026-02-22T16:00:00
BKG-00161,FAR-161,TR-061,Machakos,cancelled,Planting,19154.44,void,2026-02-23T17:00:00
BKG-00162,FAR-162,TR-062,Nakuru,completed,Weeding,11495.27,paid,2026-02-24T18:00:00
BKG-00163,FAR-163,TR-063,Nairobi,completed,Harvesting,53709.23,paid,2026-02-25T19:00:00
BKG-00164,FAR-164,TR-064,Embu,completed,Soil management,43074.73,paid,2026-02-26T20:00:00
BKG-00165,FAR-165,TR-065,Kiambu,completed,Land preparation,30750.87,paid,2026-02-27T21:00:00
BKG-00166,FAR-166,TR-066,Machakos,pending,Planting,40659.2,pending,2026-02-28T22:00:00
BKG-00167,FAR-167,TR-067,Nakuru,cancelled,Weeding,31908.93,void,2026-03-01T23:00:00
BKG-00168,FAR-168,TR-068,Nairobi,completed,Harvesting,20023.7,paid,2026-03-02T00:00:00
BKG-00169,FAR-169,TR-069,Embu,completed,Soil management,15372.6,paid,2026-03-03T01:00:00
BKG-00170,FAR-170,TR-070,Kiambu,completed,Land preparation,40923.36,paid,2026-03-04T02:00:00
BKG-00171,FAR-171,TR-071,Machakos,completed,Planting,48249.64,paid,2026-03-05T03:00:00
BKG-00172,FAR-172,TR-072,Nakuru,pending,Weeding,23127.03,pending,2026-03-06T04:00:00
BKG-00173,FAR-173,TR-073,Nairobi,cancelled,Harvesting,25134.93,void,2026-03-07T05:00:00
BKG-00174,FAR-174,TR-074,Embu,completed,Soil management,44093.61,paid,2026-03-08T06:00:00
BKG-00175,FAR-175,TR-075,Kiambu,completed,Land preparation,19280.09,paid,2026-03-09T07:00:00
BKG-00176,FAR-176,TR-076,Machakos,completed,Planting,49223.45,paid,2026-03-10T08:00:00
BKG-00177,FAR-177,TR-077,Nakuru,completed,Weeding,33044.77,paid,2026-03-11T09:00:00
BKG-00178,FAR-178,TR-078,Nairobi,pending,Harvesting,17573.77,pending,2026-03-12T10:00:00
BKG-00179,FAR-179,TR-079,Embu,cancelled,Soil management,49545.3,void,2026-03-13T11:00:00
BKG-00180,FAR-180,TR-080,Kiambu,completed,Land preparation,26929.9,paid,2026-03-14T12:00:00
BKG-00181,FAR-181,TR-081,Machakos,completed,Planting,37011.98,paid,2026-03-15T13:00:00
BKG-00182,FAR-182,TR-082,Nakuru,completed,Weeding,42821.5,paid,2026-03-16T14:00:00
BKG-00183,FAR-183,TR-083,Nairobi,completed,Harvesting,17504.95,paid,2026-03-17T15:00:00
BKG-00184,FAR-184,TR-084,Embu,pending,Soil management,33104.79,pending,2026-03-18T16:00:00
BKG-00185,FAR-185,TR-085,Kiambu,cancelled,Land preparation,26122.61,void,2026-03-19T17:00:00
BKG-00186,FAR-186,TR-086,Machakos,completed,Planting,39829.44,paid,2026-03-20T18:00:00
BKG-00187,FAR-187,TR-087,Nakuru,completed,Weeding,33149.43,pending,2026-03-21T19:00:00
BKG-00188,FAR-188,TR-088,Nairobi,completed,Harvesting,13611.78,paid,2026-03-22T20:00:00
BKG-00189,FAR-189,TR-089,Embu,completed,Soil management,49522.21,paid,2026-03-23T21:00:00
BKG-00190,FAR-190,TR-090,Kiambu,pending,Land preparation,15095.98,pending,2026-03-24T22:00:00
BKG-00191,FAR-191,TR-091,Machakos,cancelled,Planting,28798.34,void,2026-03-25T23:00:00
BKG-00192,FAR-192,TR-092,Nakuru,completed,Weeding,42662.14,paid,2026-03-26T00:00:00
BKG-00193,FAR-193,TR-093,Nairobi,completed,Harvesting,17769.74,paid,2026-03-27T01:00:00
BKG-00194,FAR-194,TR-094,Embu,completed,Soil management,15947.05,paid,2026-03-28T02:00:00
BKG-00195,FAR-195,TR-095,Kiambu,completed,Land preparation,23221.72,paid,2026-03-29T03:00:00
BKG-00196,FAR-196,TR-096,Machakos,pending,Planting,40687.67,pending,2026-03-30T04:00:00
BKG-00197,FAR-197,TR-097,Nakuru,cancelled,Weeding,50138.54,void,2026-03-31T05:00:00
BKG-00198,FAR-198,TR-098,Nairobi,completed,Harvesting,36045.23,pending,2026-04-01T06:00:00
BKG-00199,FAR-199,TR-099,Embu,completed,Soil management,13120.22,paid,2026-04-02T07:00:00
BKG-00200,FAR-200,TR-100,Kiambu,completed,Land preparation,24892.29,paid,2026-04-03T08:00:00
BKG-00201,FAR-201,TR-001,Machakos,completed,Planting,38320.23,pending,2026-04-04T09:00:00
BKG-00202,FAR-202,TR-002,Nakuru,pending,Weeding,51641.21,pending,2026-04-05T10:00:00
BKG-00203,FAR-203,TR-003,Nairobi,cancelled,Harvesting,52560.02,void,2026-04-06T11:00:00
BKG-00204,FAR-204,TR-004,Embu,completed,Soil management,14781.57,paid,2026-04-07T12:00:00
BKG-00205,FAR-205,TR-005,Kiambu,completed,Land preparation,29978.87,paid,2026-04-08T13:00:00
BKG-00206,FAR-206,TR-006,Machakos,completed,Planting,15321.64,paid,2026-04-09T14:00:00
BKG-00207,FAR-207,TR-007,Nakuru,completed,Weeding,14717.01,paid,2026-04-10T15:00:00
BKG-00208,FAR-208,TR-008,Nairobi,pending,Harvesting,53740.01,pending,2026-04-11T16:00:00
BKG-00209,FAR-209,TR-009,Embu,cancelled,Soil management,39693.09,void,2026-04-12T17:00:00
BKG-00210,FAR-210,TR-010,Kiambu,completed,Land preparation,24672.75,paid,2026-04-13T18:00:00
BKG-00211,FAR-211,TR-011,Machakos,completed,Planting,46920.06,paid,2026-04-14T19:00:00
BKG-00212,FAR-212,TR-012,Nakuru,completed,Weeding,41353.44,pending,2026-04-15T20:00:00
BKG-00213,FAR-213,TR-013,Nairobi,completed,Harvesting,44359.86,paid,2026-04-16T21:00:00
BKG-00214,FAR-214,TR-014,Embu,pending,Soil management,13979.12,pending,2026-04-17T22:00:00
BKG-00215,FAR-215,TR-015,Kiambu,cancelled,Land preparation,33970.96,void,2026-04-18T23:00:00
BKG-00216,FAR-216,TR-016,Machakos,completed,Planting,24136.92,paid,2026-04-19T00:00:00
BKG-00217,FAR-217,TR-017,Nakuru,completed,Weeding,14552.74,paid,2026-04-20T01:00:00
BKG-00218,FAR-218,TR-018,Nairobi,completed,Harvesting,50506.87,paid,2026-04-21T02:00:00
BKG-00219,FAR-219,TR-019,Embu,completed,Soil management,52361.23,paid,2026-04-22T03:00:00
BKG-00220,FAR-220,TR-020,Kiambu,pending,Land preparation,11145.19,pending,2026-04-23T04:00:00
BKG-00221,FAR-221,TR-021,Machakos,cancelled,Planting,51064.73,void,2026-04-24T05:00:00
BKG-00222,FAR-222,TR-022,Nakuru,completed,Weeding,53576.48,paid,2026-04-25T06:00:00
BKG-00223,FAR-223,TR-023,Nairobi,completed,Harvesting,14441.98,paid,2026-04-26T07:00:00
BKG-00224,FAR-224,TR-024,Embu,completed,Soil management,38117.82,paid,2026-04-27T08:00:00
BKG-00225,FAR-225,TR-025,Kiambu,completed,Land preparation,30214.59,paid,2026-04-28T09:00:00
BKG-00226,FAR-226,TR-026,Machakos,pending,Planting,26620.27,pending,2026-04-29T10:00:00
BKG-00227,FAR-227,TR-027,Nakuru,cancelled,Weeding,52605.23,void,2026-04-30T11:00:00
BKG-00228,FAR-228,TR-028,Nairobi,completed,Harvesting,13634.56,paid,2026-05-01T12:00:00
BKG-00229,FAR-229,TR-029,Embu,completed,Soil management,27683.19,pending,2026-05-02T13:00:00
BKG-00230,FAR-230,TR-030,Kiambu,completed,Land preparation,52642.94,paid,2026-05-03T14:00:00
BKG-00231,FAR-231,TR-031,Machakos,completed,Planting,37553.22,paid,2026-05-04T15:00:00
BKG-00232,FAR-232,TR-032,Nakuru,pending,Weeding,22993.37,pending,2026-05-05T16:00:00
BKG-00233,FAR-233,TR-033,Nairobi,cancelled,Harvesting,48522.7,void,2026-05-06T17:00:00
BKG-00234,FAR-234,TR-034,Embu,completed,Soil management,40490.57,paid,2026-05-07T18:00:00
BKG-00235,FAR-235,TR-035,Kiambu,completed,Land preparation,24342.76,paid,2026-05-08T19:00:00
BKG-00236,FAR-236,TR-036,Machakos,completed,Planting,22162.17,paid,2026-05-09T20:00:00
BKG-00237,FAR-237,TR-037,Nakuru,completed,Weeding,16905.42,paid,2026-05-10T21:00:00
BKG-00238,FAR-238,TR-038,Nairobi,pending,Harvesting,18922.01,pending,2026-05-11T22:00:00
BKG-00239,FAR-239,TR-039,Embu,cancelled,Soil management,38400.32,void,2026-05-12T23:00:00
BKG-00240,FAR-240,TR-040,Kiambu,completed,Land preparation,31589.12,paid,2026-05-13T00:00:00
BKG-00241,FAR-241,TR-041,Machakos,completed,Planting,37210.08,paid,2026-05-14T01:00:00
BKG-00242,FAR-242,TR-042,Nakuru,completed,Weeding,28250.62,paid,2026-05-15T02:00:00
BKG-00243,FAR-243,TR-043,Nairobi,completed,Harvesting,35350.98,pending,2026-05-16T03:00:00
BKG-00244,FAR-244,TR-044,Embu,pending,Soil management,48604.3,pending,2026-05-17T04:00:00
BKG-00245,FAR-245,TR-045,Kiambu,cancelled,Land preparation,12038.41,void,2026-05-18T05:00:00
BKG-00246,FAR-246,TR-046,Machakos,completed,Planting,39778.6,paid,2026-05-19T06:00:00
BKG-00247,FAR-247,TR-047,Nakuru,completed,Weeding,25989.52,paid,2026-05-20T07:00:00
BKG-00248,FAR-248,TR-048,Nairobi,completed,Harvesting,34981.86,paid,2026-05-21T08:00:00
BKG-00249,FAR-249,TR-049,Embu,completed,Soil management,48517.92,paid,2026-05-22T09:00:00
BKG-00250,FAR-250,TR-050,Kiambu,pending,Land preparation,9772.73,pending,2026-05-23T10:00:00
BKG-00251,FAR-251,TR-051,Machakos,cancelled,Planting,30472.8,void,2026-05-24T11:00:00
BKG-00252,FAR-252,TR-052,Nakuru,completed,Weeding,33458.5,pending,2026-05-25T12:00:00
BKG-00253,FAR-253,TR-053,Nairobi,completed,Harvesting,36798.9,paid,2026-05-26T13:00:00
BKG-00254,FAR-254,TR-054,Embu,completed,Soil management,14182.64,paid,2026-05-27T14:00:00
BKG-00255,FAR-255,TR-055,Kiambu,completed,Land preparation,23469.82,paid,2026-05-28T15:00:00
BKG-00256,FAR-256,TR-056,Machakos,pending,Planting,38909.01,pending,2026-05-29T16:00:00
BKG-00257,FAR-257,TR-057,Nakuru,cancelled,Weeding,44163.94,void,2026-05-30T17:00:00
BKG-00258,FAR-258,TR-058,Nairobi,completed,Harvesting,16860.35,paid,2026-05-31T18:00:00
BKG-00259,FAR-259,TR-059,Embu,completed,Soil management,20941.94,paid,2026-06-01T19:00:00
BKG-00260,FAR-260,TR-060,Kiambu,completed,Land preparation,19113.56,pending,2026-06-02T20:00:00
BKG-00261,FAR-261,TR-061,Machakos,completed,Planting,37352.75,paid,2026-06-03T21:00:00
BKG-00262,FAR-262,TR-062,Nakuru,pending,Weeding,47439.18,pending,2026-06-04T22:00:00
BKG-00263,FAR-263,TR-063,Nairobi,cancelled,Harvesting,13718.45,void,2026-06-05T23:00:00
BKG-00264,FAR-264,TR-064,Embu,completed,Soil management,40104.17,paid,2026-06-06T00:00:00
BKG-00265,FAR-265,TR-065,Kiambu,completed,Land preparation,52901.37,paid,2026-06-07T01:00:00
BKG-00266,FAR-266,TR-066,Machakos,completed,Planting,30902.15,pending,2026-06-08T02:00:00
BKG-00267,FAR-267,TR-067,Nakuru,completed,Weeding,34976.66,pending,2026-06-09T03:00:00
BKG-00268,FAR-268,TR-068,Nairobi,pending,Harvesting,28159.84,pending,2026-06-10T04:00:00
BKG-00269,FAR-269,TR-069,Embu,cancelled,Soil management,24289.12,void,2026-06-11T05:00:00
BKG-00270,FAR-270,TR-070,Kiambu,completed,Land preparation,25510.33,paid,2026-06-12T06:00:00
BKG-00271,FAR-271,TR-071,Machakos,completed,Planting,29220.64,paid,2026-06-13T07:00:00
BKG-00272,FAR-272,TR-072,Nakuru,completed,Weeding,11904.95,paid,2026-06-14T08:00:00
BKG-00273,FAR-273,TR-073,Nairobi,completed,Harvesting,45560.95,pending,2026-06-15T09:00:00
BKG-00274,FAR-274,TR-074,Embu,pending,Soil management,22231.7,pending,2026-06-16T10:00:00
BKG-00275,FAR-275,TR-075,Kiambu,cancelled,Land preparation,12929.61,void,2026-06-17T11:00:00
BKG-00276,FAR-276,TR-076,Machakos,completed,Planting,40500.71,paid,2026-06-18T12:00:00
BKG-00277,FAR-277,TR-077,Nakuru,completed,Weeding,36676.71,paid,2026-06-19T13:00:00
BKG-00278,FAR-278,TR-078,Nairobi,completed,Harvesting,48984.6,paid,2026-06-20T14:00:00
BKG-00279,FAR-279,TR-079,Embu,completed,Soil management,9533.35,pending,2026-06-21T15:00:00
BKG-00280,FAR-280,TR-080,Kiambu,pending,Land preparation,53493.23,pending,2026-06-22T16:00:00
BKG-00281,FAR-281,TR-081,Machakos,cancelled,Planting,39995.09,void,2026-06-23T17:00:00
BKG-00282,FAR-282,TR-082,Nakuru,completed,Weeding,26205.42,paid,2026-06-24T18:00:00
BKG-00283,FAR-283,TR-083,Nairobi,completed,Harvesting,30346.2,paid,2026-06-25T19:00:00
BKG-00284,FAR-284,TR-084,Embu,completed,Soil management,29314.55,paid,2026-06-26T20:00:00
BKG-00285,FAR-285,TR-085,Kiambu,completed,Land preparation,21398.73,paid,2026-06-27T21:00:00
BKG-00286,FAR-286,TR-086,Machakos,pending,Planting,27009.78,pending,2026-06-28T22:00:00
BKG-00287,FAR-287,TR-087,Nakuru,cancelled,Weeding,36753.94,void,2026-06-29T23:00:00
BKG-00288,FAR-288,TR-088,Nairobi,completed,Harvesting,20475.7,paid,2026-06-30T00:00:00
BKG-00289,FAR-289,TR-089,Embu,completed,Soil management,50698.71,paid,2026-07-01T01:00:00
BKG-00290,FAR-290,TR-090,Kiambu,completed,Land preparation,39821.26,paid,2026-07-02T02:00:00
BKG-00291,FAR-291,TR-091,Machakos,completed,Planting,12319.25,paid,2026-07-03T03:00:00
BKG-00292,FAR-292,TR-092,Nakuru,pending,Weeding,44760.97,pending,2026-07-04T04:00:00
BKG-00293,FAR-293,TR-093,Nairobi,cancelled,Harvesting,46879.46,void,2026-07-05T05:00:00
BKG-00294,FAR-294,TR-094,Embu,completed,Soil management,15717.64,paid,2026-07-06T06:00:00
BKG-00295,FAR-295,TR-095,Kiambu,completed,Land preparation,32287.45,paid,2026-07-07T07:00:00
BKG-00296,FAR-296,TR-096,Machakos,completed,Planting,21413.31,paid,2026-07-08T08:00:00
BKG-00297,FAR-297,TR-097,Nakuru,completed,Weeding,45078.15,pending,2026-07-09T09:00:00
BKG-00298,FAR-298,TR-098,Nairobi,pending,Harvesting,49134.72,pending,2026-07-10T10:00:00
BKG-00299,FAR-299,TR-099,Embu,cancelled,Soil management,14151.69,void,2026-07-11T11:00:00
BKG-00300,FAR-300,TR-100,Kiambu,completed,Land preparation,53384.67,paid,2026-07-12T12:00:00
BKG-00301,FAR-301,TR-001,Machakos,completed,Planting,26562.27,paid,2026-07-13T13:00:00
BKG-00302,FAR-302,TR-002,Nakuru,completed,Weeding,52318.3,paid,2026-07-14T14:00:00
BKG-00303,FAR-303,TR-003,Nairobi,completed,Harvesting,28917.26,paid,2026-07-15T15:00:00
BKG-00304,FAR-304,TR-004,Embu,pending,Soil management,48381.6,pending,2026-07-16T16:00:00
BKG-00305,FAR-305,TR-005,Kiambu,cancelled,Land preparation,32624.84,void,2026-07-17T17:00:00
BKG-00306,FAR-306,TR-006,Machakos,completed,Planting,48637.15,paid,2026-07-18T18:00:00
BKG-00307,FAR-307,TR-007,Nakuru,completed,Weeding,23848.99,paid,2026-07-19T19:00:00
BKG-00308,FAR-308,TR-008,Nairobi,completed,Harvesting,40616.92,pending,2026-07-20T20:00:00
BKG-00309,FAR-309,TR-009,Embu,completed,Soil management,49416.04,pending,2026-07-21T21:00:00
BKG-00310,FAR-310,TR-010,Kiambu,pending,Land preparation,52946.24,pending,2026-07-22T22:00:00
BKG-00311,FAR-311,TR-011,Machakos,cancelled,Planting,20075.8,void,2026-07-23T23:00:00
BKG-00312,FAR-312,TR-012,Nakuru,completed,Weeding,17464.08,paid,2026-07-24T00:00:00
BKG-00313,FAR-313,TR-013,Nairobi,completed,Harvesting,12368.06,paid,2026-07-25T01:00:00
BKG-00314,FAR-314,TR-014,Embu,completed,Soil management,25641.25,paid,2026-07-26T02:00:00
BKG-00315,FAR-315,TR-015,Kiambu,completed,Land preparation,23453.68,pending,2026-07-27T03:00:00
BKG-00316,FAR-316,TR-016,Machakos,pending,Planting,21593.37,pending,2026-07-28T04:00:00
BKG-00317,FAR-317,TR-017,Nakuru,cancelled,Weeding,40924.55,void,2026-07-29T05:00:00
BKG-00318,FAR-318,TR-018,Nairobi,completed,Harvesting,49594.19,paid,2026-07-30T06:00:00
BKG-00319,FAR-319,TR-019,Embu,completed,Soil management,34983.32,paid,2026-07-31T07:00:00
BKG-00320,FAR-320,TR-020,Kiambu,completed,Land preparation,15857.19,paid,2026-08-01T08:00:00
BKG-00321,FAR-321,TR-021,Machakos,completed,Planting,28720.77,paid,2026-08-02T09:00:00
BKG-00322,FAR-322,TR-022,Nakuru,pending,Weeding,31279.43,pending,2026-08-03T10:00:00
BKG-00323,FAR-323,TR-023,Nairobi,cancelled,Harvesting,14646.14,void,2026-08-04T11:00:00
BKG-00324,FAR-324,TR-024,Embu,completed,Soil management,52998.99,paid,2026-08-05T12:00:00
BKG-00325,FAR-325,TR-025,Kiambu,completed,Land preparation,47750.98,paid,2026-08-06T13:00:00
BKG-00326,FAR-326,TR-026,Machakos,completed,Planting,44060.36,paid,2026-08-07T14:00:00
BKG-00327,FAR-327,TR-027,Nakuru,completed,Weeding,39759.01,paid,2026-08-08T15:00:00
BKG-00328,FAR-328,TR-028,Nairobi,pending,Harvesting,48138.3,pending,2026-08-09T16:00:00
BKG-00329,FAR-329,TR-029,Embu,cancelled,Soil management,23309.23,void,2026-08-10T17:00:00
BKG-00330,FAR-330,TR-030,Kiambu,completed,Land preparation,23128.58,paid,2026-08-11T18:00:00
BKG-00331,FAR-331,TR-031,Machakos,completed,Planting,52696.1,paid,2026-08-12T19:00:00
BKG-00332,FAR-332,TR-032,Nakuru,completed,Weeding,18876.15,paid,2026-08-13T20:00:00
BKG-00333,FAR-333,TR-033,Nairobi,completed,Harvesting,51556.5,paid,2026-08-14T21:00:00
BKG-00334,FAR-334,TR-034,Embu,pending,Soil management,11834.19,pending,2026-08-15T22:00:00
BKG-00335,FAR-335,TR-035,Kiambu,cancelled,Land preparation,50412.34,void,2026-08-16T23:00:00
BKG-00336,FAR-336,TR-036,Machakos,completed,Planting,36030.59,paid,2026-08-17T00:00:00
BKG-00337,FAR-337,TR-037,Nakuru,completed,Weeding,39145.34,paid,2026-08-18T01:00:00
BKG-00338,FAR-338,TR-038,Nairobi,completed,Harvesting,47561.39,paid,2026-08-19T02:00:00
BKG-00339,FAR-339,TR-039,Embu,completed,Soil management,46455.39,paid,2026-08-20T03:00:00
BKG-00340,FAR-340,TR-040,Kiambu,pending,Land preparation,40863.15,pending,2026-08-21T04:00:00
BKG-00341,FAR-341,TR-041,Machakos,cancelled,Planting,16378.94,void,2026-08-22T05:00:00
BKG-00342,FAR-342,TR-042,Nakuru,completed,Weeding,45067.64,paid,2026-08-23T06:00:00
BKG-00343,FAR-343,TR-043,Nairobi,completed,Harvesting,49810.46,pending,2026-08-24T07:00:00
BKG-00344,FAR-344,TR-044,Embu,completed,Soil management,32249.18,paid,2026-08-25T08:00:00
BKG-00345,FAR-345,TR-045,Kiambu,completed,Land preparation,49906.73,paid,2026-08-26T09:00:00
BKG-00346,FAR-346,TR-046,Machakos,pending,Planting,45559.54,pending,2026-08-27T10:00:00
BKG-00347,FAR-347,TR-047,Nakuru,cancelled,Weeding,41849.5,void,2026-08-28T11:00:00
BKG-00348,FAR-348,TR-048,Nairobi,completed,Harvesting,39338.81,pending,2026-08-29T12:00:00
BKG-00349,FAR-349,TR-049,Embu,completed,Soil management,24252.02,pending,2026-08-30T13:00:00
BKG-00350,FAR-350,TR-050,Kiambu,completed,Land preparation,41141.69,paid,2026-08-31T14:00:00
BKG-00351,FAR-351,TR-051,Machakos,completed,Planting,42418.83,paid,2026-09-01T15:00:00
BKG-00352,FAR-352,TR-052,Nakuru,pending,Weeding,32986.15,pending,2026-09-02T16:00:00
BKG-00353,FAR-353,TR-053,Nairobi,cancelled,Harvesting,48370.87,void,2026-09-03T17:00:00
BKG-00354,FAR-354,TR-054,Embu,completed,Soil management,16428.64,paid,2026-09-04T18:00:00
BKG-00355,FAR-355,TR-055,Kiambu,completed,Land preparation,40529.67,paid,2026-09-05T19:00:00
BKG-00356,FAR-356,TR-056,Machakos,completed,Planting,43385.88,paid,2026-09-06T20:00:00
BKG-00357,FAR-357,TR-057,Nakuru,completed,Weeding,49627.8,pending,2026-09-07T21:00:00
BKG-00358,FAR-358,TR-058,Nairobi,pending,Harvesting,16680.94,pending,2026-09-08T22:00:00
BKG-00359,FAR-359,TR-059,Embu,cancelled,Soil management,50398.83,void,2026-09-09T23:00:00
BKG-00360,FAR-360,TR-060,Kiambu,completed,Land preparation,35963.72,paid,2026-09-10T00:00:00
BKG-00361,FAR-361,TR-061,Machakos,completed,Planting,13904.09,paid,2026-09-11T01:00:00
BKG-00362,FAR-362,TR-062,Nakuru,completed,Weeding,30891.32,paid,2026-09-12T02:00:00
BKG-00363,FAR-363,TR-063,Nairobi,completed,Harvesting,10646.35,paid,2026-09-13T03:00:00
BKG-00364,FAR-364,TR-064,Embu,pending,Soil management,26489.51,pending,2026-09-14T04:00:00
BKG-00365,FAR-365,TR-065,Kiambu,cancelled,Land preparation,16595.13,void,2025-09-15T05:00:00
BKG-00366,FAR-366,TR-066,Machakos,completed,Planting,53173.68,paid,2025-09-16T06:00:00
BKG-00367,FAR-367,TR-067,Nakuru,completed,Weeding,18779.13,paid,2025-09-17T07:00:00
BKG-00368,FAR-368,TR-068,Nairobi,completed,Harvesting,17021.73,paid,2025-09-18T08:00:00
BKG-00369,FAR-369,TR-069,Embu,completed,Soil management,28499.09,paid,2025-09-19T09:00:00
BKG-00370,FAR-370,TR-070,Kiambu,pending,Land preparation,52180.83,pending,2025-09-20T10:00:00
BKG-00371,FAR-371,TR-071,Machakos,cancelled,Planting,43160.4,void,2025-09-21T11:00:00
BKG-00372,FAR-372,TR-072,Nakuru,completed,Weeding,9985.54,paid,2025-09-22T12:00:00
BKG-00373,FAR-373,TR-073,Nairobi,completed,Harvesting,17766.89,paid,2025-09-23T13:00:00
BKG-00374,FAR-374,TR-074,Embu,completed,Soil management,21934.74,paid,2025-09-24T14:00:00
BKG-00375,FAR-375,TR-075,Kiambu,completed,Land preparation,16526.13,paid,2025-09-25T15:00:00
BKG-00376,FAR-376,TR-076,Machakos,pending,Planting,45554.04,pending,2025-09-26T16:00:00
BKG-00377,FAR-377,TR-077,Nakuru,cancelled,Weeding,27887.18,void,2025-09-27T17:00:00
BKG-00378,FAR-378,TR-078,Nairobi,completed,Harvesting,50603.75,paid,2025-09-28T18:00:00
BKG-00379,FAR-379,TR-079,Embu,completed,Soil management,29654.5,paid,2025-09-29T19:00:00
BKG-00380,FAR-380,TR-080,Kiambu,completed,Land preparation,42640.65,paid,2025-09-30T20:00:00
BKG-00381,FAR-381,TR-081,Machakos,completed,Planting,14717.4,paid,2025-10-01T21:00:00
BKG-00382,FAR-382,TR-082,Nakuru,pending,Weeding,36771.47,pending,2025-10-02T22:00:00
BKG-00383,FAR-383,TR-083,Nairobi,cancelled,Harvesting,32658.3,void,2025-10-03T23:00:00
BKG-00384,FAR-384,TR-084,Embu,completed,Soil management,52810.47,paid,2025-10-04T00:00:00
BKG-00385,FAR-385,TR-085,Kiambu,completed,Land preparation,51134.1,paid,2025-10-05T01:00:00
BKG-00386,FAR-386,TR-086,Machakos,completed,Planting,26952.7,pending,2025-10-06T02:00:00
BKG-00387,FAR-387,TR-087,Nakuru,completed,Weeding,32336.49,paid,2025-10-07T03:00:00
BKG-00388,FAR-388,TR-088,Nairobi,pending,Harvesting,44542.34,pending,2025-10-08T04:00:00
BKG-00389,FAR-389,TR-089,Embu,cancelled,Soil management,51453.11,void,2025-10-09T05:00:00
BKG-00390,FAR-390,TR-090,Kiambu,completed,Land preparation,37896.18,paid,2025-10-10T06:00:00
BKG-00391,FAR-391,TR-091,Machakos,completed,Planting,15578.32,paid,2025-10-11T07:00:00
BKG-00392,FAR-392,TR-092,Nakuru,completed,Weeding,52716.28,paid,2025-10-12T08:00:00
BKG-00393,FAR-393,TR-093,Nairobi,completed,Harvesting,38004.42,paid,2025-10-13T09:00:00
BKG-00394,FAR-394,TR-094,Embu,pending,Soil management,53176.64,pending,2025-10-14T10:00:00
BKG-00395,FAR-395,TR-095,Kiambu,cancelled,Land preparation,43721.9,void,2025-10-15T11:00:00
BKG-00396,FAR-396,TR-096,Machakos,completed,Planting,53009.23,paid,2025-10-16T12:00:00
BKG-00397,FAR-397,TR-097,Nakuru,completed,Weeding,11980.15,paid,2025-10-17T13:00:00
BKG-00398,FAR-398,TR-098,Nairobi,completed,Harvesting,28570.8,paid,2025-10-18T14:00:00
BKG-00399,FAR-399,TR-099,Embu,completed,Soil management,18405.93,paid,2025-10-19T15:00:00
BKG-00400,FAR-400,TR-100,Kiambu,pending,Land preparation,53477.46,pending,2025-10-20T16:00:00
BKG-00401,FAR-401,TR-001,Machakos,cancelled,Planting,45499.71,void,2025-10-21T17:00:00
BKG-00402,FAR-402,TR-002,Nakuru,completed,Weeding,51995.9,paid,2025-10-22T18:00:00
BKG-00403,FAR-403,TR-003,Nairobi,completed,Harvesting,14287.32,paid,2025-10-23T19:00:00
BKG-00404,FAR-404,TR-004,Embu,completed,Soil management,19495.05,paid,2025-10-24T20:00:00
BKG-00405,FAR-405,TR-005,Kiambu,completed,Land preparation,45623.17,paid,2025-10-25T21:00:00
BKG-00406,FAR-406,TR-006,Machakos,pending,Planting,49351.25,pending,2025-10-26T22:00:00
BKG-00407,FAR-407,TR-007,Nakuru,cancelled,Weeding,45044.68,void,2025-10-27T23:00:00
BKG-00408,FAR-408,TR-008,Nairobi,completed,Harvesting,9757.53,paid,2025-10-28T00:00:00
BKG-00409,FAR-409,TR-009,Embu,completed,Soil management,46509.15,paid,2025-10-29T01:00:00
BKG-00410,FAR-410,TR-010,Kiambu,completed,Land preparation,49125.62,paid,2025-10-30T02:00:00
BKG-00411,FAR-411,TR-011,Machakos,completed,Planting,15293.03,paid,2025-10-31T03:00:00
BKG-00412,FAR-412,TR-012,Nakuru,pending,Weeding,24637.64,pending,2025-11-01T04:00:00
BKG-00413,FAR-413,TR-013,Nairobi,cancelled,Harvesting,36292.5,void,2025-11-02T05:00:00
BKG-00414,FAR-414,TR-014,Embu,completed,Soil management,16347.84,paid,2025-11-03T06:00:00
BKG-00415,FAR-415,TR-015,Kiambu,completed,Land preparation,31317.51,paid,2025-11-04T07:00:00
BKG-00416,FAR-416,TR-016,Machakos,completed,Planting,16832.14,paid,2025-11-05T08:00:00
BKG-00417,FAR-417,TR-017,Nakuru,completed,Weeding,19326.2,paid,2025-11-06T09:00:00
BKG-00418,FAR-418,TR-018,Nairobi,pending,Harvesting,39892.49,pending,2025-11-07T10:00:00
BKG-00419,FAR-419,TR-019,Embu,cancelled,Soil management,27195.87,void,2025-11-08T11:00:00
BKG-00420,FAR-420,TR-020,Kiambu,completed,Land preparation,11903.31,paid,2025-11-09T12:00:00
BKG-00421,FAR-421,TR-021,Machakos,completed,Planting,38256.88,paid,2025-11-10T13:00:00
BKG-00422,FAR-422,TR-022,Nakuru,completed,Weeding,43732.17,paid,2025-11-11T14:00:00
BKG-00423,FAR-423,TR-023,Nairobi,completed,Harvesting,28311.9,pending,2025-11-12T15:00:00
BKG-00424,FAR-424,TR-024,Embu,pending,Soil management,37510.62,pending,2025-11-13T16:00:00
BKG-00425,FAR-425,TR-025,Kiambu,cancelled,Land preparation,53642.96,void,2025-11-14T17:00:00
BKG-00426,FAR-426,TR-026,Machakos,completed,Planting,10686.38,paid,2025-11-15T18:00:00
BKG-00427,FAR-427,TR-027,Nakuru,completed,Weeding,36229.28,paid,2025-11-16T19:00:00
BKG-00428,FAR-428,TR-028,Nairobi,completed,Harvesting,52705.86,paid,2025-11-17T20:00:00
BKG-00429,FAR-429,TR-029,Embu,completed,Soil management,20903.73,paid,2025-11-18T21:00:00
BKG-00430,FAR-430,TR-030,Kiambu,pending,Land preparation,22748.02,pending,2025-11-19T22:00:00
BKG-00431,FAR-431,TR-031,Machakos,cancelled,Planting,33304.35,void,2025-11-20T23:00:00
BKG-00432,FAR-432,TR-032,Nakuru,completed,Weeding,25898.53,paid,2025-11-21T00:00:00
BKG-00433,FAR-433,TR-033,Nairobi,completed,Harvesting,10452.41,paid,2025-11-22T01:00:00
BKG-00434,FAR-434,TR-034,Embu,completed,Soil management,26794.19,paid,2025-11-23T02:00:00
BKG-00435,FAR-435,TR-035,Kiambu,completed,Land preparation,28450.65,paid,2025-11-24T03:00:00
BKG-00436,FAR-436,TR-036,Machakos,pending,Planting,10131.38,pending,2025-11-25T04:00:00
BKG-00437,FAR-437,TR-037,Nakuru,cancelled,Weeding,38281.71,void,2025-11-26T05:00:00
BKG-00438,FAR-438,TR-038,Nairobi,completed,Harvesting,17445.29,paid,2025-11-27T06:00:00
BKG-00439,FAR-439,TR-039,Embu,completed,Soil management,21120.09,paid,2025-11-28T07:00:00
BKG-00440,FAR-440,TR-040,Kiambu,completed,Land preparation,34692.27,pending,2025-11-29T08:00:00
BKG-00441,FAR-441,TR-041,Machakos,completed,Planting,39413.93,paid,2025-11-30T09:00:00
BKG-00442,FAR-442,TR-042,Nakuru,pending,Weeding,47544.23,pending,2025-12-01T10:00:00
BKG-00443,FAR-443,TR-043,Nairobi,cancelled,Harvesting,48052.08,void,2025-12-02T11:00:00
BKG-00444,FAR-444,TR-044,Embu,completed,Soil management,11816.11,pending,2025-12-03T12:00:00
BKG-00445,FAR-445,TR-045,Kiambu,completed,Land preparation,24414.05,paid,2025-12-04T13:00:00
BKG-00446,FAR-446,TR-046,Machakos,completed,Planting,15879.79,paid,2025-12-05T14:00:00
BKG-00447,FAR-447,TR-047,Nakuru,completed,Weeding,53403.42,paid,2025-12-06T15:00:00
BKG-00448,FAR-448,TR-048,Nairobi,pending,Harvesting,42124.01,pending,2025-12-07T16:00:00
BKG-00449,FAR-449,TR-049,Embu,cancelled,Soil management,35972.35,void,2025-12-08T17:00:00
BKG-00450,FAR-450,TR-050,Kiambu,completed,Land preparation,46116.91,paid,2025-12-09T18:00:00
BKG-00451,FAR-451,TR-051,Machakos,completed,Planting,52516.02,paid,2025-12-10T19:00:00
BKG-00452,FAR-452,TR-052,Nakuru,completed,Weeding,22509.71,pending,2025-12-11T20:00:00
BKG-00453,FAR-453,TR-053,Nairobi,completed,Harvesting,48026.21,paid,2025-12-12T21:00:00
BKG-00454,FAR-454,TR-054,Embu,pending,Soil management,13386.6,pending,2025-12-13T22:00:00
BKG-00455,FAR-455,TR-055,Kiambu,cancelled,Land preparation,14613.8,void,2025-12-14T23:00:00
BKG-00456,FAR-456,TR-056,Machakos,completed,Planting,10256.6,paid,2025-12-15T00:00:00
BKG-00457,FAR-457,TR-057,Nakuru,completed,Weeding,16142.25,paid,2025-12-16T01:00:00
BKG-00458,FAR-458,TR-058,Nairobi,completed,Harvesting,45275.18,paid,2025-12-17T02:00:00
BKG-00459,FAR-459,TR-059,Embu,completed,Soil management,29354.81,paid,2025-12-18T03:00:00
BKG-00460,FAR-460,TR-060,Kiambu,pending,Land preparation,46380.9,pending,2025-12-19T04:00:00
BKG-00461,FAR-461,TR-061,Machakos,cancelled,Planting,53811.81,void,2025-12-20T05:00:00
BKG-00462,FAR-462,TR-062,Nakuru,completed,Weeding,41300.85,paid,2025-12-21T06:00:00
BKG-00463,FAR-463,TR-063,Nairobi,completed,Harvesting,31144.58,paid,2025-12-22T07:00:00
BKG-00464,FAR-464,TR-064,Embu,completed,Soil management,51384.67,paid,2025-12-23T08:00:00
BKG-00465,FAR-465,TR-065,Kiambu,completed,Land preparation,32125.96,paid,2025-12-24T09:00:00
BKG-00466,FAR-466,TR-066,Machakos,pending,Planting,17042.32,pending,2025-12-25T10:00:00
BKG-00467,FAR-467,TR-067,Nakuru,cancelled,Weeding,18020.58,void,2025-12-26T11:00:00
BKG-00468,FAR-468,TR-068,Nairobi,completed,Harvesting,21042.91,paid,2025-12-27T12:00:00
BKG-00469,FAR-469,TR-069,Embu,completed,Soil management,35957.0,pending,2025-12-28T13:00:00
BKG-00470,FAR-470,TR-070,Kiambu,completed,Land preparation,20156.49,paid,2025-12-29T14:00:00
BKG-00471,FAR-471,TR-071,Machakos,completed,Planting,22443.15,paid,2025-12-30T15:00:00
BKG-00472,FAR-472,TR-072,Nakuru,pending,Weeding,33464.09,pending,2025-12-31T16:00:00
BKG-00473,FAR-473,TR-073,Nairobi,cancelled,Harvesting,53001.85,void,2026-01-01T17:00:00
BKG-00474,FAR-474,TR-074,Embu,completed,Soil management,40048.56,paid,2026-01-02T18:00:00
BKG-00475,FAR-475,TR-075,Kiambu,completed,Land preparation,26576.58,paid,2026-01-03T19:00:00
BKG-00476,FAR-476,TR-076,Machakos,completed,Planting,26240.89,paid,2026-01-04T20:00:00
BKG-00477,FAR-477,TR-077,Nakuru,completed,Weeding,37985.18,paid,2026-01-05T21:00:00
BKG-00478,FAR-478,TR-078,Nairobi,pending,Harvesting,42666.07,pending,2026-01-06T22:00:00
BKG-00479,FAR-479,TR-079,Embu,cancelled,Soil management,16548.78,void,2026-01-07T23:00:00
BKG-00480,FAR-480,TR-080,Kiambu,completed,Land preparation,18800.33,paid,2026-01-08T00:00:00
BKG-00481,FAR-481,TR-081,Machakos,completed,Planting,12503.91,paid,2026-01-09T01:00:00
BKG-00482,FAR-482,TR-082,Nakuru,completed,Weeding,9065.77,paid,2026-01-10T02:00:00
BKG-00483,FAR-483,TR-083,Nairobi,completed,Harvesting,40790.74,paid,2026-01-11T03:00:00
BKG-00484,FAR-484,TR-084,Embu,pending,Soil management,15104.49,pending,2026-01-12T04:00:00
BKG-00485,FAR-485,TR-085,Kiambu,cancelled,Land preparation,33059.69,void,2026-01-13T05:00:00
BKG-00486,FAR-486,TR-086,Machakos,completed,Planting,19723.8,paid,2026-01-14T06:00:00
BKG-00487,FAR-487,TR-087,Nakuru,completed,Weeding,51379.24,paid,2026-01-15T07:00:00
BKG-00488,FAR-488,TR-088,Nairobi,completed,Harvesting,27102.61,paid,2026-01-16T08:00:00
BKG-00489,FAR-489,TR-089,Embu,completed,Soil management,38768.36,paid,2026-01-17T09:00:00
BKG-00490,FAR-490,TR-090,Kiambu,pending,Land preparation,28884.97,pending,2026-01-18T10:00:00
BKG-00491,FAR-491,TR-091,Machakos,cancelled,Planting,15751.94,void,2026-01-19T11:00:00
BKG-00492,FAR-492,TR-092,Nakuru,completed,Weeding,17303.55,pending,2026-01-20T12:00:00
BKG-00493,FAR-493,TR-093,Nairobi,completed,Harvesting,46785.42,paid,2026-01-21T13:00:00
BKG-00494,FAR-494,TR-094,Embu,completed,Soil management,39326.95,paid,2026-01-22T14:00:00
BKG-00495,FAR-495,TR-095,Kiambu,completed,Land preparation,30044.13,paid,2026-01-23T15:00:00
BKG-00496,FAR-496,TR-096,Machakos,pending,Planting,10326.09,pending,2026-01-24T16:00:00
BKG-00497,FAR-497,TR-097,Nakuru,cancelled,Weeding,37649.6,void,2026-01-25T17:00:00
BKG-00498,FAR-498,TR-098,Nairobi,completed,Harvesting,28619.43,paid,2026-01-26T18:00:00
BKG-00499,FAR-499,TR-099,Embu,completed,Soil management,50105.39,pending,2026-01-27T19:00:00
BKG-00500,FAR-500,TR-100,Kiambu,completed,Land preparation,31185.81,paid,2026-01-28T20:00:00
BKG-00501,FAR-001,TR-001,Machakos,completed,Planting,23469.54,paid,2026-01-29T21:00:00
BKG-00502,FAR-002,TR-002,Nakuru,pending,Weeding,18582.26,pending,2026-01-30T22:00:00
BKG-00503,FAR-003,TR-003,Nairobi,cancelled,Harvesting,50058.72,void,2026-01-31T23:00:00
BKG-00504,FAR-004,TR-004,Embu,completed,Soil management,11502.62,paid,2026-02-01T00:00:00
BKG-00505,FAR-005,TR-005,Kiambu,completed,Land preparation,47394.21,paid,2026-02-02T01:00:00
BKG-00506,FAR-006,TR-006,Machakos,completed,Planting,10719.93,paid,2026-02-03T02:00:00
BKG-00507,FAR-007,TR-007,Nakuru,completed,Weeding,14499.8,paid,2026-02-04T03:00:00
BKG-00508,FAR-008,TR-008,Nairobi,pending,Harvesting,35653.1,pending,2026-02-05T04:00:00
BKG-00509,FAR-009,TR-009,Embu,cancelled,Soil management,30958.28,void,2026-02-06T05:00:00
BKG-00510,FAR-010,TR-010,Kiambu,completed,Land preparation,30698.18,paid,2026-02-07T06:00:00
BKG-00511,FAR-011,TR-011,Machakos,completed,Planting,50275.17,paid,2026-02-08T07:00:00
BKG-00512,FAR-012,TR-012,Nakuru,completed,Weeding,50529.38,paid,2026-02-09T08:00:00
BKG-00513,FAR-013,TR-013,Nairobi,completed,Harvesting,45228.77,paid,2026-02-10T09:00:00
BKG-00514,FAR-014,TR-014,Embu,pending,Soil management,44429.59,pending,2026-02-11T10:00:00
BKG-00515,FAR-015,TR-015,Kiambu,cancelled,Land preparation,41682.97,void,2026-02-12T11:00:00
BKG-00516,FAR-016,TR-016,Machakos,completed,Planting,45839.9,paid,2026-02-13T12:00:00
BKG-00517,FAR-017,TR-017,Nakuru,completed,Weeding,41790.93,paid,2026-02-14T13:00:00
BKG-00518,FAR-018,TR-018,Nairobi,completed,Harvesting,47667.22,paid,2026-02-15T14:00:00
BKG-00519,FAR-019,TR-019,Embu,completed,Soil management,53299.16,pending,2026-02-16T15:00:00
BKG-00520,FAR-020,TR-020,Kiambu,pending,Land preparation,29250.34,pending,2026-02-17T16:00:00
BKG-00521,FAR-021,TR-021,Machakos,cancelled,Planting,12311.04,void,2026-02-18T17:00:00
BKG-00522,FAR-022,TR-022,Nakuru,completed,Weeding,13487.58,pending,2026-02-19T18:00:00
BKG-00523,FAR-023,TR-023,Nairobi,completed,Harvesting,23885.64,pending,2026-02-20T19:00:00
BKG-00524,FAR-024,TR-024,Embu,completed,Soil management,19309.76,paid,2026-02-21T20:00:00
BKG-00525,FAR-025,TR-025,Kiambu,completed,Land preparation,52730.59,pending,2026-02-22T21:00:00
BKG-00526,FAR-026,TR-026,Machakos,pending,Planting,36388.67,pending,2026-02-23T22:00:00
BKG-00527,FAR-027,TR-027,Nakuru,cancelled,Weeding,46719.7,void,2026-02-24T23:00:00
BKG-00528,FAR-028,TR-028,Nairobi,completed,Harvesting,47716.39,paid,2026-02-25T00:00:00
BKG-00529,FAR-029,TR-029,Embu,completed,Soil management,18380.79,paid,2026-02-26T01:00:00
BKG-00530,FAR-030,TR-030,Kiambu,completed,Land preparation,13972.12,paid,2026-02-27T02:00:00
BKG-00531,FAR-031,TR-031,Machakos,completed,Planting,13985.06,paid,2026-02-28T03:00:00
BKG-00532,FAR-032,TR-032,Nakuru,pending,Weeding,10510.7,pending,2026-03-01T04:00:00
BKG-00533,FAR-033,TR-033,Nairobi,cancelled,Harvesting,14304.67,void,2026-03-02T05:00:00
BKG-00534,FAR-034,TR-034,Embu,completed,Soil management,25070.55,paid,2026-03-03T06:00:00
BKG-00535,FAR-035,TR-035,Kiambu,completed,Land preparation,45563.24,paid,2026-03-04T07:00:00
BKG-00536,FAR-036,TR-036,Machakos,completed,Planting,10274.45,paid,2026-03-05T08:00:00
BKG-00537,FAR-037,TR-037,Nakuru,completed,Weeding,24742.42,pending,2026-03-06T09:00:00
BKG-00538,FAR-038,TR-038,Nairobi,pending,Harvesting,41983.69,pending,2026-03-07T10:00:00
BKG-00539,FAR-039,TR-039,Embu,cancelled,Soil management,30700.55,void,2026-03-08T11:00:00
BKG-00540,FAR-040,TR-040,Kiambu,completed,Land preparation,31541.38,paid,2026-03-09T12:00:00
BKG-00541,FAR-041,TR-041,Machakos,completed,Planting,42427.84,paid,2026-03-10T13:00:00
BKG-00542,FAR-042,TR-042,Nakuru,completed,Weeding,26164.47,paid,2026-03-11T14:00:00
BKG-00543,FAR-043,TR-043,Nairobi,completed,Harvesting,18911.7,paid,2026-03-12T15:00:00
BKG-00544,FAR-044,TR-044,Embu,pending,Soil management,48261.98,pending,2026-03-13T16:00:00
BKG-00545,FAR-045,TR-045,Kiambu,cancelled,Land preparation,19508.95,void,2026-03-14T17:00:00
BKG-00546,FAR-046,TR-046,Machakos,completed,Planting,39076.76,paid,2026-03-15T18:00:00
BKG-00547,FAR-047,TR-047,Nakuru,completed,Weeding,23982.32,paid,2026-03-16T19:00:00
BKG-00548,FAR-048,TR-048,Nairobi,completed,Harvesting,17489.95,paid,2026-03-17T20:00:00
BKG-00549,FAR-049,TR-049,Embu,completed,Soil management,18643.16,paid,2026-03-18T21:00:00
BKG-00550,FAR-050,TR-050,Kiambu,pending,Land preparation,29917.02,pending,2026-03-19T22:00:00
BKG-00551,FAR-051,TR-051,Machakos,cancelled,Planting,51900.08,void,2026-03-20T23:00:00
BKG-00552,FAR-052,TR-052,Nakuru,completed,Weeding,25885.48,paid,2026-03-21T00:00:00
BKG-00553,FAR-053,TR-053,Nairobi,completed,Harvesting,35854.34,paid,2026-03-22T01:00:00
BKG-00554,FAR-054,TR-054,Embu,completed,Soil management,20928.96,paid,2026-03-23T02:00:00
BKG-00555,FAR-055,TR-055,Kiambu,completed,Land preparation,14685.13,paid,2026-03-24T03:00:00
BKG-00556,FAR-056,TR-056,Machakos,pending,Planting,19696.33,pending,2026-03-25T04:00:00
BKG-00557,FAR-057,TR-057,Nakuru,cancelled,Weeding,20167.22,void,2026-03-26T05:00:00
BKG-00558,FAR-058,TR-058,Nairobi,completed,Harvesting,41858.49,paid,2026-03-27T06:00:00
BKG-00559,FAR-059,TR-059,Embu,completed,Soil management,10351.06,paid,2026-03-28T07:00:00
BKG-00560,FAR-060,TR-060,Kiambu,completed,Land preparation,46906.88,paid,2026-03-29T08:00:00
BKG-00561,FAR-061,TR-061,Machakos,completed,Planting,20467.96,paid,2026-03-30T09:00:00
BKG-00562,FAR-062,TR-062,Nakuru,pending,Weeding,28059.63,pending,2026-03-31T10:00:00
BKG-00563,FAR-063,TR-063,Nairobi,cancelled,Harvesting,31302.24,void,2026-04-01T11:00:00
BKG-00564,FAR-064,TR-064,Embu,completed,Soil management,18440.7,paid,2026-04-02T12:00:00
BKG-00565,FAR-065,TR-065,Kiambu,completed,Land preparation,46409.39,paid,2026-04-03T13:00:00
BKG-00566,FAR-066,TR-066,Machakos,completed,Planting,41553.16,paid,2026-04-04T14:00:00
BKG-00567,FAR-067,TR-067,Nakuru,completed,Weeding,18960.4,paid,2026-04-05T15:00:00
BKG-00568,FAR-068,TR-068,Nairobi,pending,Harvesting,12541.69,pending,2026-04-06T16:00:00
BKG-00569,FAR-069,TR-069,Embu,cancelled,Soil management,40086.14,void,2026-04-07T17:00:00
BKG-00570,FAR-070,TR-070,Kiambu,completed,Land preparation,19636.49,paid,2026-04-08T18:00:00
BKG-00571,FAR-071,TR-071,Machakos,completed,Planting,18699.49,paid,2026-04-09T19:00:00
BKG-00572,FAR-072,TR-072,Nakuru,completed,Weeding,32730.85,paid,2026-04-10T20:00:00
BKG-00573,FAR-073,TR-073,Nairobi,completed,Harvesting,40775.6,paid,2026-04-11T21:00:00
BKG-00574,FAR-074,TR-074,Embu,pending,Soil management,35620.93,pending,2026-04-12T22:00:00
BKG-00575,FAR-075,TR-075,Kiambu,cancelled,Land preparation,17484.08,void,2026-04-13T23:00:00
BKG-00576,FAR-076,TR-076,Machakos,completed,Planting,11213.6,pending,2026-04-14T00:00:00
BKG-00577,FAR-077,TR-077,Nakuru,completed,Weeding,31826.15,paid,2026-04-15T01:00:00
BKG-00578,FAR-078,TR-078,Nairobi,completed,Harvesting,50450.17,pending,2026-04-16T02:00:00
BKG-00579,FAR-079,TR-079,Embu,completed,Soil management,40448.21,paid,2026-04-17T03:00:00
BKG-00580,FAR-080,TR-080,Kiambu,pending,Land preparation,32664.04,pending,2026-04-18T04:00:00
BKG-00581,FAR-081,TR-081,Machakos,cancelled,Planting,10464.85,void,2026-04-19T05:00:00
BKG-00582,FAR-082,TR-082,Nakuru,completed,Weeding,24926.14,paid,2026-04-20T06:00:00
BKG-00583,FAR-083,TR-083,Nairobi,completed,Harvesting,38980.41,paid,2026-04-21T07:00:00
BKG-00584,FAR-084,TR-084,Embu,completed,Soil management,49406.86,pending,2026-04-22T08:00:00
BKG-00585,FAR-085,TR-085,Kiambu,completed,Land preparation,41197.88,paid,2026-04-23T09:00:00
BKG-00586,FAR-086,TR-086,Machakos,pending,Planting,32536.48,pending,2026-04-24T10:00:00
BKG-00587,FAR-087,TR-087,Nakuru,cancelled,Weeding,15944.54,void,2026-04-25T11:00:00
BKG-00588,FAR-088,TR-088,Nairobi,completed,Harvesting,18086.45,pending,2026-04-26T12:00:00
BKG-00589,FAR-089,TR-089,Embu,completed,Soil management,38908.99,paid,2026-04-27T13:00:00
BKG-00590,FAR-090,TR-090,Kiambu,completed,Land preparation,51429.59,paid,2026-04-28T14:00:00
BKG-00591,FAR-091,TR-091,Machakos,completed,Planting,22736.05,paid,2026-04-29T15:00:00
BKG-00592,FAR-092,TR-092,Nakuru,pending,Weeding,32417.19,pending,2026-04-30T16:00:00
BKG-00593,FAR-093,TR-093,Nairobi,cancelled,Harvesting,25672.8,void,2026-05-01T17:00:00
BKG-00594,FAR-094,TR-094,Embu,completed,Soil management,53489.1,pending,2026-05-02T18:00:00
BKG-00595,FAR-095,TR-095,Kiambu,completed,Land preparation,26128.86,paid,2026-05-03T19:00:00
BKG-00596,FAR-096,TR-096,Machakos,completed,Planting,31226.32,paid,2026-05-04T20:00:00
BKG-00597,FAR-097,TR-097,Nakuru,completed,Weeding,18555.13,pending,2026-05-05T21:00:00
BKG-00598,FAR-098,TR-098,Nairobi,pending,Harvesting,42843.71,pending,2026-05-06T22:00:00
BKG-00599,FAR-099,TR-099,Embu,cancelled,Soil management,20644.1,void,2026-05-07T23:00:00
BKG-00600,FAR-100,TR-100,Kiambu,completed,Land preparation,16885.89,pending,2026-05-08T00:00:00
BKG-00601,FAR-101,TR-001,Machakos,completed,Planting,37919.67,paid,2026-05-09T01:00:00
BKG-00602,FAR-102,TR-002,Nakuru,completed,Weeding,11713.43,paid,2026-05-10T02:00:00
BKG-00603,FAR-103,TR-003,Nairobi,completed,Harvesting,44927.7,paid,2026-05-11T03:00:00
BKG-00604,FAR-104,TR-004,Embu,pending,Soil management,43715.08,pending,2026-05-12T04:00:00
BKG-00605,FAR-105,TR-005,Kiambu,cancelled,Land preparation,37469.92,void,2026-05-13T05:00:00
BKG-00606,FAR-106,TR-006,Machakos,completed,Planting,31165.59,paid,2026-05-14T06:00:00
BKG-00607,FAR-107,TR-007,Nakuru,completed,Weeding,30357.93,paid,2026-05-15T07:00:00
BKG-00608,FAR-108,TR-008,Nairobi,completed,Harvesting,33660.46,paid,2026-05-16T08:00:00
BKG-00609,FAR-109,TR-009,Embu,completed,Soil management,37890.05,paid,2026-05-17T09:00:00
BKG-00610,FAR-110,TR-010,Kiambu,pending,Land preparation,29259.43,pending,2026-05-18T10:00:00
BKG-00611,FAR-111,TR-011,Machakos,cancelled,Planting,53915.33,void,2026-05-19T11:00:00
BKG-00612,FAR-112,TR-012,Nakuru,completed,Weeding,27705.46,pending,2026-05-20T12:00:00
BKG-00613,FAR-113,TR-013,Nairobi,completed,Harvesting,22237.21,paid,2026-05-21T13:00:00
BKG-00614,FAR-114,TR-014,Embu,completed,Soil management,33480.17,paid,2026-05-22T14:00:00
BKG-00615,FAR-115,TR-015,Kiambu,completed,Land preparation,18502.97,paid,2026-05-23T15:00:00
BKG-00616,FAR-116,TR-016,Machakos,pending,Planting,38475.58,pending,2026-05-24T16:00:00
BKG-00617,FAR-117,TR-017,Nakuru,cancelled,Weeding,27118.8,void,2026-05-25T17:00:00
BKG-00618,FAR-118,TR-018,Nairobi,completed,Harvesting,10958.18,paid,2026-05-26T18:00:00
BKG-00619,FAR-119,TR-019,Embu,completed,Soil management,35258.16,paid,2026-05-27T19:00:00
BKG-00620,FAR-120,TR-020,Kiambu,completed,Land preparation,29150.88,paid,2026-05-28T20:00:00
BKG-00621,FAR-121,TR-021,Machakos,completed,Planting,37991.82,paid,2026-05-29T21:00:00
BKG-00622,FAR-122,TR-022,Nakuru,pending,Weeding,27432.04,pending,2026-05-30T22:00:00
BKG-00623,FAR-123,TR-023,Nairobi,cancelled,Harvesting,43634.4,void,2026-05-31T23:00:00
BKG-00624,FAR-124,TR-024,Embu,completed,Soil management,26652.66,paid,2026-06-01T00:00:00
BKG-00625,FAR-125,TR-025,Kiambu,completed,Land preparation,25491.24,paid,2026-06-02T01:00:00
BKG-00626,FAR-126,TR-026,Machakos,completed,Planting,26653.99,paid,2026-06-03T02:00:00
BKG-00627,FAR-127,TR-027,Nakuru,completed,Weeding,33346.93,pending,2026-06-04T03:00:00
BKG-00628,FAR-128,TR-028,Nairobi,pending,Harvesting,36516.14,pending,2026-06-05T04:00:00
BKG-00629,FAR-129,TR-029,Embu,cancelled,Soil management,49949.48,void,2026-06-06T05:00:00
BKG-00630,FAR-130,TR-030,Kiambu,completed,Land preparation,40598.62,paid,2026-06-07T06:00:00
BKG-00631,FAR-131,TR-031,Machakos,completed,Planting,46767.57,paid,2026-06-08T07:00:00
BKG-00632,FAR-132,TR-032,Nakuru,completed,Weeding,29006.3,paid,2026-06-09T08:00:00
BKG-00633,FAR-133,TR-033,Nairobi,completed,Harvesting,22624.61,paid,2026-06-10T09:00:00
BKG-00634,FAR-134,TR-034,Embu,pending,Soil management,13269.65,pending,2026-06-11T10:00:00
BKG-00635,FAR-135,TR-035,Kiambu,cancelled,Land preparation,24703.57,void,2026-06-12T11:00:00
BKG-00636,FAR-136,TR-036,Machakos,completed,Planting,10736.76,paid,2026-06-13T12:00:00
BKG-00637,FAR-137,TR-037,Nakuru,completed,Weeding,47043.63,paid,2026-06-14T13:00:00
BKG-00638,FAR-138,TR-038,Nairobi,completed,Harvesting,31323.18,paid,2026-06-15T14:00:00
BKG-00639,FAR-139,TR-039,Embu,completed,Soil management,41637.59,paid,2026-06-16T15:00:00
BKG-00640,FAR-140,TR-040,Kiambu,pending,Land preparation,23791.23,pending,2026-06-17T16:00:00
BKG-00641,FAR-141,TR-041,Machakos,cancelled,Planting,11066.71,void,2026-06-18T17:00:00
BKG-00642,FAR-142,TR-042,Nakuru,completed,Weeding,19772.89,paid,2026-06-19T18:00:00
BKG-00643,FAR-143,TR-043,Nairobi,completed,Harvesting,13116.45,paid,2026-06-20T19:00:00
BKG-00644,FAR-144,TR-044,Embu,completed,Soil management,53536.97,paid,2026-06-21T20:00:00
BKG-00645,FAR-145,TR-045,Kiambu,completed,Land preparation,18775.57,pending,2026-06-22T21:00:00
BKG-00646,FAR-146,TR-046,Machakos,pending,Planting,47890.06,pending,2026-06-23T22:00:00
BKG-00647,FAR-147,TR-047,Nakuru,cancelled,Weeding,15996.42,void,2026-06-24T23:00:00
BKG-00648,FAR-148,TR-048,Nairobi,completed,Harvesting,45694.81,paid,2026-06-25T00:00:00
BKG-00649,FAR-149,TR-049,Embu,completed,Soil management,36159.69,paid,2026-06-26T01:00:00
BKG-00650,FAR-150,TR-050,Kiambu,completed,Land preparation,19485.62,paid,2026-06-27T02:00:00
BKG-00651,FAR-151,TR-051,Machakos,completed,Planting,10566.22,paid,2026-06-28T03:00:00
BKG-00652,FAR-152,TR-052,Nakuru,pending,Weeding,20174.53,pending,2026-06-29T04:00:00
BKG-00653,FAR-153,TR-053,Nairobi,cancelled,Harvesting,17319.74,void,2026-06-30T05:00:00
BKG-00654,FAR-154,TR-054,Embu,completed,Soil management,47199.15,paid,2026-07-01T06:00:00
BKG-00655,FAR-155,TR-055,Kiambu,completed,Land preparation,52340.7,paid,2026-07-02T07:00:00
BKG-00656,FAR-156,TR-056,Machakos,completed,Planting,22268.28,paid,2026-07-03T08:00:00
BKG-00657,FAR-157,TR-057,Nakuru,completed,Weeding,25555.61,paid,2026-07-04T09:00:00
BKG-00658,FAR-158,TR-058,Nairobi,pending,Harvesting,45711.48,pending,2026-07-05T10:00:00
BKG-00659,FAR-159,TR-059,Embu,cancelled,Soil management,40236.32,void,2026-07-06T11:00:00
BKG-00660,FAR-160,TR-060,Kiambu,completed,Land preparation,48696.96,pending,2026-07-07T12:00:00
BKG-00661,FAR-161,TR-061,Machakos,completed,Planting,12001.38,paid,2026-07-08T13:00:00
BKG-00662,FAR-162,TR-062,Nakuru,completed,Weeding,40196.19,paid,2026-07-09T14:00:00
BKG-00663,FAR-163,TR-063,Nairobi,completed,Harvesting,17041.45,paid,2026-07-10T15:00:00
BKG-00664,FAR-164,TR-064,Embu,pending,Soil management,51216.62,pending,2026-07-11T16:00:00
BKG-00665,FAR-165,TR-065,Kiambu,cancelled,Land preparation,41019.15,void,2026-07-12T17:00:00
BKG-00666,FAR-166,TR-066,Machakos,completed,Planting,26865.97,paid,2026-07-13T18:00:00
BKG-00667,FAR-167,TR-067,Nakuru,completed,Weeding,24517.64,paid,2026-07-14T19:00:00
BKG-00668,FAR-168,TR-068,Nairobi,completed,Harvesting,28730.05,paid,2026-07-15T20:00:00
BKG-00669,FAR-169,TR-069,Embu,completed,Soil management,26828.7,paid,2026-07-16T21:00:00
BKG-00670,FAR-170,TR-070,Kiambu,pending,Land preparation,9398.78,pending,2026-07-17T22:00:00
BKG-00671,FAR-171,TR-071,Machakos,cancelled,Planting,39813.75,void,2026-07-18T23:00:00
BKG-00672,FAR-172,TR-072,Nakuru,completed,Weeding,11683.22,paid,2026-07-19T00:00:00
BKG-00673,FAR-173,TR-073,Nairobi,completed,Harvesting,43689.98,paid,2026-07-20T01:00:00
BKG-00674,FAR-174,TR-074,Embu,completed,Soil management,31269.06,paid,2026-07-21T02:00:00
BKG-00675,FAR-175,TR-075,Kiambu,completed,Land preparation,40876.27,paid,2026-07-22T03:00:00
BKG-00676,FAR-176,TR-076,Machakos,pending,Planting,30945.59,pending,2026-07-23T04:00:00
BKG-00677,FAR-177,TR-077,Nakuru,cancelled,Weeding,40085.04,void,2026-07-24T05:00:00
BKG-00678,FAR-178,TR-078,Nairobi,completed,Harvesting,9667.41,paid,2026-07-25T06:00:00
BKG-00679,FAR-179,TR-079,Embu,completed,Soil management,13745.55,paid,2026-07-26T07:00:00
BKG-00680,FAR-180,TR-080,Kiambu,completed,Land preparation,51465.37,paid,2026-07-27T08:00:00
BKG-00681,FAR-181,TR-081,Machakos,completed,Planting,48352.84,paid,2026-07-28T09:00:00
BKG-00682,FAR-182,TR-082,Nakuru,pending,Weeding,37445.85,pending,2026-07-29T10:00:00
BKG-00683,FAR-183,TR-083,Nairobi,cancelled,Harvesting,15866.78,void,2026-07-30T11:00:00
BKG-00684,FAR-184,TR-084,Embu,completed,Soil management,26005.57,paid,2026-07-31T12:00:00
BKG-00685,FAR-185,TR-085,Kiambu,completed,Land preparation,16649.09,paid,2026-08-01T13:00:00
BKG-00686,FAR-186,TR-086,Machakos,completed,Planting,24170.37,paid,2026-08-02T14:00:00
BKG-00687,FAR-187,TR-087,Nakuru,completed,Weeding,50830.79,paid,2026-08-03T15:00:00
BKG-00688,FAR-188,TR-088,Nairobi,pending,Harvesting,48026.04,pending,2026-08-04T16:00:00
BKG-00689,FAR-189,TR-089,Embu,cancelled,Soil management,35089.41,void,2026-08-05T17:00:00
BKG-00690,FAR-190,TR-090,Kiambu,completed,Land preparation,42672.86,paid,2026-08-06T18:00:00
BKG-00691,FAR-191,TR-091,Machakos,completed,Planting,9349.92,paid,2026-08-07T19:00:00
BKG-00692,FAR-192,TR-092,Nakuru,completed,Weeding,25413.02,paid,2026-08-08T20:00:00
BKG-00693,FAR-193,TR-093,Nairobi,completed,Harvesting,48156.02,paid,2026-08-09T21:00:00
BKG-00694,FAR-194,TR-094,Embu,pending,Soil management,45634.65,pending,2026-08-10T22:00:00
BKG-00695,FAR-195,TR-095,Kiambu,cancelled,Land preparation,41651.85,void,2026-08-11T23:00:00
BKG-00696,FAR-196,TR-096,Machakos,completed,Planting,39187.17,paid,2026-08-12T00:00:00
BKG-00697,FAR-197,TR-097,Nakuru,completed,Weeding,11123.16,pending,2026-08-13T01:00:00
BKG-00698,FAR-198,TR-098,Nairobi,completed,Harvesting,51144.64,paid,2026-08-14T02:00:00
BKG-00699,FAR-199,TR-099,Embu,completed,Soil management,17363.36,paid,2026-08-15T03:00:00
BKG-00700,FAR-200,TR-100,Kiambu,pending,Land preparation,15490.69,pending,2026-08-16T04:00:00
BKG-00701,FAR-201,TR-001,Machakos,cancelled,Planting,14435.77,void,2026-08-17T05:00:00
BKG-00702,FAR-202,TR-002,Nakuru,completed,Weeding,40226.53,paid,2026-08-18T06:00:00
BKG-00703,FAR-203,TR-003,Nairobi,completed,Harvesting,19137.23,paid,2026-08-19T07:00:00
BKG-00704,FAR-204,TR-004,Embu,completed,Soil management,45448.64,pending,2026-08-20T08:00:00
BKG-00705,FAR-205,TR-005,Kiambu,completed,Land preparation,37099.65,pending,2026-08-21T09:00:00
BKG-00706,FAR-206,TR-006,Machakos,pending,Planting,35879.04,pending,2026-08-22T10:00:00
BKG-00707,FAR-207,TR-007,Nakuru,cancelled,Weeding,50453.08,void,2026-08-23T11:00:00
BKG-00708,FAR-208,TR-008,Nairobi,completed,Harvesting,33462.68,paid,2026-08-24T12:00:00
BKG-00709,FAR-209,TR-009,Embu,completed,Soil management,13745.73,paid,2026-08-25T13:00:00
BKG-00710,FAR-210,TR-010,Kiambu,completed,Land preparation,27809.53,paid,2026-08-26T14:00:00
BKG-00711,FAR-211,TR-011,Machakos,completed,Planting,23727.33,paid,2026-08-27T15:00:00
BKG-00712,FAR-212,TR-012,Nakuru,pending,Weeding,21020.83,pending,2026-08-28T16:00:00
BKG-00713,FAR-213,TR-013,Nairobi,cancelled,Harvesting,12697.33,void,2026-08-29T17:00:00
BKG-00714,FAR-214,TR-014,Embu,completed,Soil management,41934.85,paid,2026-08-30T18:00:00
BKG-00715,FAR-215,TR-015,Kiambu,completed,Land preparation,20032.42,paid,2026-08-31T19:00:00
BKG-00716,FAR-216,TR-016,Machakos,completed,Planting,53038.56,paid,2026-09-01T20:00:00
BKG-00717,FAR-217,TR-017,Nakuru,completed,Weeding,22640.2,paid,2026-09-02T21:00:00
BKG-00718,FAR-218,TR-018,Nairobi,pending,Harvesting,17582.59,pending,2026-09-03T22:00:00
BKG-00719,FAR-219,TR-019,Embu,cancelled,Soil management,39782.17,void,2026-09-04T23:00:00
BKG-00720,FAR-220,TR-020,Kiambu,completed,Land preparation,29101.8,paid,2026-09-05T00:00:00
BKG-00721,FAR-221,TR-021,Machakos,completed,Planting,36591.1,paid,2026-09-06T01:00:00
BKG-00722,FAR-222,TR-022,Nakuru,completed,Weeding,30627.19,paid,2026-09-07T02:00:00
BKG-00723,FAR-223,TR-023,Nairobi,completed,Harvesting,37007.81,paid,2026-09-08T03:00:00
BKG-00724,FAR-224,TR-024,Embu,pending,Soil management,28169.32,pending,2026-09-09T04:00:00
BKG-00725,FAR-225,TR-025,Kiambu,cancelled,Land preparation,49274.2,void,2026-09-10T05:00:00
BKG-00726,FAR-226,TR-026,Machakos,completed,Planting,16267.13,paid,2026-09-11T06:00:00
BKG-00727,FAR-227,TR-027,Nakuru,completed,Weeding,23204.33,paid,2026-09-12T07:00:00
BKG-00728,FAR-228,TR-028,Nairobi,completed,Harvesting,22019.15,paid,2026-09-13T08:00:00
BKG-00729,FAR-229,TR-029,Embu,completed,Soil management,47792.23,paid,2026-09-14T09:00:00
BKG-00730,FAR-230,TR-030,Kiambu,pending,Land preparation,35313.34,pending,2025-09-15T10:00:00
BKG-00731,FAR-231,TR-031,Machakos,cancelled,Planting,11435.63,void,2025-09-16T11:00:00
BKG-00732,FAR-232,TR-032,Nakuru,completed,Weeding,51678.07,paid,2025-09-17T12:00:00
BKG-00733,FAR-233,TR-033,Nairobi,completed,Harvesting,23065.19,paid,2025-09-18T13:00:00
BKG-00734,FAR-234,TR-034,Embu,completed,Soil management,11030.25,paid,2025-09-19T14:00:00
BKG-00735,FAR-235,TR-035,Kiambu,completed,Land preparation,12566.07,paid,2025-09-20T15:00:00
BKG-00736,FAR-236,TR-036,Machakos,pending,Planting,34260.61,pending,2025-09-21T16:00:00
BKG-00737,FAR-237,TR-037,Nakuru,cancelled,Weeding,23941.53,void,2025-09-22T17:00:00
BKG-00738,FAR-238,TR-038,Nairobi,completed,Harvesting,36413.86,paid,2025-09-23T18:00:00
BKG-00739,FAR-239,TR-039,Embu,completed,Soil management,12591.91,pending,2025-09-24T19:00:00
BKG-00740,FAR-240,TR-040,Kiambu,completed,Land preparation,11536.22,paid,2025-09-25T20:00:00
BKG-00741,FAR-241,TR-041,Machakos,completed,Planting,15776.2,paid,2025-09-26T21:00:00
BKG-00742,FAR-242,TR-042,Nakuru,pending,Weeding,24556.89,pending,2025-09-27T22:00:00
BKG-00743,FAR-243,TR-043,Nairobi,cancelled,Harvesting,16020.22,void,2025-09-28T23:00:00
BKG-00744,FAR-244,TR-044,Embu,completed,Soil management,15838.58,paid,2025-09-29T00:00:00
BKG-00745,FAR-245,TR-045,Kiambu,completed,Land preparation,50047.28,paid,2025-09-30T01:00:00
BKG-00746,FAR-246,TR-046,Machakos,completed,Planting,39461.09,paid,2025-10-01T02:00:00
BKG-00747,FAR-247,TR-047,Nakuru,completed,Weeding,19830.47,pending,2025-10-02T03:00:00
BKG-00748,FAR-248,TR-048,Nairobi,pending,Harvesting,13637.65,pending,2025-10-03T04:00:00
BKG-00749,FAR-249,TR-049,Embu,cancelled,Soil management,20528.74,void,2025-10-04T05:00:00
BKG-00750,FAR-250,TR-050,Kiambu,completed,Land preparation,45541.61,paid,2025-10-05T06:00:00
BKG-00751,FAR-251,TR-051,Machakos,completed,Planting,31554.31,paid,2025-10-06T07:00:00
BKG-00752,FAR-252,TR-052,Nakuru,completed,Weeding,45418.99,paid,2025-10-07T08:00:00
BKG-00753,FAR-253,TR-053,Nairobi,completed,Harvesting,14143.97,paid,2025-10-08T09:00:00
BKG-00754,FAR-254,TR-054,Embu,pending,Soil management,41546.63,pending,2025-10-09T10:00:00
BKG-00755,FAR-255,TR-055,Kiambu,cancelled,Land preparation,18004.7,void,2025-10-10T11:00:00
BKG-00756,FAR-256,TR-056,Machakos,completed,Planting,18428.91,paid,2025-10-11T12:00:00
BKG-00757,FAR-257,TR-057,Nakuru,completed,Weeding,42894.26,paid,2025-10-12T13:00:00
BKG-00758,FAR-258,TR-058,Nairobi,completed,Harvesting,38270.72,paid,2025-10-13T14:00:00
BKG-00759,FAR-259,TR-059,Embu,completed,Soil management,9120.68,paid,2025-10-14T15:00:00
BKG-00760,FAR-260,TR-060,Kiambu,pending,Land preparation,38672.39,pending,2025-10-15T16:00:00
BKG-00761,FAR-261,TR-061,Machakos,cancelled,Planting,35436.28,void,2025-10-16T17:00:00
BKG-00762,FAR-262,TR-062,Nakuru,completed,Weeding,50940.39,pending,2025-10-17T18:00:00
BKG-00763,FAR-263,TR-063,Nairobi,completed,Harvesting,53404.11,paid,2025-10-18T19:00:00
BKG-00764,FAR-264,TR-064,Embu,completed,Soil management,36876.17,paid,2025-10-19T20:00:00
BKG-00765,FAR-265,TR-065,Kiambu,completed,Land preparation,41713.59,paid,2025-10-20T21:00:00
BKG-00766,FAR-266,TR-066,Machakos,pending,Planting,19935.87,pending,2025-10-21T22:00:00
BKG-00767,FAR-267,TR-067,Nakuru,cancelled,Weeding,29974.06,void,2025-10-22T23:00:00
BKG-00768,FAR-268,TR-068,Nairobi,completed,Harvesting,22428.28,paid,2025-10-23T00:00:00
BKG-00769,FAR-269,TR-069,Embu,completed,Soil management,13377.45,paid,2025-10-24T01:00:00
BKG-00770,FAR-270,TR-070,Kiambu,completed,Land preparation,20400.93,paid,2025-10-25T02:00:00
BKG-00771,FAR-271,TR-071,Machakos,completed,Planting,50803.59,paid,2025-10-26T03:00:00
BKG-00772,FAR-272,TR-072,Nakuru,pending,Weeding,42707.25,pending,2025-10-27T04:00:00
BKG-00773,FAR-273,TR-073,Nairobi,cancelled,Harvesting,27446.15,void,2025-10-28T05:00:00
BKG-00774,FAR-274,TR-074,Embu,completed,Soil management,19947.87,pending,2025-10-29T06:00:00
BKG-00775,FAR-275,TR-075,Kiambu,completed,Land preparation,20851.03,paid,2025-10-30T07:00:00
BKG-00776,FAR-276,TR-076,Machakos,completed,Planting,18697.8,paid,2025-10-31T08:00:00
BKG-00777,FAR-277,TR-077,Nakuru,completed,Weeding,49651.77,paid,2025-11-01T09:00:00
BKG-00778,FAR-278,TR-078,Nairobi,pending,Harvesting,40540.98,pending,2025-11-02T10:00:00
BKG-00779,FAR-279,TR-079,Embu,cancelled,Soil management,23157.54,void,2025-11-03T11:00:00
BKG-00780,FAR-280,TR-080,Kiambu,completed,Land preparation,13370.06,pending,2025-11-04T12:00:00
BKG-00781,FAR-281,TR-081,Machakos,completed,Planting,48709.1,paid,2025-11-05T13:00:00
BKG-00782,FAR-282,TR-082,Nakuru,completed,Weeding,17066.24,paid,2025-11-06T14:00:00
BKG-00783,FAR-283,TR-083,Nairobi,completed,Harvesting,36460.33,paid,2025-11-07T15:00:00
BKG-00784,FAR-284,TR-084,Embu,pending,Soil management,31368.7,pending,2025-11-08T16:00:00
BKG-00785,FAR-285,TR-085,Kiambu,cancelled,Land preparation,25648.89,void,2025-11-09T17:00:00
BKG-00786,FAR-286,TR-086,Machakos,completed,Planting,43335.7,paid,2025-11-10T18:00:00
BKG-00787,FAR-287,TR-087,Nakuru,completed,Weeding,46400.29,pending,2025-11-11T19:00:00
BKG-00788,FAR-288,TR-088,Nairobi,completed,Harvesting,28204.95,paid,2025-11-12T20:00:00
BKG-00789,FAR-289,TR-089,Embu,completed,Soil management,15258.15,paid,2025-11-13T21:00:00
BKG-00790,FAR-290,TR-090,Kiambu,pending,Land preparation,43583.69,pending,2025-11-14T22:00:00
BKG-00791,FAR-291,TR-091,Machakos,cancelled,Planting,15690.63,void,2025-11-15T23:00:00
BKG-00792,FAR-292,TR-092,Nakuru,completed,Weeding,27073.28,paid,2025-11-16T00:00:00
BKG-00793,FAR-293,TR-093,Nairobi,completed,Harvesting,27020.11,paid,2025-11-17T01:00:00
BKG-00794,FAR-294,TR-094,Embu,completed,Soil management,28967.24,paid,2025-11-18T02:00:00
BKG-00795,FAR-295,TR-095,Kiambu,completed,Land preparation,32010.19,paid,2025-11-19T03:00:00
BKG-00796,FAR-296,TR-096,Machakos,pending,Planting,32281.12,pending,2025-11-20T04:00:00
BKG-00797,FAR-297,TR-097,Nakuru,cancelled,Weeding,33801.89,void,2025-11-21T05:00:00
BKG-00798,FAR-298,TR-098,Nairobi,completed,Harvesting,18238.77,paid,2025-11-22T06:00:00
BKG-00799,FAR-299,TR-099,Embu,completed,Soil management,45899.51,paid,2025-11-23T07:00:00
BKG-00800,FAR-300,TR-100,Kiambu,completed,Land preparation,52133.86,paid,2025-11-24T08:00:00
BKG-00801,FAR-301,TR-001,Machakos,completed,Planting,30303.87,paid,2025-11-25T09:00:00
BKG-00802,FAR-302,TR-002,Nakuru,pending,Weeding,23878.65,pending,2025-11-26T10:00:00
BKG-00803,FAR-303,TR-003,Nairobi,cancelled,Harvesting,42903.11,void,2025-11-27T11:00:00
BKG-00804,FAR-304,TR-004,Embu,completed,Soil management,20583.12,paid,2025-11-28T12:00:00
BKG-00805,FAR-305,TR-005,Kiambu,completed,Land preparation,14637.94,paid,2025-11-29T13:00:00
BKG-00806,FAR-306,TR-006,Machakos,completed,Planting,28864.52,paid,2025-11-30T14:00:00
BKG-00807,FAR-307,TR-007,Nakuru,completed,Weeding,39179.85,paid,2025-12-01T15:00:00
BKG-00808,FAR-308,TR-008,Nairobi,pending,Harvesting,14128.08,pending,2025-12-02T16:00:00
BKG-00809,FAR-309,TR-009,Embu,cancelled,Soil management,40194.44,void,2025-12-03T17:00:00
BKG-00810,FAR-310,TR-010,Kiambu,completed,Land preparation,15243.65,paid,2025-12-04T18:00:00
BKG-00811,FAR-311,TR-011,Machakos,completed,Planting,26210.7,paid,2025-12-05T19:00:00
BKG-00812,FAR-312,TR-012,Nakuru,completed,Weeding,21609.99,paid,2025-12-06T20:00:00
BKG-00813,FAR-313,TR-013,Nairobi,completed,Harvesting,11941.68,paid,2025-12-07T21:00:00
BKG-00814,FAR-314,TR-014,Embu,pending,Soil management,26053.32,pending,2025-12-08T22:00:00
BKG-00815,FAR-315,TR-015,Kiambu,cancelled,Land preparation,42733.0,void,2025-12-09T23:00:00
BKG-00816,FAR-316,TR-016,Machakos,completed,Planting,38280.37,pending,2025-12-10T00:00:00
BKG-00817,FAR-317,TR-017,Nakuru,completed,Weeding,33604.59,pending,2025-12-11T01:00:00
BKG-00818,FAR-318,TR-018,Nairobi,completed,Harvesting,36534.64,paid,2025-12-12T02:00:00
BKG-00819,FAR-319,TR-019,Embu,completed,Soil management,24118.78,paid,2025-12-13T03:00:00
BKG-00820,FAR-320,TR-020,Kiambu,pending,Land preparation,47307.47,pending,2025-12-14T04:00:00
BKG-00821,FAR-321,TR-021,Machakos,cancelled,Planting,31535.69,void,2025-12-15T05:00:00
BKG-00822,FAR-322,TR-022,Nakuru,completed,Weeding,9602.25,paid,2025-12-16T06:00:00
BKG-00823,FAR-323,TR-023,Nairobi,completed,Harvesting,32343.24,paid,2025-12-17T07:00:00
BKG-00824,FAR-324,TR-024,Embu,completed,Soil management,9484.72,paid,2025-12-18T08:00:00
BKG-00825,FAR-325,TR-025,Kiambu,completed,Land preparation,42724.26,paid,2025-12-19T09:00:00
BKG-00826,FAR-326,TR-026,Machakos,pending,Planting,31444.44,pending,2025-12-20T10:00:00
BKG-00827,FAR-327,TR-027,Nakuru,cancelled,Weeding,21615.91,void,2025-12-21T11:00:00
BKG-00828,FAR-328,TR-028,Nairobi,completed,Harvesting,18459.06,paid,2025-12-22T12:00:00
BKG-00829,FAR-329,TR-029,Embu,completed,Soil management,15473.24,paid,2025-12-23T13:00:00
BKG-00830,FAR-330,TR-030,Kiambu,completed,Land preparation,11384.98,paid,2025-12-24T14:00:00
BKG-00831,FAR-331,TR-031,Machakos,completed,Planting,26043.57,paid,2025-12-25T15:00:00
BKG-00832,FAR-332,TR-032,Nakuru,pending,Weeding,51476.59,pending,2025-12-26T16:00:00
BKG-00833,FAR-333,TR-033,Nairobi,cancelled,Harvesting,16875.05,void,2025-12-27T17:00:00
BKG-00834,FAR-334,TR-034,Embu,completed,Soil management,20007.02,pending,2025-12-28T18:00:00
BKG-00835,FAR-335,TR-035,Kiambu,completed,Land preparation,52228.58,paid,2025-12-29T19:00:00
BKG-00836,FAR-336,TR-036,Machakos,completed,Planting,46165.93,paid,2025-12-30T20:00:00
BKG-00837,FAR-337,TR-037,Nakuru,completed,Weeding,27537.92,paid,2025-12-31T21:00:00
BKG-00838,FAR-338,TR-038,Nairobi,pending,Harvesting,19569.61,pending,2026-01-01T22:00:00
BKG-00839,FAR-339,TR-039,Embu,cancelled,Soil management,51075.09,void,2026-01-02T23:00:00
BKG-00840,FAR-340,TR-040,Kiambu,completed,Land preparation,50068.55,paid,2026-01-03T00:00:00
BKG-00841,FAR-341,TR-041,Machakos,completed,Planting,46127.56,paid,2026-01-04T01:00:00
BKG-00842,FAR-342,TR-042,Nakuru,completed,Weeding,52128.35,paid,2026-01-05T02:00:00
BKG-00843,FAR-343,TR-043,Nairobi,completed,Harvesting,29409.65,paid,2026-01-06T03:00:00
BKG-00844,FAR-344,TR-044,Embu,pending,Soil management,26006.1,pending,2026-01-07T04:00:00
BKG-00845,FAR-345,TR-045,Kiambu,cancelled,Land preparation,30658.48,void,2026-01-08T05:00:00
BKG-00846,FAR-346,TR-046,Machakos,completed,Planting,36733.86,paid,2026-01-09T06:00:00
BKG-00847,FAR-347,TR-047,Nakuru,completed,Weeding,24346.73,pending,2026-01-10T07:00:00
BKG-00848,FAR-348,TR-048,Nairobi,completed,Harvesting,39499.42,paid,2026-01-11T08:00:00
BKG-00849,FAR-349,TR-049,Embu,completed,Soil management,31498.9,paid,2026-01-12T09:00:00
BKG-00850,FAR-350,TR-050,Kiambu,pending,Land preparation,50368.98,pending,2026-01-13T10:00:00
BKG-00851,FAR-351,TR-051,Machakos,cancelled,Planting,35494.98,void,2026-01-14T11:00:00
BKG-00852,FAR-352,TR-052,Nakuru,completed,Weeding,22805.43,paid,2026-01-15T12:00:00
BKG-00853,FAR-353,TR-053,Nairobi,completed,Harvesting,43885.5,paid,2026-01-16T13:00:00
BKG-00854,FAR-354,TR-054,Embu,completed,Soil management,13623.99,paid,2026-01-17T14:00:00
BKG-00855,FAR-355,TR-055,Kiambu,completed,Land preparation,23917.01,paid,2026-01-18T15:00:00
BKG-00856,FAR-356,TR-056,Machakos,pending,Planting,40741.66,pending,2026-01-19T16:00:00
BKG-00857,FAR-357,TR-057,Nakuru,cancelled,Weeding,46939.61,void,2026-01-20T17:00:00
BKG-00858,FAR-358,TR-058,Nairobi,completed,Harvesting,52525.44,paid,2026-01-21T18:00:00
BKG-00859,FAR-359,TR-059,Embu,completed,Soil management,37440.63,paid,2026-01-22T19:00:00
BKG-00860,FAR-360,TR-060,Kiambu,completed,Land preparation,35512.02,paid,2026-01-23T20:00:00
BKG-00861,FAR-361,TR-061,Machakos,completed,Planting,39506.76,paid,2026-01-24T21:00:00
BKG-00862,FAR-362,TR-062,Nakuru,pending,Weeding,52134.5,pending,2026-01-25T22:00:00
BKG-00863,FAR-363,TR-063,Nairobi,cancelled,Harvesting,32484.97,void,2026-01-26T23:00:00
BKG-00864,FAR-364,TR-064,Embu,completed,Soil management,26316.97,paid,2026-01-27T00:00:00
BKG-00865,FAR-365,TR-065,Kiambu,completed,Land preparation,50891.04,paid,2026-01-28T01:00:00
BKG-00866,FAR-366,TR-066,Machakos,completed,Planting,18109.58,paid,2026-01-29T02:00:00
BKG-00867,FAR-367,TR-067,Nakuru,completed,Weeding,48614.63,pending,2026-01-30T03:00:00
BKG-00868,FAR-368,TR-068,Nairobi,pending,Harvesting,35821.18,pending,2026-01-31T04:00:00
BKG-00869,FAR-369,TR-069,Embu,cancelled,Soil management,48374.32,void,2026-02-01T05:00:00
BKG-00870,FAR-370,TR-070,Kiambu,completed,Land preparation,10384.39,paid,2026-02-02T06:00:00
BKG-00871,FAR-371,TR-071,Machakos,completed,Planting,35128.04,paid,2026-02-03T07:00:00
BKG-00872,FAR-372,TR-072,Nakuru,completed,Weeding,51836.1,pending,2026-02-04T08:00:00
BKG-00873,FAR-373,TR-073,Nairobi,completed,Harvesting,16123.17,paid,2026-02-05T09:00:00
BKG-00874,FAR-374,TR-074,Embu,pending,Soil management,31036.75,pending,2026-02-06T10:00:00
BKG-00875,FAR-375,TR-075,Kiambu,cancelled,Land preparation,23823.25,void,2026-02-07T11:00:00
BKG-00876,FAR-376,TR-076,Machakos,completed,Planting,20514.09,pending,2026-02-08T12:00:00
BKG-00877,FAR-377,TR-077,Nakuru,completed,Weeding,18997.95,paid,2026-02-09T13:00:00
BKG-00878,FAR-378,TR-078,Nairobi,completed,Harvesting,35396.65,paid,2026-02-10T14:00:00
BKG-00879,FAR-379,TR-079,Embu,completed,Soil management,50017.08,paid,2026-02-11T15:00:00
BKG-00880,FAR-380,TR-080,Kiambu,pending,Land preparation,53483.7,pending,2026-02-12T16:00:00
BKG-00881,FAR-381,TR-081,Machakos,cancelled,Planting,36432.75,void,2026-02-13T17:00:00
BKG-00882,FAR-382,TR-082,Nakuru,completed,Weeding,21172.6,paid,2026-02-14T18:00:00
BKG-00883,FAR-383,TR-083,Nairobi,completed,Harvesting,41967.04,paid,2026-02-15T19:00:00
BKG-00884,FAR-384,TR-084,Embu,completed,Soil management,45656.3,paid,2026-02-16T20:00:00
BKG-00885,FAR-385,TR-085,Kiambu,completed,Land preparation,20559.78,pending,2026-02-17T21:00:00
BKG-00886,FAR-386,TR-086,Machakos,pending,Planting,20644.16,pending,2026-02-18T22:00:00
BKG-00887,FAR-387,TR-087,Nakuru,cancelled,Weeding,36497.8,void,2026-02-19T23:00:00
BKG-00888,FAR-388,TR-088,Nairobi,completed,Harvesting,36377.05,paid,2026-02-20T00:00:00
BKG-00889,FAR-389,TR-089,Embu,completed,Soil management,14589.74,paid,2026-02-21T01:00:00
BKG-00890,FAR-390,TR-090,Kiambu,completed,Land preparation,22714.88,paid,2026-02-22T02:00:00
BKG-00891,FAR-391,TR-091,Machakos,completed,Planting,18438.57,paid,2026-02-23T03:00:00
BKG-00892,FAR-392,TR-092,Nakuru,pending,Weeding,14998.18,pending,2026-02-24T04:00:00
BKG-00893,FAR-393,TR-093,Nairobi,cancelled,Harvesting,11804.07,void,2026-02-25T05:00:00
BKG-00894,FAR-394,TR-094,Embu,completed,Soil management,34385.15,paid,2026-02-26T06:00:00
BKG-00895,FAR-395,TR-095,Kiambu,completed,Land preparation,39107.08,paid,2026-02-27T07:00:00
BKG-00896,FAR-396,TR-096,Machakos,completed,Planting,37542.72,paid,2026-02-28T08:00:00
BKG-00897,FAR-397,TR-097,Nakuru,completed,Weeding,42267.5,paid,2026-03-01T09:00:00
BKG-00898,FAR-398,TR-098,Nairobi,pending,Harvesting,43667.11,pending,2026-03-02T10:00:00
BKG-00899,FAR-399,TR-099,Embu,cancelled,Soil management,41998.62,void,2026-03-03T11:00:00
BKG-00900,FAR-400,TR-100,Kiambu,completed,Land preparation,34344.81,paid,2026-03-04T12:00:00
BKG-00901,FAR-401,TR-001,Machakos,completed,Planting,23451.74,paid,2026-03-05T13:00:00
BKG-00902,FAR-402,TR-002,Nakuru,completed,Weeding,40580.7,paid,2026-03-06T14:00:00
BKG-00903,FAR-403,TR-003,Nairobi,completed,Harvesting,34228.34,pending,2026-03-07T15:00:00
BKG-00904,FAR-404,TR-004,Embu,pending,Soil management,31100.53,pending,2026-03-08T16:00:00
BKG-00905,FAR-405,TR-005,Kiambu,cancelled,Land preparation,34937.58,void,2026-03-09T17:00:00
BKG-00906,FAR-406,TR-006,Machakos,completed,Planting,31920.08,paid,2026-03-10T18:00:00
BKG-00907,FAR-407,TR-007,Nakuru,completed,Weeding,26284.65,paid,2026-03-11T19:00:00
BKG-00908,FAR-408,TR-008,Nairobi,completed,Harvesting,29393.22,pending,2026-03-12T20:00:00
BKG-00909,FAR-409,TR-009,Embu,completed,Soil management,18994.52,paid,2026-03-13T21:00:00
BKG-00910,FAR-410,TR-010,Kiambu,pending,Land preparation,29880.32,pending,2026-03-14T22:00:00
BKG-00911,FAR-411,TR-011,Machakos,cancelled,Planting,17257.86,void,2026-03-15T23:00:00
BKG-00912,FAR-412,TR-012,Nakuru,completed,Weeding,47393.76,paid,2026-03-16T00:00:00
BKG-00913,FAR-413,TR-013,Nairobi,completed,Harvesting,41274.03,paid,2026-03-17T01:00:00
BKG-00914,FAR-414,TR-014,Embu,completed,Soil management,39696.24,paid,2026-03-18T02:00:00
BKG-00915,FAR-415,TR-015,Kiambu,completed,Land preparation,37535.09,paid,2026-03-19T03:00:00
BKG-00916,FAR-416,TR-016,Machakos,pending,Planting,17398.67,pending,2026-03-20T04:00:00
BKG-00917,FAR-417,TR-017,Nakuru,cancelled,Weeding,14327.03,void,2026-03-21T05:00:00
BKG-00918,FAR-418,TR-018,Nairobi,completed,Harvesting,37649.09,paid,2026-03-22T06:00:00
BKG-00919,FAR-419,TR-019,Embu,completed,Soil management,11724.08,pending,2026-03-23T07:00:00
BKG-00920,FAR-420,TR-020,Kiambu,completed,Land preparation,42767.74,paid,2026-03-24T08:00:00
BKG-00921,FAR-421,TR-021,Machakos,completed,Planting,9290.72,pending,2026-03-25T09:00:00
BKG-00922,FAR-422,TR-022,Nakuru,pending,Weeding,39821.01,pending,2026-03-26T10:00:00
BKG-00923,FAR-423,TR-023,Nairobi,cancelled,Harvesting,53939.3,void,2026-03-27T11:00:00
BKG-00924,FAR-424,TR-024,Embu,completed,Soil management,22745.62,paid,2026-03-28T12:00:00
BKG-00925,FAR-425,TR-025,Kiambu,completed,Land preparation,45808.29,paid,2026-03-29T13:00:00
BKG-00926,FAR-426,TR-026,Machakos,completed,Planting,38180.32,paid,2026-03-30T14:00:00
BKG-00927,FAR-427,TR-027,Nakuru,completed,Weeding,10864.15,paid,2026-03-31T15:00:00
BKG-00928,FAR-428,TR-028,Nairobi,pending,Harvesting,18105.87,pending,2026-04-01T16:00:00
BKG-00929,FAR-429,TR-029,Embu,cancelled,Soil management,17029.4,void,2026-04-02T17:00:00
BKG-00930,FAR-430,TR-030,Kiambu,completed,Land preparation,13137.92,pending,2026-04-03T18:00:00
BKG-00931,FAR-431,TR-031,Machakos,completed,Planting,34289.1,pending,2026-04-04T19:00:00
BKG-00932,FAR-432,TR-032,Nakuru,completed,Weeding,46911.81,paid,2026-04-05T20:00:00
BKG-00933,FAR-433,TR-033,Nairobi,completed,Harvesting,45884.79,paid,2026-04-06T21:00:00
BKG-00934,FAR-434,TR-034,Embu,pending,Soil management,50396.63,pending,2026-04-07T22:00:00
BKG-00935,FAR-435,TR-035,Kiambu,cancelled,Land preparation,13299.45,void,2026-04-08T23:00:00
BKG-00936,FAR-436,TR-036,Machakos,completed,Planting,45573.45,paid,2026-04-09T00:00:00
BKG-00937,FAR-437,TR-037,Nakuru,completed,Weeding,22909.33,pending,2026-04-10T01:00:00
BKG-00938,FAR-438,TR-038,Nairobi,completed,Harvesting,53203.41,paid,2026-04-11T02:00:00
BKG-00939,FAR-439,TR-039,Embu,completed,Soil management,14118.33,paid,2026-04-12T03:00:00
BKG-00940,FAR-440,TR-040,Kiambu,pending,Land preparation,11589.08,pending,2026-04-13T04:00:00
BKG-00941,FAR-441,TR-041,Machakos,cancelled,Planting,27978.67,void,2026-04-14T05:00:00
BKG-00942,FAR-442,TR-042,Nakuru,completed,Weeding,16829.62,paid,2026-04-15T06:00:00
BKG-00943,FAR-443,TR-043,Nairobi,completed,Harvesting,44779.54,paid,2026-04-16T07:00:00
BKG-00944,FAR-444,TR-044,Embu,completed,Soil management,26652.7,paid,2026-04-17T08:00:00
BKG-00945,FAR-445,TR-045,Kiambu,completed,Land preparation,43986.78,paid,2026-04-18T09:00:00
BKG-00946,FAR-446,TR-046,Machakos,pending,Planting,34481.82,pending,2026-04-19T10:00:00
BKG-00947,FAR-447,TR-047,Nakuru,cancelled,Weeding,42000.43,void,2026-04-20T11:00:00
BKG-00948,FAR-448,TR-048,Nairobi,completed,Harvesting,49999.28,paid,2026-04-21T12:00:00
BKG-00949,FAR-449,TR-049,Embu,completed,Soil management,35857.92,paid,2026-04-22T13:00:00
BKG-00950,FAR-450,TR-050,Kiambu,completed,Land preparation,52730.19,paid,2026-04-23T14:00:00
BKG-00951,FAR-451,TR-051,Machakos,completed,Planting,24241.52,paid,2026-04-24T15:00:00
BKG-00952,FAR-452,TR-052,Nakuru,pending,Weeding,27708.83,pending,2026-04-25T16:00:00
BKG-00953,FAR-453,TR-053,Nairobi,cancelled,Harvesting,12901.27,void,2026-04-26T17:00:00
BKG-00954,FAR-454,TR-054,Embu,completed,Soil management,34295.69,paid,2026-04-27T18:00:00
BKG-00955,FAR-455,TR-055,Kiambu,completed,Land preparation,43591.22,paid,2026-04-28T19:00:00
BKG-00956,FAR-456,TR-056,Machakos,completed,Planting,38225.97,paid,2026-04-29T20:00:00
BKG-00957,FAR-457,TR-057,Nakuru,completed,Weeding,26043.79,paid,2026-04-30T21:00:00
BKG-00958,FAR-458,TR-058,Nairobi,pending,Harvesting,18442.18,pending,2026-05-01T22:00:00
BKG-00959,FAR-459,TR-059,Embu,cancelled,Soil management,36740.01,void,2026-05-02T23:00:00
BKG-00960,FAR-460,TR-060,Kiambu,completed,Land preparation,35980.72,paid,2026-05-03T00:00:00
BKG-00961,FAR-461,TR-061,Machakos,completed,Planting,25759.81,paid,2026-05-04T01:00:00
BKG-00962,FAR-462,TR-062,Nakuru,completed,Weeding,42411.7,paid,2026-05-05T02:00:00
BKG-00963,FAR-463,TR-063,Nairobi,completed,Harvesting,50804.37,pending,2026-05-06T03:00:00
BKG-00964,FAR-464,TR-064,Embu,pending,Soil management,12356.8,pending,2026-05-07T04:00:00
BKG-00965,FAR-465,TR-065,Kiambu,cancelled,Land preparation,47909.88,void,2026-05-08T05:00:00
BKG-00966,FAR-466,TR-066,Machakos,completed,Planting,23115.23,paid,2026-05-09T06:00:00
BKG-00967,FAR-467,TR-067,Nakuru,completed,Weeding,44485.07,pending,2026-05-10T07:00:00
BKG-00968,FAR-468,TR-068,Nairobi,completed,Harvesting,45224.46,paid,2026-05-11T08:00:00
BKG-00969,FAR-469,TR-069,Embu,completed,Soil management,18478.93,pending,2026-05-12T09:00:00
BKG-00970,FAR-470,TR-070,Kiambu,pending,Land preparation,33605.05,pending,2026-05-13T10:00:00
BKG-00971,FAR-471,TR-071,Machakos,cancelled,Planting,17106.52,void,2026-05-14T11:00:00
BKG-00972,FAR-472,TR-072,Nakuru,completed,Weeding,15014.68,paid,2026-05-15T12:00:00
BKG-00973,FAR-473,TR-073,Nairobi,completed,Harvesting,52737.5,paid,2026-05-16T13:00:00
BKG-00974,FAR-474,TR-074,Embu,completed,Soil management,18881.37,paid,2026-05-17T14:00:00
BKG-00975,FAR-475,TR-075,Kiambu,completed,Land preparation,35680.29,paid,2026-05-18T15:00:00
BKG-00976,FAR-476,TR-076,Machakos,pending,Planting,19945.95,pending,2026-05-19T16:00:00
BKG-00977,FAR-477,TR-077,Nakuru,cancelled,Weeding,41914.41,void,2026-05-20T17:00:00
BKG-00978,FAR-478,TR-078,Nairobi,completed,Harvesting,15643.56,paid,2026-05-21T18:00:00
BKG-00979,FAR-479,TR-079,Embu,completed,Soil management,38062.11,paid,2026-05-22T19:00:00
BKG-00980,FAR-480,TR-080,Kiambu,completed,Land preparation,11192.29,paid,2026-05-23T20:00:00
BKG-00981,FAR-481,TR-081,Machakos,completed,Planting,35671.84,paid,2026-05-24T21:00:00
BKG-00982,FAR-482,TR-082,Nakuru,pending,Weeding,53918.8,pending,2026-05-25T22:00:00
BKG-00983,FAR-483,TR-083,Nairobi,cancelled,Harvesting,13816.25,void,2026-05-26T23:00:00
BKG-00984,FAR-484,TR-084,Embu,completed,Soil management,27977.96,paid,2026-05-27T00:00:00
BKG-00985,FAR-485,TR-085,Kiambu,completed,Land preparation,36794.06,paid,2026-05-28T01:00:00
BKG-00986,FAR-486,TR-086,Machakos,completed,Planting,12876.25,paid,2026-05-29T02:00:00
BKG-00987,FAR-487,TR-087,Nakuru,completed,Weeding,28975.51,paid,2026-05-30T03:00:00
BKG-00988,FAR-488,TR-088,Nairobi,pending,Harvesting,51918.05,pending,2026-05-31T04:00:00
BKG-00989,FAR-489,TR-089,Embu,cancelled,Soil management,49742.84,void,2026-06-01T05:00:00
BKG-00990,FAR-490,TR-090,Kiambu,completed,Land preparation,19213.79,paid,2026-06-02T06:00:00
BKG-00991,FAR-491,TR-091,Machakos,completed,Planting,14527.95,paid,2026-06-03T07:00:00
BKG-00992,FAR-492,TR-092,Nakuru,completed,Weeding,15398.49,paid,2026-06-04T08:00:00
BKG-00993,FAR-493,TR-093,Nairobi,completed,Harvesting,9360.61,paid,2026-06-05T09:00:00
BKG-00994,FAR-494,TR-094,Embu,pending,Soil management,15052.05,pending,2026-06-06T10:00:00
BKG-00995,FAR-495,TR-095,Kiambu,cancelled,Land preparation,21476.88,void,2026-06-07T11:00:00
BKG-00996,FAR-496,TR-096,Machakos,completed,Planting,19907.32,paid,2026-06-08T12:00:00
BKG-00997,FAR-497,TR-097,Nakuru,completed,Weeding,42759.53,paid,2026-06-09T13:00:00
BKG-00998,FAR-498,TR-098,Nairobi,completed,Harvesting,23092.36,paid,2026-06-10T14:00:00
BKG-00999,FAR-499,TR-099,Embu,completed,Soil management,47436.43,paid,2026-06-11T15:00:00
BKG-01000,FAR-500,TR-100,Kiambu,pending,Land preparation,53105.4,pending,2026-06-12T16:00:00
BKG-01001,FAR-001,TR-001,Machakos,cancelled,Planting,29740.21,void,2026-06-13T17:00:00
BKG-01002,FAR-002,TR-002,Nakuru,completed,Weeding,50496.37,paid,2026-06-14T18:00:00
BKG-01003,FAR-003,TR-003,Nairobi,completed,Harvesting,38022.54,paid,2026-06-15T19:00:00
BKG-01004,FAR-004,TR-004,Embu,completed,Soil management,33087.86,paid,2026-06-16T20:00:00
BKG-01005,FAR-005,TR-005,Kiambu,completed,Land preparation,45790.26,paid,2026-06-17T21:00:00
BKG-01006,FAR-006,TR-006,Machakos,pending,Planting,37073.85,pending,2026-06-18T22:00:00
BKG-01007,FAR-007,TR-007,Nakuru,cancelled,Weeding,35271.46,void,2026-06-19T23:00:00
BKG-01008,FAR-008,TR-008,Nairobi,completed,Harvesting,53281.85,paid,2026-06-20T00:00:00
BKG-01009,FAR-009,TR-009,Embu,completed,Soil management,47815.75,paid,2026-06-21T01:00:00
BKG-01010,FAR-010,TR-010,Kiambu,completed,Land preparation,28959.4,paid,2026-06-22T02:00:00
BKG-01011,FAR-011,TR-011,Machakos,completed,Planting,41241.84,paid,2026-06-23T03:00:00
BKG-01012,FAR-012,TR-012,Nakuru,pending,Weeding,23901.68,pending,2026-06-24T04:00:00
BKG-01013,FAR-013,TR-013,Nairobi,cancelled,Harvesting,53597.0,void,2026-06-25T05:00:00
BKG-01014,FAR-014,TR-014,Embu,completed,Soil management,43847.31,paid,2026-06-26T06:00:00
BKG-01015,FAR-015,TR-015,Kiambu,completed,Land preparation,44012.6,paid,2026-06-27T07:00:00
BKG-01016,FAR-016,TR-016,Machakos,completed,Planting,31926.64,pending,2026-06-28T08:00:00
BKG-01017,FAR-017,TR-017,Nakuru,completed,Weeding,42849.33,paid,2026-06-29T09:00:00
BKG-01018,FAR-018,TR-018,Nairobi,pending,Harvesting,51344.24,pending,2026-06-30T10:00:00
BKG-01019,FAR-019,TR-019,Embu,cancelled,Soil management,22085.27,void,2026-07-01T11:00:00
BKG-01020,FAR-020,TR-020,Kiambu,completed,Land preparation,20570.55,paid,2026-07-02T12:00:00
BKG-01021,FAR-021,TR-021,Machakos,completed,Planting,21606.23,paid,2026-07-03T13:00:00
BKG-01022,FAR-022,TR-022,Nakuru,completed,Weeding,23604.45,paid,2026-07-04T14:00:00
BKG-01023,FAR-023,TR-023,Nairobi,completed,Harvesting,46598.41,paid,2026-07-05T15:00:00
BKG-01024,FAR-024,TR-024,Embu,pending,Soil management,42685.43,pending,2026-07-06T16:00:00
BKG-01025,FAR-025,TR-025,Kiambu,cancelled,Land preparation,37340.67,void,2026-07-07T17:00:00
BKG-01026,FAR-026,TR-026,Machakos,completed,Planting,48625.08,paid,2026-07-08T18:00:00
BKG-01027,FAR-027,TR-027,Nakuru,completed,Weeding,22429.79,pending,2026-07-09T19:00:00
BKG-01028,FAR-028,TR-028,Nairobi,completed,Harvesting,39152.14,paid,2026-07-10T20:00:00
BKG-01029,FAR-029,TR-029,Embu,completed,Soil management,29818.81,paid,2026-07-11T21:00:00
BKG-01030,FAR-030,TR-030,Kiambu,pending,Land preparation,45587.42,pending,2026-07-12T22:00:00
BKG-01031,FAR-031,TR-031,Machakos,cancelled,Planting,22991.92,void,2026-07-13T23:00:00
BKG-01032,FAR-032,TR-032,Nakuru,completed,Weeding,38310.67,paid,2026-07-14T00:00:00
BKG-01033,FAR-033,TR-033,Nairobi,completed,Harvesting,15046.66,paid,2026-07-15T01:00:00
BKG-01034,FAR-034,TR-034,Embu,completed,Soil management,13202.03,paid,2026-07-16T02:00:00
BKG-01035,FAR-035,TR-035,Kiambu,completed,Land preparation,34457.96,paid,2026-07-17T03:00:00
BKG-01036,FAR-036,TR-036,Machakos,pending,Planting,40233.03,pending,2026-07-18T04:00:00
BKG-01037,FAR-037,TR-037,Nakuru,cancelled,Weeding,14884.42,void,2026-07-19T05:00:00
BKG-01038,FAR-038,TR-038,Nairobi,completed,Harvesting,45015.82,paid,2026-07-20T06:00:00
BKG-01039,FAR-039,TR-039,Embu,completed,Soil management,46266.89,paid,2026-07-21T07:00:00
BKG-01040,FAR-040,TR-040,Kiambu,completed,Land preparation,17052.74,paid,2026-07-22T08:00:00
BKG-01041,FAR-041,TR-041,Machakos,completed,Planting,51746.75,paid,2026-07-23T09:00:00
BKG-01042,FAR-042,TR-042,Nakuru,pending,Weeding,42347.15,pending,2026-07-24T10:00:00
BKG-01043,FAR-043,TR-043,Nairobi,cancelled,Harvesting,29797.34,void,2026-07-25T11:00:00
BKG-01044,FAR-044,TR-044,Embu,completed,Soil management,48093.24,paid,2026-07-26T12:00:00
BKG-01045,FAR-045,TR-045,Kiambu,completed,Land preparation,24510.76,paid,2026-07-27T13:00:00
BKG-01046,FAR-046,TR-046,Machakos,completed,Planting,50989.12,pending,2026-07-28T14:00:00
BKG-01047,FAR-047,TR-047,Nakuru,completed,Weeding,29893.13,paid,2026-07-29T15:00:00
BKG-01048,FAR-048,TR-048,Nairobi,pending,Harvesting,22832.48,pending,2026-07-30T16:00:00
BKG-01049,FAR-049,TR-049,Embu,cancelled,Soil management,33424.34,void,2026-07-31T17:00:00
BKG-01050,FAR-050,TR-050,Kiambu,completed,Land preparation,43091.35,paid,2026-08-01T18:00:00
BKG-01051,FAR-051,TR-051,Machakos,completed,Planting,27924.7,paid,2026-08-02T19:00:00
BKG-01052,FAR-052,TR-052,Nakuru,completed,Weeding,26541.13,paid,2026-08-03T20:00:00
BKG-01053,FAR-053,TR-053,Nairobi,completed,Harvesting,37839.62,paid,2026-08-04T21:00:00
BKG-01054,FAR-054,TR-054,Embu,pending,Soil management,10089.92,pending,2026-08-05T22:00:00
BKG-01055,FAR-055,TR-055,Kiambu,cancelled,Land preparation,24659.71,void,2026-08-06T23:00:00
BKG-01056,FAR-056,TR-056,Machakos,completed,Planting,20874.98,paid,2026-08-07T00:00:00
BKG-01057,FAR-057,TR-057,Nakuru,completed,Weeding,38983.96,paid,2026-08-08T01:00:00
BKG-01058,FAR-058,TR-058,Nairobi,completed,Harvesting,29971.06,paid,2026-08-09T02:00:00
BKG-01059,FAR-059,TR-059,Embu,completed,Soil management,24356.91,paid,2026-08-10T03:00:00
BKG-01060,FAR-060,TR-060,Kiambu,pending,Land preparation,17435.96,pending,2026-08-11T04:00:00
BKG-01061,FAR-061,TR-061,Machakos,cancelled,Planting,16556.06,void,2026-08-12T05:00:00
BKG-01062,FAR-062,TR-062,Nakuru,completed,Weeding,38771.4,paid,2026-08-13T06:00:00
BKG-01063,FAR-063,TR-063,Nairobi,completed,Harvesting,24087.33,paid,2026-08-14T07:00:00
BKG-01064,FAR-064,TR-064,Embu,completed,Soil management,24063.64,paid,2026-08-15T08:00:00
BKG-01065,FAR-065,TR-065,Kiambu,completed,Land preparation,32740.94,pending,2026-08-16T09:00:00
BKG-01066,FAR-066,TR-066,Machakos,pending,Planting,53449.36,pending,2026-08-17T10:00:00
BKG-01067,FAR-067,TR-067,Nakuru,cancelled,Weeding,12885.93,void,2026-08-18T11:00:00
BKG-01068,FAR-068,TR-068,Nairobi,completed,Harvesting,18215.1,paid,2026-08-19T12:00:00
BKG-01069,FAR-069,TR-069,Embu,completed,Soil management,32795.33,paid,2026-08-20T13:00:00
BKG-01070,FAR-070,TR-070,Kiambu,completed,Land preparation,19927.06,paid,2026-08-21T14:00:00
BKG-01071,FAR-071,TR-071,Machakos,completed,Planting,37675.33,paid,2026-08-22T15:00:00
BKG-01072,FAR-072,TR-072,Nakuru,pending,Weeding,34373.16,pending,2026-08-23T16:00:00
BKG-01073,FAR-073,TR-073,Nairobi,cancelled,Harvesting,10307.72,void,2026-08-24T17:00:00
BKG-01074,FAR-074,TR-074,Embu,completed,Soil management,35990.51,paid,2026-08-25T18:00:00
BKG-01075,FAR-075,TR-075,Kiambu,completed,Land preparation,40049.95,paid,2026-08-26T19:00:00
BKG-01076,FAR-076,TR-076,Machakos,completed,Planting,50856.47,pending,2026-08-27T20:00:00
BKG-01077,FAR-077,TR-077,Nakuru,completed,Weeding,42439.97,paid,2026-08-28T21:00:00
BKG-01078,FAR-078,TR-078,Nairobi,pending,Harvesting,29516.14,pending,2026-08-29T22:00:00
BKG-01079,FAR-079,TR-079,Embu,cancelled,Soil management,44866.88,void,2026-08-30T23:00:00
BKG-01080,FAR-080,TR-080,Kiambu,completed,Land preparation,27358.01,paid,2026-08-31T00:00:00
BKG-01081,FAR-081,TR-081,Machakos,completed,Planting,19956.29,paid,2026-09-01T01:00:00
BKG-01082,FAR-082,TR-082,Nakuru,completed,Weeding,33002.34,paid,2026-09-02T02:00:00
BKG-01083,FAR-083,TR-083,Nairobi,completed,Harvesting,11924.75,paid,2026-09-03T03:00:00
BKG-01084,FAR-084,TR-084,Embu,pending,Soil management,13833.63,pending,2026-09-04T04:00:00
BKG-01085,FAR-085,TR-085,Kiambu,cancelled,Land preparation,44446.06,void,2026-09-05T05:00:00
BKG-01086,FAR-086,TR-086,Machakos,completed,Planting,36760.96,paid,2026-09-06T06:00:00
BKG-01087,FAR-087,TR-087,Nakuru,completed,Weeding,48438.95,paid,2026-09-07T07:00:00
BKG-01088,FAR-088,TR-088,Nairobi,completed,Harvesting,19071.83,paid,2026-09-08T08:00:00
BKG-01089,FAR-089,TR-089,Embu,completed,Soil management,31420.62,paid,2026-09-09T09:00:00
BKG-01090,FAR-090,TR-090,Kiambu,pending,Land preparation,43153.0,pending,2026-09-10T10:00:00
BKG-01091,FAR-091,TR-091,Machakos,cancelled,Planting,25695.43,void,2026-09-11T11:00:00
BKG-01092,FAR-092,TR-092,Nakuru,completed,Weeding,41200.09,pending,2026-09-12T12:00:00
BKG-01093,FAR-093,TR-093,Nairobi,completed,Harvesting,50408.14,paid,2026-09-13T13:00:00
BKG-01094,FAR-094,TR-094,Embu,completed,Soil management,19861.73,paid,2026-09-14T14:00:00
BKG-01095,FAR-095,TR-095,Kiambu,completed,Land preparation,27264.13,paid,2025-09-15T15:00:00
BKG-01096,FAR-096,TR-096,Machakos,pending,Planting,45933.44,pending,2025-09-16T16:00:00
BKG-01097,FAR-097,TR-097,Nakuru,cancelled,Weeding,48744.35,void,2025-09-17T17:00:00
BKG-01098,FAR-098,TR-098,Nairobi,completed,Harvesting,11832.63,pending,2025-09-18T18:00:00
BKG-01099,FAR-099,TR-099,Embu,completed,Soil management,34677.95,paid,2025-09-19T19:00:00
BKG-01100,FAR-100,TR-100,Kiambu,completed,Land preparation,50693.15,paid,2025-09-20T20:00:00
BKG-01101,FAR-101,TR-001,Machakos,completed,Planting,45160.21,paid,2025-09-21T21:00:00
BKG-01102,FAR-102,TR-002,Nakuru,pending,Weeding,35535.25,pending,2025-09-22T22:00:00
BKG-01103,FAR-103,TR-003,Nairobi,cancelled,Harvesting,37986.2,void,2025-09-23T23:00:00
BKG-01104,FAR-104,TR-004,Embu,completed,Soil management,40194.15,paid,2025-09-24T00:00:00
BKG-01105,FAR-105,TR-005,Kiambu,completed,Land preparation,46225.81,paid,2025-09-25T01:00:00
BKG-01106,FAR-106,TR-006,Machakos,completed,Planting,51629.59,paid,2025-09-26T02:00:00
BKG-01107,FAR-107,TR-007,Nakuru,completed,Weeding,27380.95,paid,2025-09-27T03:00:00
BKG-01108,FAR-108,TR-008,Nairobi,pending,Harvesting,39461.65,pending,2025-09-28T04:00:00
BKG-01109,FAR-109,TR-009,Embu,cancelled,Soil management,33591.87,void,2025-09-29T05:00:00
BKG-01110,FAR-110,TR-010,Kiambu,completed,Land preparation,45377.62,paid,2025-09-30T06:00:00
BKG-01111,FAR-111,TR-011,Machakos,completed,Planting,16027.51,paid,2025-10-01T07:00:00
BKG-01112,FAR-112,TR-012,Nakuru,completed,Weeding,22779.85,paid,2025-10-02T08:00:00
BKG-01113,FAR-113,TR-013,Nairobi,completed,Harvesting,46158.45,paid,2025-10-03T09:00:00
BKG-01114,FAR-114,TR-014,Embu,pending,Soil management,13011.95,pending,2025-10-04T10:00:00
BKG-01115,FAR-115,TR-015,Kiambu,cancelled,Land preparation,36060.12,void,2025-10-05T11:00:00
BKG-01116,FAR-116,TR-016,Machakos,completed,Planting,44938.17,pending,2025-10-06T12:00:00
BKG-01117,FAR-117,TR-017,Nakuru,completed,Weeding,13731.27,paid,2025-10-07T13:00:00
BKG-01118,FAR-118,TR-018,Nairobi,completed,Harvesting,21053.92,pending,2025-10-08T14:00:00
BKG-01119,FAR-119,TR-019,Embu,completed,Soil management,25441.8,paid,2025-10-09T15:00:00
BKG-01120,FAR-120,TR-020,Kiambu,pending,Land preparation,33630.59,pending,2025-10-10T16:00:00
BKG-01121,FAR-121,TR-021,Machakos,cancelled,Planting,52696.82,void,2025-10-11T17:00:00
BKG-01122,FAR-122,TR-022,Nakuru,completed,Weeding,53769.76,paid,2025-10-12T18:00:00
BKG-01123,FAR-123,TR-023,Nairobi,completed,Harvesting,38557.3,paid,2025-10-13T19:00:00
BKG-01124,FAR-124,TR-024,Embu,completed,Soil management,26346.77,pending,2025-10-14T20:00:00
BKG-01125,FAR-125,TR-025,Kiambu,completed,Land preparation,22710.68,pending,2025-10-15T21:00:00
BKG-01126,FAR-126,TR-026,Machakos,pending,Planting,29818.58,pending,2025-10-16T22:00:00
BKG-01127,FAR-127,TR-027,Nakuru,cancelled,Weeding,26865.78,void,2025-10-17T23:00:00
BKG-01128,FAR-128,TR-028,Nairobi,completed,Harvesting,31019.76,paid,2025-10-18T00:00:00
BKG-01129,FAR-129,TR-029,Embu,completed,Soil management,39696.59,paid,2025-10-19T01:00:00
BKG-01130,FAR-130,TR-030,Kiambu,completed,Land preparation,46545.74,paid,2025-10-20T02:00:00
BKG-01131,FAR-131,TR-031,Machakos,completed,Planting,28035.6,pending,2025-10-21T03:00:00
BKG-01132,FAR-132,TR-032,Nakuru,pending,Weeding,35178.33,pending,2025-10-22T04:00:00
BKG-01133,FAR-133,TR-033,Nairobi,cancelled,Harvesting,28772.12,void,2025-10-23T05:00:00
BKG-01134,FAR-134,TR-034,Embu,completed,Soil management,14636.87,paid,2025-10-24T06:00:00
BKG-01135,FAR-135,TR-035,Kiambu,completed,Land preparation,38676.84,paid,2025-10-25T07:00:00
BKG-01136,FAR-136,TR-036,Machakos,completed,Planting,11834.6,paid,2025-10-26T08:00:00
BKG-01137,FAR-137,TR-037,Nakuru,completed,Weeding,17917.48,pending,2025-10-27T09:00:00
BKG-01138,FAR-138,TR-038,Nairobi,pending,Harvesting,19923.61,pending,2025-10-28T10:00:00
BKG-01139,FAR-139,TR-039,Embu,cancelled,Soil management,13873.46,void,2025-10-29T11:00:00
BKG-01140,FAR-140,TR-040,Kiambu,completed,Land preparation,27138.86,paid,2025-10-30T12:00:00
BKG-01141,FAR-141,TR-041,Machakos,completed,Planting,16281.31,paid,2025-10-31T13:00:00
BKG-01142,FAR-142,TR-042,Nakuru,completed,Weeding,29752.69,paid,2025-11-01T14:00:00
BKG-01143,FAR-143,TR-043,Nairobi,completed,Harvesting,28393.71,paid,2025-11-02T15:00:00
BKG-01144,FAR-144,TR-044,Embu,pending,Soil management,39142.38,pending,2025-11-03T16:00:00
BKG-01145,FAR-145,TR-045,Kiambu,cancelled,Land preparation,20284.21,void,2025-11-04T17:00:00
BKG-01146,FAR-146,TR-046,Machakos,completed,Planting,48733.18,paid,2025-11-05T18:00:00
BKG-01147,FAR-147,TR-047,Nakuru,completed,Weeding,37810.67,paid,2025-11-06T19:00:00
BKG-01148,FAR-148,TR-048,Nairobi,completed,Harvesting,45145.78,paid,2025-11-07T20:00:00
BKG-01149,FAR-149,TR-049,Embu,completed,Soil management,47121.34,paid,2025-11-08T21:00:00
BKG-01150,FAR-150,TR-050,Kiambu,pending,Land preparation,32861.53,pending,2025-11-09T22:00:00
BKG-01151,FAR-151,TR-051,Machakos,cancelled,Planting,33613.63,void,2025-11-10T23:00:00
BKG-01152,FAR-152,TR-052,Nakuru,completed,Weeding,45223.74,paid,2025-11-11T00:00:00
BKG-01153,FAR-153,TR-053,Nairobi,completed,Harvesting,30345.91,pending,2025-11-12T01:00:00
BKG-01154,FAR-154,TR-054,Embu,completed,Soil management,16482.3,paid,2025-11-13T02:00:00
BKG-01155,FAR-155,TR-055,Kiambu,completed,Land preparation,29277.61,pending,2025-11-14T03:00:00
BKG-01156,FAR-156,TR-056,Machakos,pending,Planting,10334.89,pending,2025-11-15T04:00:00
BKG-01157,FAR-157,TR-057,Nakuru,cancelled,Weeding,16122.1,void,2025-11-16T05:00:00
BKG-01158,FAR-158,TR-058,Nairobi,completed,Harvesting,35637.37,paid,2025-11-17T06:00:00
BKG-01159,FAR-159,TR-059,Embu,completed,Soil management,28479.72,pending,2025-11-18T07:00:00
BKG-01160,FAR-160,TR-060,Kiambu,completed,Land preparation,28322.04,paid,2025-11-19T08:00:00
BKG-01161,FAR-161,TR-061,Machakos,completed,Planting,28531.08,paid,2025-11-20T09:00:00
BKG-01162,FAR-162,TR-062,Nakuru,pending,Weeding,10793.11,pending,2025-11-21T10:00:00
BKG-01163,FAR-163,TR-063,Nairobi,cancelled,Harvesting,10693.54,void,2025-11-22T11:00:00
BKG-01164,FAR-164,TR-064,Embu,completed,Soil management,46716.89,paid,2025-11-23T12:00:00
BKG-01165,FAR-165,TR-065,Kiambu,completed,Land preparation,14307.93,pending,2025-11-24T13:00:00
BKG-01166,FAR-166,TR-066,Machakos,completed,Planting,42227.15,paid,2025-11-25T14:00:00
BKG-01167,FAR-167,TR-067,Nakuru,completed,Weeding,33868.92,paid,2025-11-26T15:00:00
BKG-01168,FAR-168,TR-068,Nairobi,pending,Harvesting,13525.02,pending,2025-11-27T16:00:00
BKG-01169,FAR-169,TR-069,Embu,cancelled,Soil management,13518.46,void,2025-11-28T17:00:00
BKG-01170,FAR-170,TR-070,Kiambu,completed,Land preparation,19175.24,paid,2025-11-29T18:00:00
BKG-01171,FAR-171,TR-071,Machakos,completed,Planting,36306.54,paid,2025-11-30T19:00:00
BKG-01172,FAR-172,TR-072,Nakuru,completed,Weeding,31153.12,paid,2025-12-01T20:00:00
BKG-01173,FAR-173,TR-073,Nairobi,completed,Harvesting,11596.83,paid,2025-12-02T21:00:00
BKG-01174,FAR-174,TR-074,Embu,pending,Soil management,21161.72,pending,2025-12-03T22:00:00
BKG-01175,FAR-175,TR-075,Kiambu,cancelled,Land preparation,17943.45,void,2025-12-04T23:00:00
BKG-01176,FAR-176,TR-076,Machakos,completed,Planting,19058.56,paid,2025-12-05T00:00:00
BKG-01177,FAR-177,TR-077,Nakuru,completed,Weeding,24728.74,paid,2025-12-06T01:00:00
BKG-01178,FAR-178,TR-078,Nairobi,completed,Harvesting,44442.45,paid,2025-12-07T02:00:00
BKG-01179,FAR-179,TR-079,Embu,completed,Soil management,42102.97,paid,2025-12-08T03:00:00
BKG-01180,FAR-180,TR-080,Kiambu,pending,Land preparation,53696.27,pending,2025-12-09T04:00:00
BKG-01181,FAR-181,TR-081,Machakos,cancelled,Planting,31277.96,void,2025-12-10T05:00:00
BKG-01182,FAR-182,TR-082,Nakuru,completed,Weeding,39159.3,paid,2025-12-11T06:00:00
BKG-01183,FAR-183,TR-083,Nairobi,completed,Harvesting,32742.85,paid,2025-12-12T07:00:00
BKG-01184,FAR-184,TR-084,Embu,completed,Soil management,40322.89,pending,2025-12-13T08:00:00
BKG-01185,FAR-185,TR-085,Kiambu,completed,Land preparation,10801.3,paid,2025-12-14T09:00:00
BKG-01186,FAR-186,TR-086,Machakos,pending,Planting,52198.93,pending,2025-12-15T10:00:00
BKG-01187,FAR-187,TR-087,Nakuru,cancelled,Weeding,47734.19,void,2025-12-16T11:00:00
BKG-01188,FAR-188,TR-088,Nairobi,completed,Harvesting,34331.06,paid,2025-12-17T12:00:00
BKG-01189,FAR-189,TR-089,Embu,completed,Soil management,19103.15,pending,2025-12-18T13:00:00
BKG-01190,FAR-190,TR-090,Kiambu,completed,Land preparation,11601.35,paid,2025-12-19T14:00:00
BKG-01191,FAR-191,TR-091,Machakos,completed,Planting,40756.18,paid,2025-12-20T15:00:00
BKG-01192,FAR-192,TR-092,Nakuru,pending,Weeding,50519.02,pending,2025-12-21T16:00:00
BKG-01193,FAR-193,TR-093,Nairobi,cancelled,Harvesting,13243.73,void,2025-12-22T17:00:00
BKG-01194,FAR-194,TR-094,Embu,completed,Soil management,13203.73,paid,2025-12-23T18:00:00
BKG-01195,FAR-195,TR-095,Kiambu,completed,Land preparation,29708.72,paid,2025-12-24T19:00:00
BKG-01196,FAR-196,TR-096,Machakos,completed,Planting,12752.4,paid,2025-12-25T20:00:00
BKG-01197,FAR-197,TR-097,Nakuru,completed,Weeding,37334.8,pending,2025-12-26T21:00:00
BKG-01198,FAR-198,TR-098,Nairobi,pending,Harvesting,46786.41,pending,2025-12-27T22:00:00
BKG-01199,FAR-199,TR-099,Embu,cancelled,Soil management,33439.25,void,2025-12-28T23:00:00
BKG-01200,FAR-200,TR-100,Kiambu,completed,Land preparation,48593.27,paid,2025-12-29T00:00:00
BKG-01201,FAR-201,TR-001,Machakos,completed,Planting,34236.08,paid,2025-12-30T01:00:00
BKG-01202,FAR-202,TR-002,Nakuru,completed,Weeding,43444.15,paid,2025-12-31T02:00:00
BKG-01203,FAR-203,TR-003,Nairobi,completed,Harvesting,33086.25,paid,2026-01-01T03:00:00
BKG-01204,FAR-204,TR-004,Embu,pending,Soil management,35786.61,pending,2026-01-02T04:00:00
BKG-01205,FAR-205,TR-005,Kiambu,cancelled,Land preparation,20137.42,void,2026-01-03T05:00:00
BKG-01206,FAR-206,TR-006,Machakos,completed,Planting,28530.18,paid,2026-01-04T06:00:00
BKG-01207,FAR-207,TR-007,Nakuru,completed,Weeding,53798.35,paid,2026-01-05T07:00:00
BKG-01208,FAR-208,TR-008,Nairobi,completed,Harvesting,52114.77,paid,2026-01-06T08:00:00
BKG-01209,FAR-209,TR-009,Embu,completed,Soil management,15777.29,paid,2026-01-07T09:00:00
BKG-01210,FAR-210,TR-010,Kiambu,pending,Land preparation,25382.53,pending,2026-01-08T10:00:00
BKG-01211,FAR-211,TR-011,Machakos,cancelled,Planting,9456.58,void,2026-01-09T11:00:00
BKG-01212,FAR-212,TR-012,Nakuru,completed,Weeding,10927.77,paid,2026-01-10T12:00:00
BKG-01213,FAR-213,TR-013,Nairobi,completed,Harvesting,38416.92,paid,2026-01-11T13:00:00
BKG-01214,FAR-214,TR-014,Embu,completed,Soil management,13091.81,pending,2026-01-12T14:00:00
BKG-01215,FAR-215,TR-015,Kiambu,completed,Land preparation,16520.34,paid,2026-01-13T15:00:00
BKG-01216,FAR-216,TR-016,Machakos,pending,Planting,51285.37,pending,2026-01-14T16:00:00
BKG-01217,FAR-217,TR-017,Nakuru,cancelled,Weeding,44931.02,void,2026-01-15T17:00:00
BKG-01218,FAR-218,TR-018,Nairobi,completed,Harvesting,47332.19,paid,2026-01-16T18:00:00
BKG-01219,FAR-219,TR-019,Embu,completed,Soil management,29939.78,paid,2026-01-17T19:00:00
BKG-01220,FAR-220,TR-020,Kiambu,completed,Land preparation,28720.61,paid,2026-01-18T20:00:00
BKG-01221,FAR-221,TR-021,Machakos,completed,Planting,16248.81,paid,2026-01-19T21:00:00
BKG-01222,FAR-222,TR-022,Nakuru,pending,Weeding,14158.29,pending,2026-01-20T22:00:00
BKG-01223,FAR-223,TR-023,Nairobi,cancelled,Harvesting,24250.13,void,2026-01-21T23:00:00
BKG-01224,FAR-224,TR-024,Embu,completed,Soil management,42688.79,pending,2026-01-22T00:00:00
BKG-01225,FAR-225,TR-025,Kiambu,completed,Land preparation,12356.97,paid,2026-01-23T01:00:00
BKG-01226,FAR-226,TR-026,Machakos,completed,Planting,41937.44,paid,2026-01-24T02:00:00
BKG-01227,FAR-227,TR-027,Nakuru,completed,Weeding,27752.39,pending,2026-01-25T03:00:00
BKG-01228,FAR-228,TR-028,Nairobi,pending,Harvesting,36813.41,pending,2026-01-26T04:00:00
BKG-01229,FAR-229,TR-029,Embu,cancelled,Soil management,17790.43,void,2026-01-27T05:00:00
BKG-01230,FAR-230,TR-030,Kiambu,completed,Land preparation,53154.3,paid,2026-01-28T06:00:00
BKG-01231,FAR-231,TR-031,Machakos,completed,Planting,20099.97,paid,2026-01-29T07:00:00
BKG-01232,FAR-232,TR-032,Nakuru,completed,Weeding,19229.98,paid,2026-01-30T08:00:00
BKG-01233,FAR-233,TR-033,Nairobi,completed,Harvesting,30584.71,paid,2026-01-31T09:00:00
BKG-01234,FAR-234,TR-034,Embu,pending,Soil management,18566.47,pending,2026-02-01T10:00:00
BKG-01235,FAR-235,TR-035,Kiambu,cancelled,Land preparation,9533.85,void,2026-02-02T11:00:00
BKG-01236,FAR-236,TR-036,Machakos,completed,Planting,49976.84,paid,2026-02-03T12:00:00
BKG-01237,FAR-237,TR-037,Nakuru,completed,Weeding,37950.48,paid,2026-02-04T13:00:00
BKG-01238,FAR-238,TR-038,Nairobi,completed,Harvesting,23439.64,paid,2026-02-05T14:00:00
BKG-01239,FAR-239,TR-039,Embu,completed,Soil management,15804.91,paid,2026-02-06T15:00:00
BKG-01240,FAR-240,TR-040,Kiambu,pending,Land preparation,19253.64,pending,2026-02-07T16:00:00
BKG-01241,FAR-241,TR-041,Machakos,cancelled,Planting,45433.9,void,2026-02-08T17:00:00
BKG-01242,FAR-242,TR-042,Nakuru,completed,Weeding,37258.78,paid,2026-02-09T18:00:00
BKG-01243,FAR-243,TR-043,Nairobi,completed,Harvesting,14100.72,paid,2026-02-10T19:00:00
BKG-01244,FAR-244,TR-044,Embu,completed,Soil management,50195.66,paid,2026-02-11T20:00:00
BKG-01245,FAR-245,TR-045,Kiambu,completed,Land preparation,42903.27,paid,2026-02-12T21:00:00
BKG-01246,FAR-246,TR-046,Machakos,pending,Planting,31940.87,pending,2026-02-13T22:00:00
BKG-01247,FAR-247,TR-047,Nakuru,cancelled,Weeding,24551.92,void,2026-02-14T23:00:00
BKG-01248,FAR-248,TR-048,Nairobi,completed,Harvesting,34767.99,paid,2026-02-15T00:00:00
BKG-01249,FAR-249,TR-049,Embu,completed,Soil management,15069.16,paid,2026-02-16T01:00:00
BKG-01250,FAR-250,TR-050,Kiambu,completed,Land preparation,31433.75,paid,2026-02-17T02:00:00
BKG-01251,FAR-251,TR-051,Machakos,completed,Planting,37410.41,pending,2026-02-18T03:00:00
BKG-01252,FAR-252,TR-052,Nakuru,pending,Weeding,31150.65,pending,2026-02-19T04:00:00
BKG-01253,FAR-253,TR-053,Nairobi,cancelled,Harvesting,11262.59,void,2026-02-20T05:00:00
BKG-01254,FAR-254,TR-054,Embu,completed,Soil management,10758.88,paid,2026-02-21T06:00:00
BKG-01255,FAR-255,TR-055,Kiambu,completed,Land preparation,20234.69,paid,2026-02-22T07:00:00
BKG-01256,FAR-256,TR-056,Machakos,completed,Planting,41659.85,paid,2026-02-23T08:00:00
BKG-01257,FAR-257,TR-057,Nakuru,completed,Weeding,13912.89,paid,2026-02-24T09:00:00
BKG-01258,FAR-258,TR-058,Nairobi,pending,Harvesting,45726.28,pending,2026-02-25T10:00:00
BKG-01259,FAR-259,TR-059,Embu,cancelled,Soil management,21777.97,void,2026-02-26T11:00:00
BKG-01260,FAR-260,TR-060,Kiambu,completed,Land preparation,10000.55,paid,2026-02-27T12:00:00
BKG-01261,FAR-261,TR-061,Machakos,completed,Planting,50700.02,pending,2026-02-28T13:00:00
BKG-01262,FAR-262,TR-062,Nakuru,completed,Weeding,47034.99,paid,2026-03-01T14:00:00
BKG-01263,FAR-263,TR-063,Nairobi,completed,Harvesting,34679.94,pending,2026-03-02T15:00:00
BKG-01264,FAR-264,TR-064,Embu,pending,Soil management,17595.15,pending,2026-03-03T16:00:00
BKG-01265,FAR-265,TR-065,Kiambu,cancelled,Land preparation,36582.65,void,2026-03-04T17:00:00
BKG-01266,FAR-266,TR-066,Machakos,completed,Planting,12701.6,paid,2026-03-05T18:00:00
BKG-01267,FAR-267,TR-067,Nakuru,completed,Weeding,12994.35,paid,2026-03-06T19:00:00
BKG-01268,FAR-268,TR-068,Nairobi,completed,Harvesting,11675.27,paid,2026-03-07T20:00:00
BKG-01269,FAR-269,TR-069,Embu,completed,Soil management,52227.76,paid,2026-03-08T21:00:00
BKG-01270,FAR-270,TR-070,Kiambu,pending,Land preparation,43427.32,pending,2026-03-09T22:00:00
BKG-01271,FAR-271,TR-071,Machakos,cancelled,Planting,37824.84,void,2026-03-10T23:00:00
BKG-01272,FAR-272,TR-072,Nakuru,completed,Weeding,53916.73,paid,2026-03-11T00:00:00
BKG-01273,FAR-273,TR-073,Nairobi,completed,Harvesting,11501.48,pending,2026-03-12T01:00:00
BKG-01274,FAR-274,TR-074,Embu,completed,Soil management,16680.3,paid,2026-03-13T02:00:00
BKG-01275,FAR-275,TR-075,Kiambu,completed,Land preparation,45159.9,paid,2026-03-14T03:00:00
BKG-01276,FAR-276,TR-076,Machakos,pending,Planting,22516.9,pending,2026-03-15T04:00:00
BKG-01277,FAR-277,TR-077,Nakuru,cancelled,Weeding,30135.63,void,2026-03-16T05:00:00
BKG-01278,FAR-278,TR-078,Nairobi,completed,Harvesting,20203.18,paid,2026-03-17T06:00:00
BKG-01279,FAR-279,TR-079,Embu,completed,Soil management,41458.23,paid,2026-03-18T07:00:00
BKG-01280,FAR-280,TR-080,Kiambu,completed,Land preparation,19435.71,paid,2026-03-19T08:00:00
BKG-01281,FAR-281,TR-081,Machakos,completed,Planting,52912.29,paid,2026-03-20T09:00:00
BKG-01282,FAR-282,TR-082,Nakuru,pending,Weeding,12577.31,pending,2026-03-21T10:00:00
BKG-01283,FAR-283,TR-083,Nairobi,cancelled,Harvesting,31578.21,void,2026-03-22T11:00:00
BKG-01284,FAR-284,TR-084,Embu,completed,Soil management,13018.27,paid,2026-03-23T12:00:00
BKG-01285,FAR-285,TR-085,Kiambu,completed,Land preparation,41408.53,paid,2026-03-24T13:00:00
BKG-01286,FAR-286,TR-086,Machakos,completed,Planting,38909.05,paid,2026-03-25T14:00:00
BKG-01287,FAR-287,TR-087,Nakuru,completed,Weeding,28745.0,paid,2026-03-26T15:00:00
BKG-01288,FAR-288,TR-088,Nairobi,pending,Harvesting,30667.43,pending,2026-03-27T16:00:00
BKG-01289,FAR-289,TR-089,Embu,cancelled,Soil management,21751.07,void,2026-03-28T17:00:00
BKG-01290,FAR-290,TR-090,Kiambu,completed,Land preparation,24068.13,paid,2026-03-29T18:00:00
BKG-01291,FAR-291,TR-091,Machakos,completed,Planting,49353.71,paid,2026-03-30T19:00:00
BKG-01292,FAR-292,TR-092,Nakuru,completed,Weeding,44789.76,paid,2026-03-31T20:00:00
BKG-01293,FAR-293,TR-093,Nairobi,completed,Harvesting,22097.41,paid,2026-04-01T21:00:00
BKG-01294,FAR-294,TR-094,Embu,pending,Soil management,50111.17,pending,2026-04-02T22:00:00
BKG-01295,FAR-295,TR-095,Kiambu,cancelled,Land preparation,18239.96,void,2026-04-03T23:00:00
BKG-01296,FAR-296,TR-096,Machakos,completed,Planting,47893.51,paid,2026-04-04T00:00:00
BKG-01297,FAR-297,TR-097,Nakuru,completed,Weeding,46331.26,paid,2026-04-05T01:00:00
BKG-01298,FAR-298,TR-098,Nairobi,completed,Harvesting,38809.44,paid,2026-04-06T02:00:00
BKG-01299,FAR-299,TR-099,Embu,completed,Soil management,37770.66,pending,2026-04-07T03:00:00
BKG-01300,FAR-300,TR-100,Kiambu,pending,Land preparation,45214.48,pending,2026-04-08T04:00:00
BKG-01301,FAR-301,TR-001,Machakos,cancelled,Planting,31051.59,void,2026-04-09T05:00:00
BKG-01302,FAR-302,TR-002,Nakuru,completed,Weeding,21052.63,paid,2026-04-10T06:00:00
BKG-01303,FAR-303,TR-003,Nairobi,completed,Harvesting,33850.44,paid,2026-04-11T07:00:00
BKG-01304,FAR-304,TR-004,Embu,completed,Soil management,15350.19,paid,2026-04-12T08:00:00
BKG-01305,FAR-305,TR-005,Kiambu,completed,Land preparation,24862.8,paid,2026-04-13T09:00:00
BKG-01306,FAR-306,TR-006,Machakos,pending,Planting,34905.15,pending,2026-04-14T10:00:00
BKG-01307,FAR-307,TR-007,Nakuru,cancelled,Weeding,38890.98,void,2026-04-15T11:00:00
BKG-01308,FAR-308,TR-008,Nairobi,completed,Harvesting,14561.15,paid,2026-04-16T12:00:00
BKG-01309,FAR-309,TR-009,Embu,completed,Soil management,11321.37,paid,2026-04-17T13:00:00
BKG-01310,FAR-310,TR-010,Kiambu,completed,Land preparation,42101.02,paid,2026-04-18T14:00:00
BKG-01311,FAR-311,TR-011,Machakos,completed,Planting,10677.69,paid,2026-04-19T15:00:00
BKG-01312,FAR-312,TR-012,Nakuru,pending,Weeding,43141.71,pending,2026-04-20T16:00:00
BKG-01313,FAR-313,TR-013,Nairobi,cancelled,Harvesting,39432.94,void,2026-04-21T17:00:00
BKG-01314,FAR-314,TR-014,Embu,completed,Soil management,50734.78,paid,2026-04-22T18:00:00
BKG-01315,FAR-315,TR-015,Kiambu,completed,Land preparation,49349.98,paid,2026-04-23T19:00:00
BKG-01316,FAR-316,TR-016,Machakos,completed,Planting,30652.58,paid,2026-04-24T20:00:00
BKG-01317,FAR-317,TR-017,Nakuru,completed,Weeding,49083.05,paid,2026-04-25T21:00:00
BKG-01318,FAR-318,TR-018,Nairobi,pending,Harvesting,29385.78,pending,2026-04-26T22:00:00
BKG-01319,FAR-319,TR-019,Embu,cancelled,Soil management,34275.31,void,2026-04-27T23:00:00
BKG-01320,FAR-320,TR-020,Kiambu,completed,Land preparation,53116.37,paid,2026-04-28T00:00:00
BKG-01321,FAR-321,TR-021,Machakos,completed,Planting,44835.85,paid,2026-04-29T01:00:00
BKG-01322,FAR-322,TR-022,Nakuru,completed,Weeding,31571.38,paid,2026-04-30T02:00:00
BKG-01323,FAR-323,TR-023,Nairobi,completed,Harvesting,42975.93,paid,2026-05-01T03:00:00
BKG-01324,FAR-324,TR-024,Embu,pending,Soil management,42113.51,pending,2026-05-02T04:00:00
BKG-01325,FAR-325,TR-025,Kiambu,cancelled,Land preparation,47536.28,void,2026-05-03T05:00:00
BKG-01326,FAR-326,TR-026,Machakos,completed,Planting,39523.75,paid,2026-05-04T06:00:00
BKG-01327,FAR-327,TR-027,Nakuru,completed,Weeding,33302.35,pending,2026-05-05T07:00:00
BKG-01328,FAR-328,TR-028,Nairobi,completed,Harvesting,19627.88,paid,2026-05-06T08:00:00
BKG-01329,FAR-329,TR-029,Embu,completed,Soil management,46338.15,paid,2026-05-07T09:00:00
BKG-01330,FAR-330,TR-030,Kiambu,pending,Land preparation,12173.14,pending,2026-05-08T10:00:00
BKG-01331,FAR-331,TR-031,Machakos,cancelled,Planting,19888.29,void,2026-05-09T11:00:00
BKG-01332,FAR-332,TR-032,Nakuru,completed,Weeding,13779.18,paid,2026-05-10T12:00:00
BKG-01333,FAR-333,TR-033,Nairobi,completed,Harvesting,49788.69,paid,2026-05-11T13:00:00
BKG-01334,FAR-334,TR-034,Embu,completed,Soil management,23791.69,pending,2026-05-12T14:00:00
BKG-01335,FAR-335,TR-035,Kiambu,completed,Land preparation,32166.87,paid,2026-05-13T15:00:00
BKG-01336,FAR-336,TR-036,Machakos,pending,Planting,39002.94,pending,2026-05-14T16:00:00
BKG-01337,FAR-337,TR-037,Nakuru,cancelled,Weeding,27251.77,void,2026-05-15T17:00:00
BKG-01338,FAR-338,TR-038,Nairobi,completed,Harvesting,35367.13,paid,2026-05-16T18:00:00
BKG-01339,FAR-339,TR-039,Embu,completed,Soil management,51540.42,paid,2026-05-17T19:00:00
BKG-01340,FAR-340,TR-040,Kiambu,completed,Land preparation,23214.91,paid,2026-05-18T20:00:00
BKG-01341,FAR-341,TR-041,Machakos,completed,Planting,46435.42,paid,2026-05-19T21:00:00
BKG-01342,FAR-342,TR-042,Nakuru,pending,Weeding,48151.1,pending,2026-05-20T22:00:00
BKG-01343,FAR-343,TR-043,Nairobi,cancelled,Harvesting,18789.77,void,2026-05-21T23:00:00
BKG-01344,FAR-344,TR-044,Embu,completed,Soil management,44800.86,paid,2026-05-22T00:00:00
BKG-01345,FAR-345,TR-045,Kiambu,completed,Land preparation,11511.57,paid,2026-05-23T01:00:00
BKG-01346,FAR-346,TR-046,Machakos,completed,Planting,53599.93,paid,2026-05-24T02:00:00
BKG-01347,FAR-347,TR-047,Nakuru,completed,Weeding,31480.93,paid,2026-05-25T03:00:00
BKG-01348,FAR-348,TR-048,Nairobi,pending,Harvesting,52030.83,pending,2026-05-26T04:00:00
BKG-01349,FAR-349,TR-049,Embu,cancelled,Soil management,51774.1,void,2026-05-27T05:00:00
BKG-01350,FAR-350,TR-050,Kiambu,completed,Land preparation,37702.28,paid,2026-05-28T06:00:00
BKG-01351,FAR-351,TR-051,Machakos,completed,Planting,21160.27,paid,2026-05-29T07:00:00
BKG-01352,FAR-352,TR-052,Nakuru,completed,Weeding,24916.49,paid,2026-05-30T08:00:00
BKG-01353,FAR-353,TR-053,Nairobi,completed,Harvesting,27439.5,paid,2026-05-31T09:00:00
BKG-01354,FAR-354,TR-054,Embu,pending,Soil management,36212.97,pending,2026-06-01T10:00:00
BKG-01355,FAR-355,TR-055,Kiambu,cancelled,Land preparation,20790.65,void,2026-06-02T11:00:00
BKG-01356,FAR-356,TR-056,Machakos,completed,Planting,34453.34,pending,2026-06-03T12:00:00
BKG-01357,FAR-357,TR-057,Nakuru,completed,Weeding,26613.1,paid,2026-06-04T13:00:00
BKG-01358,FAR-358,TR-058,Nairobi,completed,Harvesting,35977.52,paid,2026-06-05T14:00:00
BKG-01359,FAR-359,TR-059,Embu,completed,Soil management,44450.5,paid,2026-06-06T15:00:00
BKG-01360,FAR-360,TR-060,Kiambu,pending,Land preparation,52434.15,pending,2026-06-07T16:00:00
BKG-01361,FAR-361,TR-061,Machakos,cancelled,Planting,10378.03,void,2026-06-08T17:00:00
BKG-01362,FAR-362,TR-062,Nakuru,completed,Weeding,42885.68,paid,2026-06-09T18:00:00
BKG-01363,FAR-363,TR-063,Nairobi,completed,Harvesting,17510.2,paid,2026-06-10T19:00:00
BKG-01364,FAR-364,TR-064,Embu,completed,Soil management,47965.85,paid,2026-06-11T20:00:00
BKG-01365,FAR-365,TR-065,Kiambu,completed,Land preparation,12982.78,paid,2026-06-12T21:00:00
BKG-01366,FAR-366,TR-066,Machakos,pending,Planting,37508.8,pending,2026-06-13T22:00:00
BKG-01367,FAR-367,TR-067,Nakuru,cancelled,Weeding,36943.14,void,2026-06-14T23:00:00
BKG-01368,FAR-368,TR-068,Nairobi,completed,Harvesting,38769.71,paid,2026-06-15T00:00:00
BKG-01369,FAR-369,TR-069,Embu,completed,Soil management,15748.53,paid,2026-06-16T01:00:00
BKG-01370,FAR-370,TR-070,Kiambu,completed,Land preparation,11294.68,paid,2026-06-17T02:00:00
BKG-01371,FAR-371,TR-071,Machakos,completed,Planting,44759.99,paid,2026-06-18T03:00:00
BKG-01372,FAR-372,TR-072,Nakuru,pending,Weeding,40624.4,pending,2026-06-19T04:00:00
BKG-01373,FAR-373,TR-073,Nairobi,cancelled,Harvesting,35956.93,void,2026-06-20T05:00:00
BKG-01374,FAR-374,TR-074,Embu,completed,Soil management,21085.95,paid,2026-06-21T06:00:00
BKG-01375,FAR-375,TR-075,Kiambu,completed,Land preparation,28169.69,paid,2026-06-22T07:00:00
BKG-01376,FAR-376,TR-076,Machakos,completed,Planting,34734.01,paid,2026-06-23T08:00:00
BKG-01377,FAR-377,TR-077,Nakuru,completed,Weeding,24231.49,paid,2026-06-24T09:00:00
BKG-01378,FAR-378,TR-078,Nairobi,pending,Harvesting,53589.36,pending,2026-06-25T10:00:00
BKG-01379,FAR-379,TR-079,Embu,cancelled,Soil management,31695.8,void,2026-06-26T11:00:00
BKG-01380,FAR-380,TR-080,Kiambu,completed,Land preparation,36144.29,paid,2026-06-27T12:00:00
BKG-01381,FAR-381,TR-081,Machakos,completed,Planting,19769.08,paid,2026-06-28T13:00:00
BKG-01382,FAR-382,TR-082,Nakuru,completed,Weeding,50410.59,paid,2026-06-29T14:00:00
BKG-01383,FAR-383,TR-083,Nairobi,completed,Harvesting,22565.81,paid,2026-06-30T15:00:00
BKG-01384,FAR-384,TR-084,Embu,pending,Soil management,21922.64,pending,2026-07-01T16:00:00
BKG-01385,FAR-385,TR-085,Kiambu,cancelled,Land preparation,9350.26,void,2026-07-02T17:00:00
BKG-01386,FAR-386,TR-086,Machakos,completed,Planting,25918.35,paid,2026-07-03T18:00:00
BKG-01387,FAR-387,TR-087,Nakuru,completed,Weeding,23361.85,paid,2026-07-04T19:00:00
BKG-01388,FAR-388,TR-088,Nairobi,completed,Harvesting,26452.42,paid,2026-07-05T20:00:00
BKG-01389,FAR-389,TR-089,Embu,completed,Soil management,26333.71,paid,2026-07-06T21:00:00
BKG-01390,FAR-390,TR-090,Kiambu,pending,Land preparation,16561.06,pending,2026-07-07T22:00:00
BKG-01391,FAR-391,TR-091,Machakos,cancelled,Planting,45542.05,void,2026-07-08T23:00:00
BKG-01392,FAR-392,TR-092,Nakuru,completed,Weeding,33311.18,paid,2026-07-09T00:00:00
BKG-01393,FAR-393,TR-093,Nairobi,completed,Harvesting,17609.19,paid,2026-07-10T01:00:00
BKG-01394,FAR-394,TR-094,Embu,completed,Soil management,48651.68,paid,2026-07-11T02:00:00
BKG-01395,FAR-395,TR-095,Kiambu,completed,Land preparation,42968.59,paid,2026-07-12T03:00:00
BKG-01396,FAR-396,TR-096,Machakos,pending,Planting,49852.27,pending,2026-07-13T04:00:00
BKG-01397,FAR-397,TR-097,Nakuru,cancelled,Weeding,19932.29,void,2026-07-14T05:00:00
BKG-01398,FAR-398,TR-098,Nairobi,completed,Harvesting,28943.39,paid,2026-07-15T06:00:00
BKG-01399,FAR-399,TR-099,Embu,completed,Soil management,26032.61,paid,2026-07-16T07:00:00
BKG-01400,FAR-400,TR-100,Kiambu,completed,Land preparation,26316.3,paid,2026-07-17T08:00:00
BKG-01401,FAR-401,TR-001,Machakos,completed,Planting,48459.71,paid,2026-07-18T09:00:00
BKG-01402,FAR-402,TR-002,Nakuru,pending,Weeding,20092.89,pending,2026-07-19T10:00:00
BKG-01403,FAR-403,TR-003,Nairobi,cancelled,Harvesting,42617.11,void,2026-07-20T11:00:00
BKG-01404,FAR-404,TR-004,Embu,completed,Soil management,45463.0,paid,2026-07-21T12:00:00
BKG-01405,FAR-405,TR-005,Kiambu,completed,Land preparation,29198.93,paid,2026-07-22T13:00:00
BKG-01406,FAR-406,TR-006,Machakos,completed,Planting,39550.69,paid,2026-07-23T14:00:00
BKG-01407,FAR-407,TR-007,Nakuru,completed,Weeding,40527.49,paid,2026-07-24T15:00:00
BKG-01408,FAR-408,TR-008,Nairobi,pending,Harvesting,15858.37,pending,2026-07-25T16:00:00
BKG-01409,FAR-409,TR-009,Embu,cancelled,Soil management,36406.24,void,2026-07-26T17:00:00
BKG-01410,FAR-410,TR-010,Kiambu,completed,Land preparation,52428.53,pending,2026-07-27T18:00:00
BKG-01411,FAR-411,TR-011,Machakos,completed,Planting,13692.31,pending,2026-07-28T19:00:00
BKG-01412,FAR-412,TR-012,Nakuru,completed,Weeding,10799.8,paid,2026-07-29T20:00:00
BKG-01413,FAR-413,TR-013,Nairobi,completed,Harvesting,29254.61,paid,2026-07-30T21:00:00
BKG-01414,FAR-414,TR-014,Embu,pending,Soil management,26118.47,pending,2026-07-31T22:00:00
BKG-01415,FAR-415,TR-015,Kiambu,cancelled,Land preparation,20812.02,void,2026-08-01T23:00:00
BKG-01416,FAR-416,TR-016,Machakos,completed,Planting,53281.21,paid,2026-08-02T00:00:00
BKG-01417,FAR-417,TR-017,Nakuru,completed,Weeding,15674.23,paid,2026-08-03T01:00:00
BKG-01418,FAR-418,TR-018,Nairobi,completed,Harvesting,19129.87,paid,2026-08-04T02:00:00
BKG-01419,FAR-419,TR-019,Embu,completed,Soil management,34932.06,paid,2026-08-05T03:00:00
BKG-01420,FAR-420,TR-020,Kiambu,pending,Land preparation,13656.19,pending,2026-08-06T04:00:00
BKG-01421,FAR-421,TR-021,Machakos,cancelled,Planting,33710.44,void,2026-08-07T05:00:00
BKG-01422,FAR-422,TR-022,Nakuru,completed,Weeding,11306.6,paid,2026-08-08T06:00:00
BKG-01423,FAR-423,TR-023,Nairobi,completed,Harvesting,15798.17,paid,2026-08-09T07:00:00
BKG-01424,FAR-424,TR-024,Embu,completed,Soil management,19383.83,paid,2026-08-10T08:00:00
BKG-01425,FAR-425,TR-025,Kiambu,completed,Land preparation,52710.42,paid,2026-08-11T09:00:00
BKG-01426,FAR-426,TR-026,Machakos,pending,Planting,13142.88,pending,2026-08-12T10:00:00
BKG-01427,FAR-427,TR-027,Nakuru,cancelled,Weeding,30934.02,void,2026-08-13T11:00:00
BKG-01428,FAR-428,TR-028,Nairobi,completed,Harvesting,22352.04,paid,2026-08-14T12:00:00
BKG-01429,FAR-429,TR-029,Embu,completed,Soil management,52226.08,paid,2026-08-15T13:00:00
BKG-01430,FAR-430,TR-030,Kiambu,completed,Land preparation,22230.66,pending,2026-08-16T14:00:00
BKG-01431,FAR-431,TR-031,Machakos,completed,Planting,17713.29,paid,2026-08-17T15:00:00
BKG-01432,FAR-432,TR-032,Nakuru,pending,Weeding,39255.51,pending,2026-08-18T16:00:00
BKG-01433,FAR-433,TR-033,Nairobi,cancelled,Harvesting,39383.08,void,2026-08-19T17:00:00
BKG-01434,FAR-434,TR-034,Embu,completed,Soil management,31858.87,paid,2026-08-20T18:00:00
BKG-01435,FAR-435,TR-035,Kiambu,completed,Land preparation,36343.42,paid,2026-08-21T19:00:00
BKG-01436,FAR-436,TR-036,Machakos,completed,Planting,11687.55,paid,2026-08-22T20:00:00
BKG-01437,FAR-437,TR-037,Nakuru,completed,Weeding,19741.62,paid,2026-08-23T21:00:00
BKG-01438,FAR-438,TR-038,Nairobi,pending,Harvesting,45500.84,pending,2026-08-24T22:00:00
BKG-01439,FAR-439,TR-039,Embu,cancelled,Soil management,33563.72,void,2026-08-25T23:00:00
BKG-01440,FAR-440,TR-040,Kiambu,completed,Land preparation,14650.17,paid,2026-08-26T00:00:00
BKG-01441,FAR-441,TR-041,Machakos,completed,Planting,32961.66,paid,2026-08-27T01:00:00
BKG-01442,FAR-442,TR-042,Nakuru,completed,Weeding,18872.76,paid,2026-08-28T02:00:00
BKG-01443,FAR-443,TR-043,Nairobi,completed,Harvesting,12615.64,paid,2026-08-29T03:00:00
BKG-01444,FAR-444,TR-044,Embu,pending,Soil management,28366.32,pending,2026-08-30T04:00:00
BKG-01445,FAR-445,TR-045,Kiambu,cancelled,Land preparation,28997.38,void,2026-08-31T05:00:00
BKG-01446,FAR-446,TR-046,Machakos,completed,Planting,30822.1,paid,2026-09-01T06:00:00
BKG-01447,FAR-447,TR-047,Nakuru,completed,Weeding,50180.89,paid,2026-09-02T07:00:00
BKG-01448,FAR-448,TR-048,Nairobi,completed,Harvesting,19184.02,paid,2026-09-03T08:00:00
BKG-01449,FAR-449,TR-049,Embu,completed,Soil management,49605.77,paid,2026-09-04T09:00:00
BKG-01450,FAR-450,TR-050,Kiambu,pending,Land preparation,27064.41,pending,2026-09-05T10:00:00
BKG-01451,FAR-451,TR-051,Machakos,cancelled,Planting,40167.1,void,2026-09-06T11:00:00
BKG-01452,FAR-452,TR-052,Nakuru,completed,Weeding,31723.1,pending,2026-09-07T12:00:00
BKG-01453,FAR-453,TR-053,Nairobi,completed,Harvesting,24149.99,paid,2026-09-08T13:00:00
BKG-01454,FAR-454,TR-054,Embu,completed,Soil management,28206.77,paid,2026-09-09T14:00:00
BKG-01455,FAR-455,TR-055,Kiambu,completed,Land preparation,28125.85,paid,2026-09-10T15:00:00
BKG-01456,FAR-456,TR-056,Machakos,pending,Planting,9828.63,pending,2026-09-11T16:00:00
BKG-01457,FAR-457,TR-057,Nakuru,cancelled,Weeding,10132.45,void,2026-09-12T17:00:00
BKG-01458,FAR-458,TR-058,Nairobi,completed,Harvesting,27810.77,pending,2026-09-13T18:00:00
BKG-01459,FAR-459,TR-059,Embu,completed,Soil management,24557.75,paid,2026-09-14T19:00:00
BKG-01460,FAR-460,TR-060,Kiambu,completed,Land preparation,29756.3,paid,2025-09-15T20:00:00
BKG-01461,FAR-461,TR-061,Machakos,completed,Planting,14632.38,pending,2025-09-16T21:00:00
BKG-01462,FAR-462,TR-062,Nakuru,pending,Weeding,20025.75,pending,2025-09-17T22:00:00
BKG-01463,FAR-463,TR-063,Nairobi,cancelled,Harvesting,44361.32,void,2025-09-18T23:00:00
BKG-01464,FAR-464,TR-064,Embu,completed,Soil management,21189.54,paid,2025-09-19T00:00:00
BKG-01465,FAR-465,TR-065,Kiambu,completed,Land preparation,35375.48,paid,2025-09-20T01:00:00
BKG-01466,FAR-466,TR-066,Machakos,completed,Planting,11977.67,paid,2025-09-21T02:00:00
BKG-01467,FAR-467,TR-067,Nakuru,completed,Weeding,43846.81,paid,2025-09-22T03:00:00
BKG-01468,FAR-468,TR-068,Nairobi,pending,Harvesting,40389.19,pending,2025-09-23T04:00:00
BKG-01469,FAR-469,TR-069,Embu,cancelled,Soil management,22435.8,void,2025-09-24T05:00:00
BKG-01470,FAR-470,TR-070,Kiambu,completed,Land preparation,26506.31,paid,2025-09-25T06:00:00
BKG-01471,FAR-471,TR-071,Machakos,completed,Planting,43741.93,paid,2025-09-26T07:00:00
BKG-01472,FAR-472,TR-072,Nakuru,completed,Weeding,43868.3,paid,2025-09-27T08:00:00
BKG-01473,FAR-473,TR-073,Nairobi,completed,Harvesting,44216.97,paid,2025-09-28T09:00:00
BKG-01474,FAR-474,TR-074,Embu,pending,Soil management,37806.2,pending,2025-09-29T10:00:00
BKG-01475,FAR-475,TR-075,Kiambu,cancelled,Land preparation,21422.66,void,2025-09-30T11:00:00
BKG-01476,FAR-476,TR-076,Machakos,completed,Planting,20831.4,paid,2025-10-01T12:00:00
BKG-01477,FAR-477,TR-077,Nakuru,completed,Weeding,18133.49,pending,2025-10-02T13:00:00
BKG-01478,FAR-478,TR-078,Nairobi,completed,Harvesting,30467.11,paid,2025-10-03T14:00:00
BKG-01479,FAR-479,TR-079,Embu,completed,Soil management,14759.62,paid,2025-10-04T15:00:00
BKG-01480,FAR-480,TR-080,Kiambu,pending,Land preparation,19248.02,pending,2025-10-05T16:00:00
BKG-01481,FAR-481,TR-081,Machakos,cancelled,Planting,21902.38,void,2025-10-06T17:00:00
BKG-01482,FAR-482,TR-082,Nakuru,completed,Weeding,37606.14,paid,2025-10-07T18:00:00
BKG-01483,FAR-483,TR-083,Nairobi,completed,Harvesting,44142.16,paid,2025-10-08T19:00:00
BKG-01484,FAR-484,TR-084,Embu,completed,Soil management,24170.84,paid,2025-10-09T20:00:00
BKG-01485,FAR-485,TR-085,Kiambu,completed,Land preparation,41446.95,paid,2025-10-10T21:00:00
BKG-01486,FAR-486,TR-086,Machakos,pending,Planting,49359.27,pending,2025-10-11T22:00:00
BKG-01487,FAR-487,TR-087,Nakuru,cancelled,Weeding,14126.78,void,2025-10-12T23:00:00
BKG-01488,FAR-488,TR-088,Nairobi,completed,Harvesting,12100.5,paid,2025-10-13T00:00:00
BKG-01489,FAR-489,TR-089,Embu,completed,Soil management,51407.29,paid,2025-10-14T01:00:00
BKG-01490,FAR-490,TR-090,Kiambu,completed,Land preparation,51513.67,paid,2025-10-15T02:00:00
BKG-01491,FAR-491,TR-091,Machakos,completed,Planting,13546.55,paid,2025-10-16T03:00:00
BKG-01492,FAR-492,TR-092,Nakuru,pending,Weeding,53154.46,pending,2025-10-17T04:00:00
BKG-01493,FAR-493,TR-093,Nairobi,cancelled,Harvesting,33320.88,void,2025-10-18T05:00:00
BKG-01494,FAR-494,TR-094,Embu,completed,Soil management,12984.68,paid,2025-10-19T06:00:00
BKG-01495,FAR-495,TR-095,Kiambu,completed,Land preparation,39853.44,paid,2025-10-20T07:00:00
BKG-01496,FAR-496,TR-096,Machakos,completed,Planting,11387.02,paid,2025-10-21T08:00:00
BKG-01497,FAR-497,TR-097,Nakuru,completed,Weeding,12972.31,paid,2025-10-22T09:00:00
BKG-01498,FAR-498,TR-098,Nairobi,pending,Harvesting,37425.53,pending,2025-10-23T10:00:00
BKG-01499,FAR-499,TR-099,Embu,cancelled,Soil management,28417.23,void,2025-10-24T11:00:00
BKG-01500,FAR-500,TR-100,Kiambu,completed,Land preparation,25797.9,paid,2025-10-25T12:00:00
BKG-01501,FAR-001,TR-001,Machakos,completed,Planting,15548.36,paid,2025-10-26T13:00:00
BKG-01502,FAR-002,TR-002,Nakuru,completed,Weeding,10400.48,paid,2025-10-27T14:00:00
BKG-01503,FAR-003,TR-003,Nairobi,completed,Harvesting,46214.73,pending,2025-10-28T15:00:00
BKG-01504,FAR-004,TR-004,Embu,pending,Soil management,49098.72,pending,2025-10-29T16:00:00
BKG-01505,FAR-005,TR-005,Kiambu,cancelled,Land preparation,52846.37,void,2025-10-30T17:00:00
BKG-01506,FAR-006,TR-006,Machakos,completed,Planting,37532.13,paid,2025-10-31T18:00:00
BKG-01507,FAR-007,TR-007,Nakuru,completed,Weeding,21601.24,pending,2025-11-01T19:00:00
BKG-01508,FAR-008,TR-008,Nairobi,completed,Harvesting,49120.82,paid,2025-11-02T20:00:00
BKG-01509,FAR-009,TR-009,Embu,completed,Soil management,42241.13,paid,2025-11-03T21:00:00
BKG-01510,FAR-010,TR-010,Kiambu,pending,Land preparation,49465.97,pending,2025-11-04T22:00:00
BKG-01511,FAR-011,TR-011,Machakos,cancelled,Planting,12494.29,void,2025-11-05T23:00:00
BKG-01512,FAR-012,TR-012,Nakuru,completed,Weeding,32654.62,paid,2025-11-06T00:00:00
BKG-01513,FAR-013,TR-013,Nairobi,completed,Harvesting,51032.62,paid,2025-11-07T01:00:00
BKG-01514,FAR-014,TR-014,Embu,completed,Soil management,45780.5,paid,2025-11-08T02:00:00
BKG-01515,FAR-015,TR-015,Kiambu,completed,Land preparation,17121.43,paid,2025-11-09T03:00:00
BKG-01516,FAR-016,TR-016,Machakos,pending,Planting,28568.42,pending,2025-11-10T04:00:00
BKG-01517,FAR-017,TR-017,Nakuru,cancelled,Weeding,34672.05,void,2025-11-11T05:00:00
BKG-01518,FAR-018,TR-018,Nairobi,completed,Harvesting,41197.36,paid,2025-11-12T06:00:00
BKG-01519,FAR-019,TR-019,Embu,completed,Soil management,11139.48,pending,2025-11-13T07:00:00
BKG-01520,FAR-020,TR-020,Kiambu,completed,Land preparation,20558.3,paid,2025-11-14T08:00:00
BKG-01521,FAR-021,TR-021,Machakos,completed,Planting,37184.75,paid,2025-11-15T09:00:00
BKG-01522,FAR-022,TR-022,Nakuru,pending,Weeding,48852.41,pending,2025-11-16T10:00:00
BKG-01523,FAR-023,TR-023,Nairobi,cancelled,Harvesting,10063.45,void,2025-11-17T11:00:00
BKG-01524,FAR-024,TR-024,Embu,completed,Soil management,13694.04,paid,2025-11-18T12:00:00
BKG-01525,FAR-025,TR-025,Kiambu,completed,Land preparation,25467.1,paid,2025-11-19T13:00:00
BKG-01526,FAR-026,TR-026,Machakos,completed,Planting,45069.33,paid,2025-11-20T14:00:00
BKG-01527,FAR-027,TR-027,Nakuru,completed,Weeding,34412.85,paid,2025-11-21T15:00:00
BKG-01528,FAR-028,TR-028,Nairobi,pending,Harvesting,43222.62,pending,2025-11-22T16:00:00
BKG-01529,FAR-029,TR-029,Embu,cancelled,Soil management,44510.96,void,2025-11-23T17:00:00
BKG-01530,FAR-030,TR-030,Kiambu,completed,Land preparation,15106.12,paid,2025-11-24T18:00:00
BKG-01531,FAR-031,TR-031,Machakos,completed,Planting,37446.92,paid,2025-11-25T19:00:00
BKG-01532,FAR-032,TR-032,Nakuru,completed,Weeding,23467.23,paid,2025-11-26T20:00:00
BKG-01533,FAR-033,TR-033,Nairobi,completed,Harvesting,25913.76,paid,2025-11-27T21:00:00
BKG-01534,FAR-034,TR-034,Embu,pending,Soil management,9228.37,pending,2025-11-28T22:00:00
BKG-01535,FAR-035,TR-035,Kiambu,cancelled,Land preparation,30555.96,void,2025-11-29T23:00:00
BKG-01536,FAR-036,TR-036,Machakos,completed,Planting,22030.29,paid,2025-11-30T00:00:00
BKG-01537,FAR-037,TR-037,Nakuru,completed,Weeding,52089.67,paid,2025-12-01T01:00:00
BKG-01538,FAR-038,TR-038,Nairobi,completed,Harvesting,18315.83,paid,2025-12-02T02:00:00
BKG-01539,FAR-039,TR-039,Embu,completed,Soil management,33321.72,paid,2025-12-03T03:00:00
BKG-01540,FAR-040,TR-040,Kiambu,pending,Land preparation,11631.86,pending,2025-12-04T04:00:00
BKG-01541,FAR-041,TR-041,Machakos,cancelled,Planting,11065.57,void,2025-12-05T05:00:00
BKG-01542,FAR-042,TR-042,Nakuru,completed,Weeding,45831.0,paid,2025-12-06T06:00:00
BKG-01543,FAR-043,TR-043,Nairobi,completed,Harvesting,24298.18,pending,2025-12-07T07:00:00
BKG-01544,FAR-044,TR-044,Embu,completed,Soil management,38825.42,paid,2025-12-08T08:00:00
BKG-01545,FAR-045,TR-045,Kiambu,completed,Land preparation,32249.69,paid,2025-12-09T09:00:00
BKG-01546,FAR-046,TR-046,Machakos,pending,Planting,12405.98,pending,2025-12-10T10:00:00
BKG-01547,FAR-047,TR-047,Nakuru,cancelled,Weeding,42217.81,void,2025-12-11T11:00:00
BKG-01548,FAR-048,TR-048,Nairobi,completed,Harvesting,20240.51,paid,2025-12-12T12:00:00
BKG-01549,FAR-049,TR-049,Embu,completed,Soil management,51254.53,paid,2025-12-13T13:00:00
BKG-01550,FAR-050,TR-050,Kiambu,completed,Land preparation,51012.98,paid,2025-12-14T14:00:00
BKG-01551,FAR-051,TR-051,Machakos,completed,Planting,43269.32,pending,2025-12-15T15:00:00
BKG-01552,FAR-052,TR-052,Nakuru,pending,Weeding,21330.75,pending,2025-12-16T16:00:00
BKG-01553,FAR-053,TR-053,Nairobi,cancelled,Harvesting,19017.09,void,2025-12-17T17:00:00
BKG-01554,FAR-054,TR-054,Embu,completed,Soil management,20450.6,paid,2025-12-18T18:00:00
BKG-01555,FAR-055,TR-055,Kiambu,completed,Land preparation,10487.18,paid,2025-12-19T19:00:00
BKG-01556,FAR-056,TR-056,Machakos,completed,Planting,37902.91,paid,2025-12-20T20:00:00
BKG-01557,FAR-057,TR-057,Nakuru,completed,Weeding,50290.93,paid,2025-12-21T21:00:00
BKG-01558,FAR-058,TR-058,Nairobi,pending,Harvesting,42033.08,pending,2025-12-22T22:00:00
BKG-01559,FAR-059,TR-059,Embu,cancelled,Soil management,35176.66,void,2025-12-23T23:00:00
BKG-01560,FAR-060,TR-060,Kiambu,completed,Land preparation,33138.37,paid,2025-12-24T00:00:00
BKG-01561,FAR-061,TR-061,Machakos,completed,Planting,27435.38,paid,2025-12-25T01:00:00
BKG-01562,FAR-062,TR-062,Nakuru,completed,Weeding,43914.74,paid,2025-12-26T02:00:00
BKG-01563,FAR-063,TR-063,Nairobi,completed,Harvesting,15052.46,paid,2025-12-27T03:00:00
BKG-01564,FAR-064,TR-064,Embu,pending,Soil management,51643.88,pending,2025-12-28T04:00:00
BKG-01565,FAR-065,TR-065,Kiambu,cancelled,Land preparation,15428.25,void,2025-12-29T05:00:00
BKG-01566,FAR-066,TR-066,Machakos,completed,Planting,47229.97,paid,2025-12-30T06:00:00
BKG-01567,FAR-067,TR-067,Nakuru,completed,Weeding,10217.04,paid,2025-12-31T07:00:00
BKG-01568,FAR-068,TR-068,Nairobi,completed,Harvesting,37663.55,paid,2026-01-01T08:00:00
BKG-01569,FAR-069,TR-069,Embu,completed,Soil management,31454.09,paid,2026-01-02T09:00:00
BKG-01570,FAR-070,TR-070,Kiambu,pending,Land preparation,41846.17,pending,2026-01-03T10:00:00
BKG-01571,FAR-071,TR-071,Machakos,cancelled,Planting,16560.06,void,2026-01-04T11:00:00
BKG-01572,FAR-072,TR-072,Nakuru,completed,Weeding,48664.42,pending,2026-01-05T12:00:00
BKG-01573,FAR-073,TR-073,Nairobi,completed,Harvesting,47166.48,paid,2026-01-06T13:00:00
BKG-01574,FAR-074,TR-074,Embu,completed,Soil management,25026.86,paid,2026-01-07T14:00:00
BKG-01575,FAR-075,TR-075,Kiambu,completed,Land preparation,52561.68,pending,2026-01-08T15:00:00
BKG-01576,FAR-076,TR-076,Machakos,pending,Planting,26231.96,pending,2026-01-09T16:00:00
BKG-01577,FAR-077,TR-077,Nakuru,cancelled,Weeding,53800.48,void,2026-01-10T17:00:00
BKG-01578,FAR-078,TR-078,Nairobi,completed,Harvesting,42232.05,paid,2026-01-11T18:00:00
BKG-01579,FAR-079,TR-079,Embu,completed,Soil management,25270.88,paid,2026-01-12T19:00:00
BKG-01580,FAR-080,TR-080,Kiambu,completed,Land preparation,35142.16,paid,2026-01-13T20:00:00
BKG-01581,FAR-081,TR-081,Machakos,completed,Planting,37184.34,paid,2026-01-14T21:00:00
BKG-01582,FAR-082,TR-082,Nakuru,pending,Weeding,24903.1,pending,2026-01-15T22:00:00
BKG-01583,FAR-083,TR-083,Nairobi,cancelled,Harvesting,24296.53,void,2026-01-16T23:00:00
BKG-01584,FAR-084,TR-084,Embu,completed,Soil management,50220.3,paid,2026-01-17T00:00:00
BKG-01585,FAR-085,TR-085,Kiambu,completed,Land preparation,10826.73,paid,2026-01-18T01:00:00
BKG-01586,FAR-086,TR-086,Machakos,completed,Planting,35199.23,paid,2026-01-19T02:00:00
BKG-01587,FAR-087,TR-087,Nakuru,completed,Weeding,13925.83,paid,2026-01-20T03:00:00
BKG-01588,FAR-088,TR-088,Nairobi,pending,Harvesting,34755.37,pending,2026-01-21T04:00:00
BKG-01589,FAR-089,TR-089,Embu,cancelled,Soil management,49737.7,void,2026-01-22T05:00:00
BKG-01590,FAR-090,TR-090,Kiambu,completed,Land preparation,19530.62,paid,2026-01-23T06:00:00
BKG-01591,FAR-091,TR-091,Machakos,completed,Planting,25008.31,paid,2026-01-24T07:00:00
BKG-01592,FAR-092,TR-092,Nakuru,completed,Weeding,43812.17,paid,2026-01-25T08:00:00
BKG-01593,FAR-093,TR-093,Nairobi,completed,Harvesting,47215.13,paid,2026-01-26T09:00:00
BKG-01594,FAR-094,TR-094,Embu,pending,Soil management,43174.5,pending,2026-01-27T10:00:00
BKG-01595,FAR-095,TR-095,Kiambu,cancelled,Land preparation,14701.4,void,2026-01-28T11:00:00
BKG-01596,FAR-096,TR-096,Machakos,completed,Planting,17889.49,paid,2026-01-29T12:00:00
BKG-01597,FAR-097,TR-097,Nakuru,completed,Weeding,35746.31,paid,2026-01-30T13:00:00
BKG-01598,FAR-098,TR-098,Nairobi,completed,Harvesting,50728.06,paid,2026-01-31T14:00:00
BKG-01599,FAR-099,TR-099,Embu,completed,Soil management,27679.16,paid,2026-02-01T15:00:00
BKG-01600,FAR-100,TR-100,Kiambu,pending,Land preparation,39830.23,pending,2026-02-02T16:00:00
BKG-01601,FAR-101,TR-001,Machakos,cancelled,Planting,23930.26,void,2026-02-03T17:00:00
BKG-01602,FAR-102,TR-002,Nakuru,completed,Weeding,38356.66,paid,2026-02-04T18:00:00
BKG-01603,FAR-103,TR-003,Nairobi,completed,Harvesting,37143.3,paid,2026-02-05T19:00:00
BKG-01604,FAR-104,TR-004,Embu,completed,Soil management,38732.2,paid,2026-02-06T20:00:00
BKG-01605,FAR-105,TR-005,Kiambu,completed,Land preparation,31149.79,paid,2026-02-07T21:00:00
BKG-01606,FAR-106,TR-006,Machakos,pending,Planting,35824.72,pending,2026-02-08T22:00:00
BKG-01607,FAR-107,TR-007,Nakuru,cancelled,Weeding,33153.08,void,2026-02-09T23:00:00
BKG-01608,FAR-108,TR-008,Nairobi,completed,Harvesting,23736.51,paid,2026-02-10T00:00:00
BKG-01609,FAR-109,TR-009,Embu,completed,Soil management,27419.39,paid,2026-02-11T01:00:00
BKG-01610,FAR-110,TR-010,Kiambu,completed,Land preparation,42376.47,paid,2026-02-12T02:00:00
BKG-01611,FAR-111,TR-011,Machakos,completed,Planting,30134.57,pending,2026-02-13T03:00:00
BKG-01612,FAR-112,TR-012,Nakuru,pending,Weeding,23181.9,pending,2026-02-14T04:00:00
BKG-01613,FAR-113,TR-013,Nairobi,cancelled,Harvesting,18137.24,void,2026-02-15T05:00:00
BKG-01614,FAR-114,TR-014,Embu,completed,Soil management,49440.54,pending,2026-02-16T06:00:00
BKG-01615,FAR-115,TR-015,Kiambu,completed,Land preparation,23081.44,pending,2026-02-17T07:00:00
BKG-01616,FAR-116,TR-016,Machakos,completed,Planting,49283.89,paid,2026-02-18T08:00:00
BKG-01617,FAR-117,TR-017,Nakuru,completed,Weeding,45584.69,paid,2026-02-19T09:00:00
BKG-01618,FAR-118,TR-018,Nairobi,pending,Harvesting,17566.86,pending,2026-02-20T10:00:00
BKG-01619,FAR-119,TR-019,Embu,cancelled,Soil management,12142.27,void,2026-02-21T11:00:00
BKG-01620,FAR-120,TR-020,Kiambu,completed,Land preparation,25329.93,paid,2026-02-22T12:00:00
BKG-01621,FAR-121,TR-021,Machakos,completed,Planting,39428.28,paid,2026-02-23T13:00:00
BKG-01622,FAR-122,TR-022,Nakuru,completed,Weeding,40292.09,paid,2026-02-24T14:00:00
BKG-01623,FAR-123,TR-023,Nairobi,completed,Harvesting,35567.6,paid,2026-02-25T15:00:00
BKG-01624,FAR-124,TR-024,Embu,pending,Soil management,23458.21,pending,2026-02-26T16:00:00
BKG-01625,FAR-125,TR-025,Kiambu,cancelled,Land preparation,9886.19,void,2026-02-27T17:00:00
BKG-01626,FAR-126,TR-026,Machakos,completed,Planting,28169.56,paid,2026-02-28T18:00:00
BKG-01627,FAR-127,TR-027,Nakuru,completed,Weeding,30512.77,paid,2026-03-01T19:00:00
BKG-01628,FAR-128,TR-028,Nairobi,completed,Harvesting,13167.69,paid,2026-03-02T20:00:00
BKG-01629,FAR-129,TR-029,Embu,completed,Soil management,29667.95,paid,2026-03-03T21:00:00
BKG-01630,FAR-130,TR-030,Kiambu,pending,Land preparation,49458.83,pending,2026-03-04T22:00:00
BKG-01631,FAR-131,TR-031,Machakos,cancelled,Planting,53377.91,void,2026-03-05T23:00:00
BKG-01632,FAR-132,TR-032,Nakuru,completed,Weeding,26676.14,paid,2026-03-06T00:00:00
BKG-01633,FAR-133,TR-033,Nairobi,completed,Harvesting,39121.37,paid,2026-03-07T01:00:00
BKG-01634,FAR-134,TR-034,Embu,completed,Soil management,43788.9,paid,2026-03-08T02:00:00
BKG-01635,FAR-135,TR-035,Kiambu,completed,Land preparation,40472.45,paid,2026-03-09T03:00:00
BKG-01636,FAR-136,TR-036,Machakos,pending,Planting,49942.75,pending,2026-03-10T04:00:00
BKG-01637,FAR-137,TR-037,Nakuru,cancelled,Weeding,52883.8,void,2026-03-11T05:00:00
BKG-01638,FAR-138,TR-038,Nairobi,completed,Harvesting,43646.22,paid,2026-03-12T06:00:00
BKG-01639,FAR-139,TR-039,Embu,completed,Soil management,12810.18,paid,2026-03-13T07:00:00
BKG-01640,FAR-140,TR-040,Kiambu,completed,Land preparation,52926.62,pending,2026-03-14T08:00:00
BKG-01641,FAR-141,TR-041,Machakos,completed,Planting,47974.15,paid,2026-03-15T09:00:00
BKG-01642,FAR-142,TR-042,Nakuru,pending,Weeding,51673.02,pending,2026-03-16T10:00:00
BKG-01643,FAR-143,TR-043,Nairobi,cancelled,Harvesting,39801.9,void,2026-03-17T11:00:00
BKG-01644,FAR-144,TR-044,Embu,completed,Soil management,27746.0,paid,2026-03-18T12:00:00
BKG-01645,FAR-145,TR-045,Kiambu,completed,Land preparation,25764.71,pending,2026-03-19T13:00:00
BKG-01646,FAR-146,TR-046,Machakos,completed,Planting,37850.89,paid,2026-03-20T14:00:00
BKG-01647,FAR-147,TR-047,Nakuru,completed,Weeding,11496.48,paid,2026-03-21T15:00:00
BKG-01648,FAR-148,TR-048,Nairobi,pending,Harvesting,28983.02,pending,2026-03-22T16:00:00
BKG-01649,FAR-149,TR-049,Embu,cancelled,Soil management,32260.72,void,2026-03-23T17:00:00
BKG-01650,FAR-150,TR-050,Kiambu,completed,Land preparation,45830.4,paid,2026-03-24T18:00:00
BKG-01651,FAR-151,TR-051,Machakos,completed,Planting,23030.6,paid,2026-03-25T19:00:00
BKG-01652,FAR-152,TR-052,Nakuru,completed,Weeding,51181.03,paid,2026-03-26T20:00:00
BKG-01653,FAR-153,TR-053,Nairobi,completed,Harvesting,33254.78,paid,2026-03-27T21:00:00
BKG-01654,FAR-154,TR-054,Embu,pending,Soil management,53658.55,pending,2026-03-28T22:00:00
BKG-01655,FAR-155,TR-055,Kiambu,cancelled,Land preparation,21853.5,void,2026-03-29T23:00:00
BKG-01656,FAR-156,TR-056,Machakos,completed,Planting,43190.57,paid,2026-03-30T00:00:00
BKG-01657,FAR-157,TR-057,Nakuru,completed,Weeding,44329.78,paid,2026-03-31T01:00:00
BKG-01658,FAR-158,TR-058,Nairobi,completed,Harvesting,42723.16,paid,2026-04-01T02:00:00
BKG-01659,FAR-159,TR-059,Embu,completed,Soil management,34036.28,paid,2026-04-02T03:00:00
BKG-01660,FAR-160,TR-060,Kiambu,pending,Land preparation,51534.09,pending,2026-04-03T04:00:00
BKG-01661,FAR-161,TR-061,Machakos,cancelled,Planting,29847.79,void,2026-04-04T05:00:00
BKG-01662,FAR-162,TR-062,Nakuru,completed,Weeding,24674.46,paid,2026-04-05T06:00:00
BKG-01663,FAR-163,TR-063,Nairobi,completed,Harvesting,17413.56,pending,2026-04-06T07:00:00
BKG-01664,FAR-164,TR-064,Embu,completed,Soil management,33881.87,pending,2026-04-07T08:00:00
BKG-01665,FAR-165,TR-065,Kiambu,completed,Land preparation,12052.69,paid,2026-04-08T09:00:00
BKG-01666,FAR-166,TR-066,Machakos,pending,Planting,41329.15,pending,2026-04-09T10:00:00
BKG-01667,FAR-167,TR-067,Nakuru,cancelled,Weeding,46088.87,void,2026-04-10T11:00:00
BKG-01668,FAR-168,TR-068,Nairobi,completed,Harvesting,49757.41,paid,2026-04-11T12:00:00
BKG-01669,FAR-169,TR-069,Embu,completed,Soil management,48870.88,paid,2026-04-12T13:00:00
BKG-01670,FAR-170,TR-070,Kiambu,completed,Land preparation,10925.96,paid,2026-04-13T14:00:00
BKG-01671,FAR-171,TR-071,Machakos,completed,Planting,15021.03,paid,2026-04-14T15:00:00
BKG-01672,FAR-172,TR-072,Nakuru,pending,Weeding,42736.89,pending,2026-04-15T16:00:00
BKG-01673,FAR-173,TR-073,Nairobi,cancelled,Harvesting,45869.92,void,2026-04-16T17:00:00
BKG-01674,FAR-174,TR-074,Embu,completed,Soil management,29613.39,paid,2026-04-17T18:00:00
BKG-01675,FAR-175,TR-075,Kiambu,completed,Land preparation,39354.56,paid,2026-04-18T19:00:00
BKG-01676,FAR-176,TR-076,Machakos,completed,Planting,35333.32,paid,2026-04-19T20:00:00
BKG-01677,FAR-177,TR-077,Nakuru,completed,Weeding,27454.93,paid,2026-04-20T21:00:00
BKG-01678,FAR-178,TR-078,Nairobi,pending,Harvesting,15912.75,pending,2026-04-21T22:00:00
BKG-01679,FAR-179,TR-079,Embu,cancelled,Soil management,47671.28,void,2026-04-22T23:00:00
BKG-01680,FAR-180,TR-080,Kiambu,completed,Land preparation,9447.32,paid,2026-04-23T00:00:00
BKG-01681,FAR-181,TR-081,Machakos,completed,Planting,26237.17,paid,2026-04-24T01:00:00
BKG-01682,FAR-182,TR-082,Nakuru,completed,Weeding,52971.0,pending,2026-04-25T02:00:00
BKG-01683,FAR-183,TR-083,Nairobi,completed,Harvesting,29149.7,paid,2026-04-26T03:00:00
BKG-01684,FAR-184,TR-084,Embu,pending,Soil management,32130.09,pending,2026-04-27T04:00:00
BKG-01685,FAR-185,TR-085,Kiambu,cancelled,Land preparation,52642.05,void,2026-04-28T05:00:00
BKG-01686,FAR-186,TR-086,Machakos,completed,Planting,43244.64,paid,2026-04-29T06:00:00
BKG-01687,FAR-187,TR-087,Nakuru,completed,Weeding,50644.37,paid,2026-04-30T07:00:00
BKG-01688,FAR-188,TR-088,Nairobi,completed,Harvesting,10887.65,paid,2026-05-01T08:00:00
BKG-01689,FAR-189,TR-089,Embu,completed,Soil management,24383.06,paid,2026-05-02T09:00:00
BKG-01690,FAR-190,TR-090,Kiambu,pending,Land preparation,43999.4,pending,2026-05-03T10:00:00
BKG-01691,FAR-191,TR-091,Machakos,cancelled,Planting,10834.98,void,2026-05-04T11:00:00
BKG-01692,FAR-192,TR-092,Nakuru,completed,Weeding,20219.93,paid,2026-05-05T12:00:00
BKG-01693,FAR-193,TR-093,Nairobi,completed,Harvesting,29568.85,paid,2026-05-06T13:00:00
BKG-01694,FAR-194,TR-094,Embu,completed,Soil management,30370.21,paid,2026-05-07T14:00:00
BKG-01695,FAR-195,TR-095,Kiambu,completed,Land preparation,46230.95,paid,2026-05-08T15:00:00
BKG-01696,FAR-196,TR-096,Machakos,pending,Planting,48907.07,pending,2026-05-09T16:00:00
BKG-01697,FAR-197,TR-097,Nakuru,cancelled,Weeding,21608.42,void,2026-05-10T17:00:00
BKG-01698,FAR-198,TR-098,Nairobi,completed,Harvesting,32973.99,paid,2026-05-11T18:00:00
BKG-01699,FAR-199,TR-099,Embu,completed,Soil management,32207.03,paid,2026-05-12T19:00:00
BKG-01700,FAR-200,TR-100,Kiambu,completed,Land preparation,49660.94,paid,2026-05-13T20:00:00
BKG-01701,FAR-201,TR-001,Machakos,completed,Planting,38710.66,paid,2026-05-14T21:00:00
BKG-01702,FAR-202,TR-002,Nakuru,pending,Weeding,19347.73,pending,2026-05-15T22:00:00
BKG-01703,FAR-203,TR-003,Nairobi,cancelled,Harvesting,41249.19,void,2026-05-16T23:00:00
BKG-01704,FAR-204,TR-004,Embu,completed,Soil management,43373.33,paid,2026-05-17T00:00:00
BKG-01705,FAR-205,TR-005,Kiambu,completed,Land preparation,15359.26,paid,2026-05-18T01:00:00
BKG-01706,FAR-206,TR-006,Machakos,completed,Planting,33482.33,paid,2026-05-19T02:00:00
BKG-01707,FAR-207,TR-007,Nakuru,completed,Weeding,37107.57,paid,2026-05-20T03:00:00
BKG-01708,FAR-208,TR-008,Nairobi,pending,Harvesting,14651.23,pending,2026-05-21T04:00:00
BKG-01709,FAR-209,TR-009,Embu,cancelled,Soil management,47065.27,void,2026-05-22T05:00:00
BKG-01710,FAR-210,TR-010,Kiambu,completed,Land preparation,51153.87,paid,2026-05-23T06:00:00
BKG-01711,FAR-211,TR-011,Machakos,completed,Planting,22071.35,paid,2026-05-24T07:00:00
BKG-01712,FAR-212,TR-012,Nakuru,completed,Weeding,25511.56,paid,2026-05-25T08:00:00
BKG-01713,FAR-213,TR-013,Nairobi,completed,Harvesting,27569.63,pending,2026-05-26T09:00:00
BKG-01714,FAR-214,TR-014,Embu,pending,Soil management,13880.09,pending,2026-05-27T10:00:00
BKG-01715,FAR-215,TR-015,Kiambu,cancelled,Land preparation,49299.86,void,2026-05-28T11:00:00
BKG-01716,FAR-216,TR-016,Machakos,completed,Planting,53536.84,paid,2026-05-29T12:00:00
BKG-01717,FAR-217,TR-017,Nakuru,completed,Weeding,50387.34,paid,2026-05-30T13:00:00
BKG-01718,FAR-218,TR-018,Nairobi,completed,Harvesting,35834.06,paid,2026-05-31T14:00:00
BKG-01719,FAR-219,TR-019,Embu,completed,Soil management,18470.63,pending,2026-06-01T15:00:00
BKG-01720,FAR-220,TR-020,Kiambu,pending,Land preparation,35468.23,pending,2026-06-02T16:00:00
BKG-01721,FAR-221,TR-021,Machakos,cancelled,Planting,26435.41,void,2026-06-03T17:00:00
BKG-01722,FAR-222,TR-022,Nakuru,completed,Weeding,41096.24,paid,2026-06-04T18:00:00
BKG-01723,FAR-223,TR-023,Nairobi,completed,Harvesting,23715.85,paid,2026-06-05T19:00:00
BKG-01724,FAR-224,TR-024,Embu,completed,Soil management,26047.0,paid,2026-06-06T20:00:00
BKG-01725,FAR-225,TR-025,Kiambu,completed,Land preparation,37868.08,paid,2026-06-07T21:00:00
BKG-01726,FAR-226,TR-026,Machakos,pending,Planting,13559.82,pending,2026-06-08T22:00:00
BKG-01727,FAR-227,TR-027,Nakuru,cancelled,Weeding,14314.68,void,2026-06-09T23:00:00
BKG-01728,FAR-228,TR-028,Nairobi,completed,Harvesting,31234.57,paid,2026-06-10T00:00:00
BKG-01729,FAR-229,TR-029,Embu,completed,Soil management,32068.14,paid,2026-06-11T01:00:00
BKG-01730,FAR-230,TR-030,Kiambu,completed,Land preparation,51320.4,pending,2026-06-12T02:00:00
BKG-01731,FAR-231,TR-031,Machakos,completed,Planting,19633.49,pending,2026-06-13T03:00:00
BKG-01732,FAR-232,TR-032,Nakuru,pending,Weeding,31479.92,pending,2026-06-14T04:00:00
BKG-01733,FAR-233,TR-033,Nairobi,cancelled,Harvesting,46232.26,void,2026-06-15T05:00:00
BKG-01734,FAR-234,TR-034,Embu,completed,Soil management,27531.02,paid,2026-06-16T06:00:00
BKG-01735,FAR-235,TR-035,Kiambu,completed,Land preparation,16220.13,pending,2026-06-17T07:00:00
BKG-01736,FAR-236,TR-036,Machakos,completed,Planting,32917.25,paid,2026-06-18T08:00:00
BKG-01737,FAR-237,TR-037,Nakuru,completed,Weeding,36793.12,paid,2026-06-19T09:00:00
BKG-01738,FAR-238,TR-038,Nairobi,pending,Harvesting,43221.86,pending,2026-06-20T10:00:00
BKG-01739,FAR-239,TR-039,Embu,cancelled,Soil management,35042.47,void,2026-06-21T11:00:00
BKG-01740,FAR-240,TR-040,Kiambu,completed,Land preparation,17212.08,paid,2026-06-22T12:00:00
BKG-01741,FAR-241,TR-041,Machakos,completed,Planting,49751.62,paid,2026-06-23T13:00:00
BKG-01742,FAR-242,TR-042,Nakuru,completed,Weeding,52411.7,paid,2026-06-24T14:00:00
BKG-01743,FAR-243,TR-043,Nairobi,completed,Harvesting,43112.61,paid,2026-06-25T15:00:00
BKG-01744,FAR-244,TR-044,Embu,pending,Soil management,40611.32,pending,2026-06-26T16:00:00
BKG-01745,FAR-245,TR-045,Kiambu,cancelled,Land preparation,52090.48,void,2026-06-27T17:00:00
BKG-01746,FAR-246,TR-046,Machakos,completed,Planting,21249.43,paid,2026-06-28T18:00:00
BKG-01747,FAR-247,TR-047,Nakuru,completed,Weeding,12323.26,pending,2026-06-29T19:00:00
BKG-01748,FAR-248,TR-048,Nairobi,completed,Harvesting,52963.6,paid,2026-06-30T20:00:00
BKG-01749,FAR-249,TR-049,Embu,completed,Soil management,25557.99,paid,2026-07-01T21:00:00
BKG-01750,FAR-250,TR-050,Kiambu,pending,Land preparation,24366.39,pending,2026-07-02T22:00:00
BKG-01751,FAR-251,TR-051,Machakos,cancelled,Planting,17608.93,void,2026-07-03T23:00:00
BKG-01752,FAR-252,TR-052,Nakuru,completed,Weeding,34821.62,paid,2026-07-04T00:00:00
BKG-01753,FAR-253,TR-053,Nairobi,completed,Harvesting,52754.62,pending,2026-07-05T01:00:00
BKG-01754,FAR-254,TR-054,Embu,completed,Soil management,38297.32,paid,2026-07-06T02:00:00
BKG-01755,FAR-255,TR-055,Kiambu,completed,Land preparation,18314.3,paid,2026-07-07T03:00:00
BKG-01756,FAR-256,TR-056,Machakos,pending,Planting,50534.46,pending,2026-07-08T04:00:00
BKG-01757,FAR-257,TR-057,Nakuru,cancelled,Weeding,10359.76,void,2026-07-09T05:00:00
BKG-01758,FAR-258,TR-058,Nairobi,completed,Harvesting,52305.32,paid,2026-07-10T06:00:00
BKG-01759,FAR-259,TR-059,Embu,completed,Soil management,52007.01,paid,2026-07-11T07:00:00
BKG-01760,FAR-260,TR-060,Kiambu,completed,Land preparation,49916.2,pending,2026-07-12T08:00:00
BKG-01761,FAR-261,TR-061,Machakos,completed,Planting,44081.06,paid,2026-07-13T09:00:00
BKG-01762,FAR-262,TR-062,Nakuru,pending,Weeding,52467.33,pending,2026-07-14T10:00:00
BKG-01763,FAR-263,TR-063,Nairobi,cancelled,Harvesting,15981.53,void,2026-07-15T11:00:00
BKG-01764,FAR-264,TR-064,Embu,completed,Soil management,16454.5,paid,2026-07-16T12:00:00
BKG-01765,FAR-265,TR-065,Kiambu,completed,Land preparation,17784.07,paid,2026-07-17T13:00:00
BKG-01766,FAR-266,TR-066,Machakos,completed,Planting,17878.01,paid,2026-07-18T14:00:00
BKG-01767,FAR-267,TR-067,Nakuru,completed,Weeding,37299.97,paid,2026-07-19T15:00:00
BKG-01768,FAR-268,TR-068,Nairobi,pending,Harvesting,13486.95,pending,2026-07-20T16:00:00
BKG-01769,FAR-269,TR-069,Embu,cancelled,Soil management,52452.8,void,2026-07-21T17:00:00
BKG-01770,FAR-270,TR-070,Kiambu,completed,Land preparation,29653.28,paid,2026-07-22T18:00:00
BKG-01771,FAR-271,TR-071,Machakos,completed,Planting,20614.24,paid,2026-07-23T19:00:00
BKG-01772,FAR-272,TR-072,Nakuru,completed,Weeding,52075.97,paid,2026-07-24T20:00:00
BKG-01773,FAR-273,TR-073,Nairobi,completed,Harvesting,24540.44,paid,2026-07-25T21:00:00
BKG-01774,FAR-274,TR-074,Embu,pending,Soil management,22080.74,pending,2026-07-26T22:00:00
BKG-01775,FAR-275,TR-075,Kiambu,cancelled,Land preparation,50768.32,void,2026-07-27T23:00:00
BKG-01776,FAR-276,TR-076,Machakos,completed,Planting,43755.35,paid,2026-07-28T00:00:00
BKG-01777,FAR-277,TR-077,Nakuru,completed,Weeding,12891.87,pending,2026-07-29T01:00:00
BKG-01778,FAR-278,TR-078,Nairobi,completed,Harvesting,25537.15,paid,2026-07-30T02:00:00
BKG-01779,FAR-279,TR-079,Embu,completed,Soil management,12122.26,paid,2026-07-31T03:00:00
BKG-01780,FAR-280,TR-080,Kiambu,pending,Land preparation,36102.38,pending,2026-08-01T04:00:00
BKG-01781,FAR-281,TR-081,Machakos,cancelled,Planting,18083.59,void,2026-08-02T05:00:00
BKG-01782,FAR-282,TR-082,Nakuru,completed,Weeding,26195.8,paid,2026-08-03T06:00:00
BKG-01783,FAR-283,TR-083,Nairobi,completed,Harvesting,23836.44,pending,2026-08-04T07:00:00
BKG-01784,FAR-284,TR-084,Embu,completed,Soil management,51860.31,paid,2026-08-05T08:00:00
BKG-01785,FAR-285,TR-085,Kiambu,completed,Land preparation,27529.19,paid,2026-08-06T09:00:00
BKG-01786,FAR-286,TR-086,Machakos,pending,Planting,19319.12,pending,2026-08-07T10:00:00
BKG-01787,FAR-287,TR-087,Nakuru,cancelled,Weeding,9452.5,void,2026-08-08T11:00:00
BKG-01788,FAR-288,TR-088,Nairobi,completed,Harvesting,44936.0,pending,2026-08-09T12:00:00
BKG-01789,FAR-289,TR-089,Embu,completed,Soil management,25556.85,paid,2026-08-10T13:00:00
BKG-01790,FAR-290,TR-090,Kiambu,completed,Land preparation,47556.68,paid,2026-08-11T14:00:00
BKG-01791,FAR-291,TR-091,Machakos,completed,Planting,24611.73,paid,2026-08-12T15:00:00
BKG-01792,FAR-292,TR-092,Nakuru,pending,Weeding,26508.95,pending,2026-08-13T16:00:00
BKG-01793,FAR-293,TR-093,Nairobi,cancelled,Harvesting,49332.22,void,2026-08-14T17:00:00
BKG-01794,FAR-294,TR-094,Embu,completed,Soil management,29942.72,paid,2026-08-15T18:00:00
BKG-01795,FAR-295,TR-095,Kiambu,completed,Land preparation,26028.13,paid,2026-08-16T19:00:00
BKG-01796,FAR-296,TR-096,Machakos,completed,Planting,10437.68,paid,2026-08-17T20:00:00
BKG-01797,FAR-297,TR-097,Nakuru,completed,Weeding,29843.62,paid,2026-08-18T21:00:00
BKG-01798,FAR-298,TR-098,Nairobi,pending,Harvesting,26157.02,pending,2026-08-19T22:00:00
BKG-01799,FAR-299,TR-099,Embu,cancelled,Soil management,24344.22,void,2026-08-20T23:00:00
BKG-01800,FAR-300,TR-100,Kiambu,completed,Land preparation,49087.2,paid,2026-08-21T00:00:00
BKG-01801,FAR-301,TR-001,Machakos,completed,Planting,16336.45,paid,2026-08-22T01:00:00
BKG-01802,FAR-302,TR-002,Nakuru,completed,Weeding,29998.95,paid,2026-08-23T02:00:00
BKG-01803,FAR-303,TR-003,Nairobi,completed,Harvesting,50095.49,paid,2026-08-24T03:00:00
BKG-01804,FAR-304,TR-004,Embu,pending,Soil management,12501.31,pending,2026-08-25T04:00:00
BKG-01805,FAR-305,TR-005,Kiambu,cancelled,Land preparation,45201.07,void,2026-08-26T05:00:00
BKG-01806,FAR-306,TR-006,Machakos,completed,Planting,40413.26,paid,2026-08-27T06:00:00
BKG-01807,FAR-307,TR-007,Nakuru,completed,Weeding,45985.68,paid,2026-08-28T07:00:00
BKG-01808,FAR-308,TR-008,Nairobi,completed,Harvesting,12635.33,paid,2026-08-29T08:00:00
BKG-01809,FAR-309,TR-009,Embu,completed,Soil management,27800.44,paid,2026-08-30T09:00:00
BKG-01810,FAR-310,TR-010,Kiambu,pending,Land preparation,15839.75,pending,2026-08-31T10:00:00
BKG-01811,FAR-311,TR-011,Machakos,cancelled,Planting,13442.94,void,2026-09-01T11:00:00
BKG-01812,FAR-312,TR-012,Nakuru,completed,Weeding,38644.4,paid,2026-09-02T12:00:00
BKG-01813,FAR-313,TR-013,Nairobi,completed,Harvesting,15216.78,pending,2026-09-03T13:00:00
BKG-01814,FAR-314,TR-014,Embu,completed,Soil management,43851.35,paid,2026-09-04T14:00:00
BKG-01815,FAR-315,TR-015,Kiambu,completed,Land preparation,37962.54,paid,2026-09-05T15:00:00
BKG-01816,FAR-316,TR-016,Machakos,pending,Planting,15548.77,pending,2026-09-06T16:00:00
BKG-01817,FAR-317,TR-017,Nakuru,cancelled,Weeding,52083.18,void,2026-09-07T17:00:00
BKG-01818,FAR-318,TR-018,Nairobi,completed,Harvesting,11722.17,paid,2026-09-08T18:00:00
BKG-01819,FAR-319,TR-019,Embu,completed,Soil management,18568.17,paid,2026-09-09T19:00:00
BKG-01820,FAR-320,TR-020,Kiambu,completed,Land preparation,41349.26,paid,2026-09-10T20:00:00
BKG-01821,FAR-321,TR-021,Machakos,completed,Planting,35761.55,paid,2026-09-11T21:00:00
BKG-01822,FAR-322,TR-022,Nakuru,pending,Weeding,40191.18,pending,2026-09-12T22:00:00
BKG-01823,FAR-323,TR-023,Nairobi,cancelled,Harvesting,39108.23,void,2026-09-13T23:00:00
BKG-01824,FAR-324,TR-024,Embu,completed,Soil management,49585.94,paid,2026-09-14T00:00:00
BKG-01825,FAR-325,TR-025,Kiambu,completed,Land preparation,15179.59,paid,2025-09-15T01:00:00
BKG-01826,FAR-326,TR-026,Machakos,completed,Planting,38650.6,paid,2025-09-16T02:00:00
BKG-01827,FAR-327,TR-027,Nakuru,completed,Weeding,33335.68,pending,2025-09-17T03:00:00
BKG-01828,FAR-328,TR-028,Nairobi,pending,Harvesting,14638.64,pending,2025-09-18T04:00:00
BKG-01829,FAR-329,TR-029,Embu,cancelled,Soil management,39144.46,void,2025-09-19T05:00:00
BKG-01830,FAR-330,TR-030,Kiambu,completed,Land preparation,39441.41,paid,2025-09-20T06:00:00
BKG-01831,FAR-331,TR-031,Machakos,completed,Planting,18777.59,pending,2025-09-21T07:00:00
BKG-01832,FAR-332,TR-032,Nakuru,completed,Weeding,46783.38,paid,2025-09-22T08:00:00
BKG-01833,FAR-333,TR-033,Nairobi,completed,Harvesting,52252.73,paid,2025-09-23T09:00:00
BKG-01834,FAR-334,TR-034,Embu,pending,Soil management,24290.84,pending,2025-09-24T10:00:00
BKG-01835,FAR-335,TR-035,Kiambu,cancelled,Land preparation,13091.38,void,2025-09-25T11:00:00
BKG-01836,FAR-336,TR-036,Machakos,completed,Planting,11200.97,paid,2025-09-26T12:00:00
BKG-01837,FAR-337,TR-037,Nakuru,completed,Weeding,31621.25,paid,2025-09-27T13:00:00
BKG-01838,FAR-338,TR-038,Nairobi,completed,Harvesting,22375.46,paid,2025-09-28T14:00:00
BKG-01839,FAR-339,TR-039,Embu,completed,Soil management,38429.02,pending,2025-09-29T15:00:00
BKG-01840,FAR-340,TR-040,Kiambu,pending,Land preparation,48932.71,pending,2025-09-30T16:00:00
BKG-01841,FAR-341,TR-041,Machakos,cancelled,Planting,39487.93,void,2025-10-01T17:00:00
BKG-01842,FAR-342,TR-042,Nakuru,completed,Weeding,45640.97,pending,2025-10-02T18:00:00
BKG-01843,FAR-343,TR-043,Nairobi,completed,Harvesting,10584.17,paid,2025-10-03T19:00:00
BKG-01844,FAR-344,TR-044,Embu,completed,Soil management,40560.19,paid,2025-10-04T20:00:00
BKG-01845,FAR-345,TR-045,Kiambu,completed,Land preparation,51101.31,paid,2025-10-05T21:00:00
BKG-01846,FAR-346,TR-046,Machakos,pending,Planting,51874.33,pending,2025-10-06T22:00:00
BKG-01847,FAR-347,TR-047,Nakuru,cancelled,Weeding,10085.54,void,2025-10-07T23:00:00
BKG-01848,FAR-348,TR-048,Nairobi,completed,Harvesting,43673.98,paid,2025-10-08T00:00:00
BKG-01849,FAR-349,TR-049,Embu,completed,Soil management,20819.39,paid,2025-10-09T01:00:00
BKG-01850,FAR-350,TR-050,Kiambu,completed,Land preparation,26111.62,paid,2025-10-10T02:00:00
BKG-01851,FAR-351,TR-051,Machakos,completed,Planting,9346.98,paid,2025-10-11T03:00:00
BKG-01852,FAR-352,TR-052,Nakuru,pending,Weeding,26610.29,pending,2025-10-12T04:00:00
BKG-01853,FAR-353,TR-053,Nairobi,cancelled,Harvesting,41715.73,void,2025-10-13T05:00:00
BKG-01854,FAR-354,TR-054,Embu,completed,Soil management,38687.85,pending,2025-10-14T06:00:00
BKG-01855,FAR-355,TR-055,Kiambu,completed,Land preparation,36454.87,paid,2025-10-15T07:00:00
BKG-01856,FAR-356,TR-056,Machakos,completed,Planting,26754.93,paid,2025-10-16T08:00:00
BKG-01857,FAR-357,TR-057,Nakuru,completed,Weeding,53251.82,paid,2025-10-17T09:00:00
BKG-01858,FAR-358,TR-058,Nairobi,pending,Harvesting,31690.76,pending,2025-10-18T10:00:00
BKG-01859,FAR-359,TR-059,Embu,cancelled,Soil management,27806.46,void,2025-10-19T11:00:00
BKG-01860,FAR-360,TR-060,Kiambu,completed,Land preparation,46778.92,paid,2025-10-20T12:00:00
BKG-01861,FAR-361,TR-061,Machakos,completed,Planting,9651.15,paid,2025-10-21T13:00:00
BKG-01862,FAR-362,TR-062,Nakuru,completed,Weeding,31518.05,paid,2025-10-22T14:00:00
BKG-01863,FAR-363,TR-063,Nairobi,completed,Harvesting,45455.86,paid,2025-10-23T15:00:00
BKG-01864,FAR-364,TR-064,Embu,pending,Soil management,31117.66,pending,2025-10-24T16:00:00
BKG-01865,FAR-365,TR-065,Kiambu,cancelled,Land preparation,32601.54,void,2025-10-25T17:00:00
BKG-01866,FAR-366,TR-066,Machakos,completed,Planting,38213.12,paid,2025-10-26T18:00:00
BKG-01867,FAR-367,TR-067,Nakuru,completed,Weeding,25659.79,paid,2025-10-27T19:00:00
BKG-01868,FAR-368,TR-068,Nairobi,completed,Harvesting,9164.68,paid,2025-10-28T20:00:00
BKG-01869,FAR-369,TR-069,Embu,completed,Soil management,14014.17,paid,2025-10-29T21:00:00
BKG-01870,FAR-370,TR-070,Kiambu,pending,Land preparation,24315.05,pending,2025-10-30T22:00:00
BKG-01871,FAR-371,TR-071,Machakos,cancelled,Planting,19513.65,void,2025-10-31T23:00:00
BKG-01872,FAR-372,TR-072,Nakuru,completed,Weeding,19417.81,paid,2025-11-01T00:00:00
BKG-01873,FAR-373,TR-073,Nairobi,completed,Harvesting,25093.73,paid,2025-11-02T01:00:00
BKG-01874,FAR-374,TR-074,Embu,completed,Soil management,30333.55,paid,2025-11-03T02:00:00
BKG-01875,FAR-375,TR-075,Kiambu,completed,Land preparation,43077.04,paid,2025-11-04T03:00:00
BKG-01876,FAR-376,TR-076,Machakos,pending,Planting,10034.03,pending,2025-11-05T04:00:00
BKG-01877,FAR-377,TR-077,Nakuru,cancelled,Weeding,49921.39,void,2025-11-06T05:00:00
BKG-01878,FAR-378,TR-078,Nairobi,completed,Harvesting,44622.21,paid,2025-11-07T06:00:00
BKG-01879,FAR-379,TR-079,Embu,completed,Soil management,21701.38,paid,2025-11-08T07:00:00
BKG-01880,FAR-380,TR-080,Kiambu,completed,Land preparation,49058.17,paid,2025-11-09T08:00:00
BKG-01881,FAR-381,TR-081,Machakos,completed,Planting,25241.38,paid,2025-11-10T09:00:00
BKG-01882,FAR-382,TR-082,Nakuru,pending,Weeding,36169.26,pending,2025-11-11T10:00:00
BKG-01883,FAR-383,TR-083,Nairobi,cancelled,Harvesting,30380.03,void,2025-11-12T11:00:00
BKG-01884,FAR-384,TR-084,Embu,completed,Soil management,35288.76,paid,2025-11-13T12:00:00
BKG-01885,FAR-385,TR-085,Kiambu,completed,Land preparation,27304.83,paid,2025-11-14T13:00:00
BKG-01886,FAR-386,TR-086,Machakos,completed,Planting,15178.56,paid,2025-11-15T14:00:00
BKG-01887,FAR-387,TR-087,Nakuru,completed,Weeding,13373.07,paid,2025-11-16T15:00:00
BKG-01888,FAR-388,TR-088,Nairobi,pending,Harvesting,18906.96,pending,2025-11-17T16:00:00
BKG-01889,FAR-389,TR-089,Embu,cancelled,Soil management,41976.86,void,2025-11-18T17:00:00
BKG-01890,FAR-390,TR-090,Kiambu,completed,Land preparation,44542.13,paid,2025-11-19T18:00:00
BKG-01891,FAR-391,TR-091,Machakos,completed,Planting,21112.59,paid,2025-11-20T19:00:00
BKG-01892,FAR-392,TR-092,Nakuru,completed,Weeding,11997.73,paid,2025-11-21T20:00:00
BKG-01893,FAR-393,TR-093,Nairobi,completed,Harvesting,44589.25,paid,2025-11-22T21:00:00
BKG-01894,FAR-394,TR-094,Embu,pending,Soil management,31299.88,pending,2025-11-23T22:00:00
BKG-01895,FAR-395,TR-095,Kiambu,cancelled,Land preparation,12928.9,void,2025-11-24T23:00:00
BKG-01896,FAR-396,TR-096,Machakos,completed,Planting,14083.02,paid,2025-11-25T00:00:00
BKG-01897,FAR-397,TR-097,Nakuru,completed,Weeding,13132.24,paid,2025-11-26T01:00:00
BKG-01898,FAR-398,TR-098,Nairobi,completed,Harvesting,23133.72,paid,2025-11-27T02:00:00
BKG-01899,FAR-399,TR-099,Embu,completed,Soil management,19999.05,paid,2025-11-28T03:00:00
BKG-01900,FAR-400,TR-100,Kiambu,pending,Land preparation,49402.06,pending,2025-11-29T04:00:00
BKG-01901,FAR-401,TR-001,Machakos,cancelled,Planting,16843.76,void,2025-11-30T05:00:00
BKG-01902,FAR-402,TR-002,Nakuru,completed,Weeding,24514.93,paid,2025-12-01T06:00:00
BKG-01903,FAR-403,TR-003,Nairobi,completed,Harvesting,39440.96,paid,2025-12-02T07:00:00
BKG-01904,FAR-404,TR-004,Embu,completed,Soil management,35580.35,paid,2025-12-03T08:00:00
BKG-01905,FAR-405,TR-005,Kiambu,completed,Land preparation,53265.94,paid,2025-12-04T09:00:00
BKG-01906,FAR-406,TR-006,Machakos,pending,Planting,29529.1,pending,2025-12-05T10:00:00
BKG-01907,FAR-407,TR-007,Nakuru,cancelled,Weeding,21288.93,void,2025-12-06T11:00:00
BKG-01908,FAR-408,TR-008,Nairobi,completed,Harvesting,46138.38,paid,2025-12-07T12:00:00
BKG-01909,FAR-409,TR-009,Embu,completed,Soil management,46899.72,paid,2025-12-08T13:00:00
BKG-01910,FAR-410,TR-010,Kiambu,completed,Land preparation,32648.8,paid,2025-12-09T14:00:00
BKG-01911,FAR-411,TR-011,Machakos,completed,Planting,30685.03,paid,2025-12-10T15:00:00
BKG-01912,FAR-412,TR-012,Nakuru,pending,Weeding,17825.6,pending,2025-12-11T16:00:00
BKG-01913,FAR-413,TR-013,Nairobi,cancelled,Harvesting,34340.63,void,2025-12-12T17:00:00
BKG-01914,FAR-414,TR-014,Embu,completed,Soil management,34152.37,paid,2025-12-13T18:00:00
BKG-01915,FAR-415,TR-015,Kiambu,completed,Land preparation,17942.98,paid,2025-12-14T19:00:00
BKG-01916,FAR-416,TR-016,Machakos,completed,Planting,36465.31,pending,2025-12-15T20:00:00
BKG-01917,FAR-417,TR-017,Nakuru,completed,Weeding,20601.61,paid,2025-12-16T21:00:00
BKG-01918,FAR-418,TR-018,Nairobi,pending,Harvesting,43210.95,pending,2025-12-17T22:00:00
BKG-01919,FAR-419,TR-019,Embu,cancelled,Soil management,38423.57,void,2025-12-18T23:00:00
BKG-01920,FAR-420,TR-020,Kiambu,completed,Land preparation,16456.05,paid,2025-12-19T00:00:00
BKG-01921,FAR-421,TR-021,Machakos,completed,Planting,15016.06,paid,2025-12-20T01:00:00
BKG-01922,FAR-422,TR-022,Nakuru,completed,Weeding,12541.09,paid,2025-12-21T02:00:00
BKG-01923,FAR-423,TR-023,Nairobi,completed,Harvesting,41637.45,paid,2025-12-22T03:00:00
BKG-01924,FAR-424,TR-024,Embu,pending,Soil management,16863.77,pending,2025-12-23T04:00:00
BKG-01925,FAR-425,TR-025,Kiambu,cancelled,Land preparation,28839.36,void,2025-12-24T05:00:00
BKG-01926,FAR-426,TR-026,Machakos,completed,Planting,47143.09,paid,2025-12-25T06:00:00
BKG-01927,FAR-427,TR-027,Nakuru,completed,Weeding,33346.82,paid,2025-12-26T07:00:00
BKG-01928,FAR-428,TR-028,Nairobi,completed,Harvesting,9031.96,paid,2025-12-27T08:00:00
BKG-01929,FAR-429,TR-029,Embu,completed,Soil management,44879.29,paid,2025-12-28T09:00:00
BKG-01930,FAR-430,TR-030,Kiambu,pending,Land preparation,23542.14,pending,2025-12-29T10:00:00
BKG-01931,FAR-431,TR-031,Machakos,cancelled,Planting,22234.91,void,2025-12-30T11:00:00
BKG-01932,FAR-432,TR-032,Nakuru,completed,Weeding,13405.18,paid,2025-12-31T12:00:00
BKG-01933,FAR-433,TR-033,Nairobi,completed,Harvesting,47321.04,paid,2026-01-01T13:00:00
BKG-01934,FAR-434,TR-034,Embu,completed,Soil management,13292.03,paid,2026-01-02T14:00:00
BKG-01935,FAR-435,TR-035,Kiambu,completed,Land preparation,15517.1,paid,2026-01-03T15:00:00
BKG-01936,FAR-436,TR-036,Machakos,pending,Planting,27229.53,pending,2026-01-04T16:00:00
BKG-01937,FAR-437,TR-037,Nakuru,cancelled,Weeding,30271.89,void,2026-01-05T17:00:00
BKG-01938,FAR-438,TR-038,Nairobi,completed,Harvesting,18774.65,paid,2026-01-06T18:00:00
BKG-01939,FAR-439,TR-039,Embu,completed,Soil management,22309.87,paid,2026-01-07T19:00:00
BKG-01940,FAR-440,TR-040,Kiambu,completed,Land preparation,11976.61,paid,2026-01-08T20:00:00
BKG-01941,FAR-441,TR-041,Machakos,completed,Planting,47160.1,paid,2026-01-09T21:00:00
BKG-01942,FAR-442,TR-042,Nakuru,pending,Weeding,48534.85,pending,2026-01-10T22:00:00
BKG-01943,FAR-443,TR-043,Nairobi,cancelled,Harvesting,26279.99,void,2026-01-11T23:00:00
BKG-01944,FAR-444,TR-044,Embu,completed,Soil management,33652.72,pending,2026-01-12T00:00:00
BKG-01945,FAR-445,TR-045,Kiambu,completed,Land preparation,20801.78,paid,2026-01-13T01:00:00
BKG-01946,FAR-446,TR-046,Machakos,completed,Planting,33358.02,pending,2026-01-14T02:00:00
BKG-01947,FAR-447,TR-047,Nakuru,completed,Weeding,38142.84,paid,2026-01-15T03:00:00
BKG-01948,FAR-448,TR-048,Nairobi,pending,Harvesting,48148.34,pending,2026-01-16T04:00:00
BKG-01949,FAR-449,TR-049,Embu,cancelled,Soil management,44146.82,void,2026-01-17T05:00:00
BKG-01950,FAR-450,TR-050,Kiambu,completed,Land preparation,31151.07,paid,2026-01-18T06:00:00
BKG-01951,FAR-451,TR-051,Machakos,completed,Planting,46866.62,paid,2026-01-19T07:00:00
BKG-01952,FAR-452,TR-052,Nakuru,completed,Weeding,22337.41,paid,2026-01-20T08:00:00
BKG-01953,FAR-453,TR-053,Nairobi,completed,Harvesting,25459.44,paid,2026-01-21T09:00:00
BKG-01954,FAR-454,TR-054,Embu,pending,Soil management,44999.04,pending,2026-01-22T10:00:00
BKG-01955,FAR-455,TR-055,Kiambu,cancelled,Land preparation,11907.76,void,2026-01-23T11:00:00
BKG-01956,FAR-456,TR-056,Machakos,completed,Planting,34869.47,paid,2026-01-24T12:00:00
BKG-01957,FAR-457,TR-057,Nakuru,completed,Weeding,32795.38,paid,2026-01-25T13:00:00
BKG-01958,FAR-458,TR-058,Nairobi,completed,Harvesting,15830.94,paid,2026-01-26T14:00:00
BKG-01959,FAR-459,TR-059,Embu,completed,Soil management,11084.85,paid,2026-01-27T15:00:00
BKG-01960,FAR-460,TR-060,Kiambu,pending,Land preparation,49186.23,pending,2026-01-28T16:00:00
BKG-01961,FAR-461,TR-061,Machakos,cancelled,Planting,25755.35,void,2026-01-29T17:00:00
BKG-01962,FAR-462,TR-062,Nakuru,completed,Weeding,14355.09,paid,2026-01-30T18:00:00
BKG-01963,FAR-463,TR-063,Nairobi,completed,Harvesting,28756.35,pending,2026-01-31T19:00:00
BKG-01964,FAR-464,TR-064,Embu,completed,Soil management,12410.33,paid,2026-02-01T20:00:00
BKG-01965,FAR-465,TR-065,Kiambu,completed,Land preparation,36336.95,paid,2026-02-02T21:00:00
BKG-01966,FAR-466,TR-066,Machakos,pending,Planting,26623.93,pending,2026-02-03T22:00:00
BKG-01967,FAR-467,TR-067,Nakuru,cancelled,Weeding,50010.94,void,2026-02-04T23:00:00
BKG-01968,FAR-468,TR-068,Nairobi,completed,Harvesting,50347.65,paid,2026-02-05T00:00:00
BKG-01969,FAR-469,TR-069,Embu,completed,Soil management,10445.83,paid,2026-02-06T01:00:00
BKG-01970,FAR-470,TR-070,Kiambu,completed,Land preparation,34184.43,paid,2026-02-07T02:00:00
BKG-01971,FAR-471,TR-071,Machakos,completed,Planting,36939.9,pending,2026-02-08T03:00:00
BKG-01972,FAR-472,TR-072,Nakuru,pending,Weeding,32951.02,pending,2026-02-09T04:00:00
BKG-01973,FAR-473,TR-073,Nairobi,cancelled,Harvesting,24889.36,void,2026-02-10T05:00:00
BKG-01974,FAR-474,TR-074,Embu,completed,Soil management,17474.54,paid,2026-02-11T06:00:00
BKG-01975,FAR-475,TR-075,Kiambu,completed,Land preparation,46030.78,paid,2026-02-12T07:00:00
BKG-01976,FAR-476,TR-076,Machakos,completed,Planting,30881.52,paid,2026-02-13T08:00:00
BKG-01977,FAR-477,TR-077,Nakuru,completed,Weeding,23168.46,paid,2026-02-14T09:00:00
BKG-01978,FAR-478,TR-078,Nairobi,pending,Harvesting,35084.85,pending,2026-02-15T10:00:00
BKG-01979,FAR-479,TR-079,Embu,cancelled,Soil management,23541.82,void,2026-02-16T11:00:00
BKG-01980,FAR-480,TR-080,Kiambu,completed,Land preparation,51283.44,pending,2026-02-17T12:00:00
BKG-01981,FAR-481,TR-081,Machakos,completed,Planting,44992.03,paid,2026-02-18T13:00:00
BKG-01982,FAR-482,TR-082,Nakuru,completed,Weeding,51453.24,paid,2026-02-19T14:00:00
BKG-01983,FAR-483,TR-083,Nairobi,completed,Harvesting,48041.71,paid,2026-02-20T15:00:00
BKG-01984,FAR-484,TR-084,Embu,pending,Soil management,35883.07,pending,2026-02-21T16:00:00
BKG-01985,FAR-485,TR-085,Kiambu,cancelled,Land preparation,15744.41,void,2026-02-22T17:00:00
BKG-01986,FAR-486,TR-086,Machakos,completed,Planting,35389.33,paid,2026-02-23T18:00:00
BKG-01987,FAR-487,TR-087,Nakuru,completed,Weeding,29925.37,pending,2026-02-24T19:00:00
BKG-01988,FAR-488,TR-088,Nairobi,completed,Harvesting,29189.23,paid,2026-02-25T20:00:00
BKG-01989,FAR-489,TR-089,Embu,completed,Soil management,18052.88,paid,2026-02-26T21:00:00
BKG-01990,FAR-490,TR-090,Kiambu,pending,Land preparation,52612.65,pending,2026-02-27T22:00:00
BKG-01991,FAR-491,TR-091,Machakos,cancelled,Planting,47526.38,void,2026-02-28T23:00:00
BKG-01992,FAR-492,TR-092,Nakuru,completed,Weeding,22284.08,paid,2026-03-01T00:00:00
BKG-01993,FAR-493,TR-093,Nairobi,completed,Harvesting,29976.02,paid,2026-03-02T01:00:00
BKG-01994,FAR-494,TR-094,Embu,completed,Soil management,47665.99,paid,2026-03-03T02:00:00
BKG-01995,FAR-495,TR-095,Kiambu,completed,Land preparation,28940.03,paid,2026-03-04T03:00:00
BKG-01996,FAR-496,TR-096,Machakos,pending,Planting,42881.73,pending,2026-03-05T04:00:00
BKG-01997,FAR-497,TR-097,Nakuru,cancelled,Weeding,37672.86,void,2026-03-06T05:00:00
BKG-01998,FAR-498,TR-098,Nairobi,completed,Harvesting,30763.79,paid,2026-03-07T06:00:00
BKG-01999,FAR-499,TR-099,Embu,completed,Soil management,37961.99,paid,2026-03-08T07:00:00
BKG-02000,FAR-500,TR-100,Kiambu,completed,Land preparation,48773.94,paid,2026-03-09T08:00:00
BKG-02001,FAR-001,TR-001,Machakos,completed,Planting,42692.56,paid,2026-03-10T09:00:00
BKG-02002,FAR-002,TR-002,Nakuru,pending,Weeding,42014.0,pending,2026-03-11T10:00:00
BKG-02003,FAR-003,TR-003,Nairobi,cancelled,Harvesting,22223.96,void,2026-03-12T11:00:00
BKG-02004,FAR-004,TR-004,Embu,completed,Soil management,34361.23,paid,2026-03-13T12:00:00
BKG-02005,FAR-005,TR-005,Kiambu,completed,Land preparation,51851.24,paid,2026-03-14T13:00:00
BKG-02006,FAR-006,TR-006,Machakos,completed,Planting,21117.2,paid,2026-03-15T14:00:00
BKG-02007,FAR-007,TR-007,Nakuru,completed,Weeding,43180.66,paid,2026-03-16T15:00:00
BKG-02008,FAR-008,TR-008,Nairobi,pending,Harvesting,25159.29,pending,2026-03-17T16:00:00
BKG-02009,FAR-009,TR-009,Embu,cancelled,Soil management,24401.28,void,2026-03-18T17:00:00
BKG-02010,FAR-010,TR-010,Kiambu,completed,Land preparation,31146.9,paid,2026-03-19T18:00:00
BKG-02011,FAR-011,TR-011,Machakos,completed,Planting,41756.16,paid,2026-03-20T19:00:00
BKG-02012,FAR-012,TR-012,Nakuru,completed,Weeding,37823.44,paid,2026-03-21T20:00:00
BKG-02013,FAR-013,TR-013,Nairobi,completed,Harvesting,26156.09,paid,2026-03-22T21:00:00
BKG-02014,FAR-014,TR-014,Embu,pending,Soil management,26785.44,pending,2026-03-23T22:00:00
BKG-02015,FAR-015,TR-015,Kiambu,cancelled,Land preparation,32727.61,void,2026-03-24T23:00:00
BKG-02016,FAR-016,TR-016,Machakos,completed,Planting,47109.67,paid,2026-03-25T00:00:00
BKG-02017,FAR-017,TR-017,Nakuru,completed,Weeding,39408.72,paid,2026-03-26T01:00:00
BKG-02018,FAR-018,TR-018,Nairobi,completed,Harvesting,44990.7,paid,2026-03-27T02:00:00
BKG-02019,FAR-019,TR-019,Embu,completed,Soil management,33542.49,paid,2026-03-28T03:00:00
BKG-02020,FAR-020,TR-020,Kiambu,pending,Land preparation,20876.04,pending,2026-03-29T04:00:00
BKG-02021,FAR-021,TR-021,Machakos,cancelled,Planting,42181.58,void,2026-03-30T05:00:00
BKG-02022,FAR-022,TR-022,Nakuru,completed,Weeding,24852.7,paid,2026-03-31T06:00:00
BKG-02023,FAR-023,TR-023,Nairobi,completed,Harvesting,31544.04,paid,2026-04-01T07:00:00
BKG-02024,FAR-024,TR-024,Embu,completed,Soil management,47753.06,paid,2026-04-02T08:00:00
BKG-02025,FAR-025,TR-025,Kiambu,completed,Land preparation,25933.77,paid,2026-04-03T09:00:00
BKG-02026,FAR-026,TR-026,Machakos,pending,Planting,38806.07,pending,2026-04-04T10:00:00
BKG-02027,FAR-027,TR-027,Nakuru,cancelled,Weeding,36221.11,void,2026-04-05T11:00:00
BKG-02028,FAR-028,TR-028,Nairobi,completed,Harvesting,41577.02,pending,2026-04-06T12:00:00
BKG-02029,FAR-029,TR-029,Embu,completed,Soil management,25257.99,pending,2026-04-07T13:00:00
BKG-02030,FAR-030,TR-030,Kiambu,completed,Land preparation,36074.54,paid,2026-04-08T14:00:00
BKG-02031,FAR-031,TR-031,Machakos,completed,Planting,31134.24,pending,2026-04-09T15:00:00
BKG-02032,FAR-032,TR-032,Nakuru,pending,Weeding,34697.84,pending,2026-04-10T16:00:00
BKG-02033,FAR-033,TR-033,Nairobi,cancelled,Harvesting,26837.44,void,2026-04-11T17:00:00
BKG-02034,FAR-034,TR-034,Embu,completed,Soil management,24954.92,paid,2026-04-12T18:00:00
BKG-02035,FAR-035,TR-035,Kiambu,completed,Land preparation,46642.56,pending,2026-04-13T19:00:00
BKG-02036,FAR-036,TR-036,Machakos,completed,Planting,35044.82,paid,2026-04-14T20:00:00
BKG-02037,FAR-037,TR-037,Nakuru,completed,Weeding,28457.95,pending,2026-04-15T21:00:00
BKG-02038,FAR-038,TR-038,Nairobi,pending,Harvesting,44084.64,pending,2026-04-16T22:00:00
BKG-02039,FAR-039,TR-039,Embu,cancelled,Soil management,25563.95,void,2026-04-17T23:00:00
BKG-02040,FAR-040,TR-040,Kiambu,completed,Land preparation,29067.87,paid,2026-04-18T00:00:00
BKG-02041,FAR-041,TR-041,Machakos,completed,Planting,10080.55,pending,2026-04-19T01:00:00
BKG-02042,FAR-042,TR-042,Nakuru,completed,Weeding,18978.16,paid,2026-04-20T02:00:00
BKG-02043,FAR-043,TR-043,Nairobi,completed,Harvesting,23048.66,pending,2026-04-21T03:00:00
BKG-02044,FAR-044,TR-044,Embu,pending,Soil management,11127.66,pending,2026-04-22T04:00:00
BKG-02045,FAR-045,TR-045,Kiambu,cancelled,Land preparation,48934.01,void,2026-04-23T05:00:00
BKG-02046,FAR-046,TR-046,Machakos,completed,Planting,44779.57,paid,2026-04-24T06:00:00
BKG-02047,FAR-047,TR-047,Nakuru,completed,Weeding,36821.91,pending,2026-04-25T07:00:00
BKG-02048,FAR-048,TR-048,Nairobi,completed,Harvesting,48049.13,paid,2026-04-26T08:00:00
BKG-02049,FAR-049,TR-049,Embu,completed,Soil management,22428.58,paid,2026-04-27T09:00:00
BKG-02050,FAR-050,TR-050,Kiambu,pending,Land preparation,48323.12,pending,2026-04-28T10:00:00
BKG-02051,FAR-051,TR-051,Machakos,cancelled,Planting,35839.0,void,2026-04-29T11:00:00
BKG-02052,FAR-052,TR-052,Nakuru,completed,Weeding,30905.76,paid,2026-04-30T12:00:00
BKG-02053,FAR-053,TR-053,Nairobi,completed,Harvesting,44871.43,pending,2026-05-01T13:00:00
BKG-02054,FAR-054,TR-054,Embu,completed,Soil management,39979.39,paid,2026-05-02T14:00:00
BKG-02055,FAR-055,TR-055,Kiambu,completed,Land preparation,49477.29,paid,2026-05-03T15:00:00
BKG-02056,FAR-056,TR-056,Machakos,pending,Planting,26106.94,pending,2026-05-04T16:00:00
BKG-02057,FAR-057,TR-057,Nakuru,cancelled,Weeding,45392.86,void,2026-05-05T17:00:00
BKG-02058,FAR-058,TR-058,Nairobi,completed,Harvesting,23435.18,paid,2026-05-06T18:00:00
BKG-02059,FAR-059,TR-059,Embu,completed,Soil management,48824.83,paid,2026-05-07T19:00:00
BKG-02060,FAR-060,TR-060,Kiambu,completed,Land preparation,46273.35,pending,2026-05-08T20:00:00
BKG-02061,FAR-061,TR-061,Machakos,completed,Planting,18292.99,pending,2026-05-09T21:00:00
BKG-02062,FAR-062,TR-062,Nakuru,pending,Weeding,50444.53,pending,2026-05-10T22:00:00
BKG-02063,FAR-063,TR-063,Nairobi,cancelled,Harvesting,51537.8,void,2026-05-11T23:00:00
BKG-02064,FAR-064,TR-064,Embu,completed,Soil management,45809.3,paid,2026-05-12T00:00:00
BKG-02065,FAR-065,TR-065,Kiambu,completed,Land preparation,11833.85,paid,2026-05-13T01:00:00
BKG-02066,FAR-066,TR-066,Machakos,completed,Planting,17159.48,paid,2026-05-14T02:00:00
BKG-02067,FAR-067,TR-067,Nakuru,completed,Weeding,13640.69,paid,2026-05-15T03:00:00
BKG-02068,FAR-068,TR-068,Nairobi,pending,Harvesting,47544.01,pending,2026-05-16T04:00:00
BKG-02069,FAR-069,TR-069,Embu,cancelled,Soil management,26022.41,void,2026-05-17T05:00:00
BKG-02070,FAR-070,TR-070,Kiambu,completed,Land preparation,50949.99,paid,2026-05-18T06:00:00
BKG-02071,FAR-071,TR-071,Machakos,completed,Planting,39813.63,paid,2026-05-19T07:00:00
BKG-02072,FAR-072,TR-072,Nakuru,completed,Weeding,49553.45,paid,2026-05-20T08:00:00
BKG-02073,FAR-073,TR-073,Nairobi,completed,Harvesting,47760.16,paid,2026-05-21T09:00:00
BKG-02074,FAR-074,TR-074,Embu,pending,Soil management,50519.08,pending,2026-05-22T10:00:00
BKG-02075,FAR-075,TR-075,Kiambu,cancelled,Land preparation,9800.57,void,2026-05-23T11:00:00
BKG-02076,FAR-076,TR-076,Machakos,completed,Planting,13026.65,paid,2026-05-24T12:00:00
BKG-02077,FAR-077,TR-077,Nakuru,completed,Weeding,40552.01,paid,2026-05-25T13:00:00
BKG-02078,FAR-078,TR-078,Nairobi,completed,Harvesting,34424.42,paid,2026-05-26T14:00:00
BKG-02079,FAR-079,TR-079,Embu,completed,Soil management,16535.27,paid,2026-05-27T15:00:00
BKG-02080,FAR-080,TR-080,Kiambu,pending,Land preparation,16314.44,pending,2026-05-28T16:00:00
BKG-02081,FAR-081,TR-081,Machakos,cancelled,Planting,35766.24,void,2026-05-29T17:00:00
BKG-02082,FAR-082,TR-082,Nakuru,completed,Weeding,53573.16,paid,2026-05-30T18:00:00
BKG-02083,FAR-083,TR-083,Nairobi,completed,Harvesting,12085.1,paid,2026-05-31T19:00:00
BKG-02084,FAR-084,TR-084,Embu,completed,Soil management,23110.85,paid,2026-06-01T20:00:00
BKG-02085,FAR-085,TR-085,Kiambu,completed,Land preparation,45190.13,paid,2026-06-02T21:00:00
BKG-02086,FAR-086,TR-086,Machakos,pending,Planting,34796.91,pending,2026-06-03T22:00:00
BKG-02087,FAR-087,TR-087,Nakuru,cancelled,Weeding,16403.53,void,2026-06-04T23:00:00
BKG-02088,FAR-088,TR-088,Nairobi,completed,Harvesting,48456.2,paid,2026-06-05T00:00:00
BKG-02089,FAR-089,TR-089,Embu,completed,Soil management,29011.52,paid,2026-06-06T01:00:00
BKG-02090,FAR-090,TR-090,Kiambu,completed,Land preparation,34594.8,paid,2026-06-07T02:00:00
BKG-02091,FAR-091,TR-091,Machakos,completed,Planting,32560.4,paid,2026-06-08T03:00:00
BKG-02092,FAR-092,TR-092,Nakuru,pending,Weeding,31896.9,pending,2026-06-09T04:00:00
BKG-02093,FAR-093,TR-093,Nairobi,cancelled,Harvesting,42899.78,void,2026-06-10T05:00:00
BKG-02094,FAR-094,TR-094,Embu,completed,Soil management,20597.18,paid,2026-06-11T06:00:00
BKG-02095,FAR-095,TR-095,Kiambu,completed,Land preparation,12203.67,paid,2026-06-12T07:00:00
BKG-02096,FAR-096,TR-096,Machakos,completed,Planting,37328.93,paid,2026-06-13T08:00:00
BKG-02097,FAR-097,TR-097,Nakuru,completed,Weeding,34251.77,paid,2026-06-14T09:00:00
BKG-02098,FAR-098,TR-098,Nairobi,pending,Harvesting,20776.12,pending,2026-06-15T10:00:00
BKG-02099,FAR-099,TR-099,Embu,cancelled,Soil management,23726.14,void,2026-06-16T11:00:00
BKG-02100,FAR-100,TR-100,Kiambu,completed,Land preparation,11360.51,paid,2026-06-17T12:00:00
BKG-02101,FAR-101,TR-001,Machakos,completed,Planting,9620.72,paid,2026-06-18T13:00:00
BKG-02102,FAR-102,TR-002,Nakuru,completed,Weeding,51213.12,paid,2026-06-19T14:00:00
BKG-02103,FAR-103,TR-003,Nairobi,completed,Harvesting,40671.86,paid,2026-06-20T15:00:00
BKG-02104,FAR-104,TR-004,Embu,pending,Soil management,35059.49,pending,2026-06-21T16:00:00
BKG-02105,FAR-105,TR-005,Kiambu,cancelled,Land preparation,46058.99,void,2026-06-22T17:00:00
BKG-02106,FAR-106,TR-006,Machakos,completed,Planting,15142.85,paid,2026-06-23T18:00:00
BKG-02107,FAR-107,TR-007,Nakuru,completed,Weeding,41225.67,paid,2026-06-24T19:00:00
BKG-02108,FAR-108,TR-008,Nairobi,completed,Harvesting,17550.57,pending,2026-06-25T20:00:00
BKG-02109,FAR-109,TR-009,Embu,completed,Soil management,50163.44,paid,2026-06-26T21:00:00
BKG-02110,FAR-110,TR-010,Kiambu,pending,Land preparation,48853.47,pending,2026-06-27T22:00:00
BKG-02111,FAR-111,TR-011,Machakos,cancelled,Planting,45677.68,void,2026-06-28T23:00:00
BKG-02112,FAR-112,TR-012,Nakuru,completed,Weeding,27363.81,paid,2026-06-29T00:00:00
BKG-02113,FAR-113,TR-013,Nairobi,completed,Harvesting,12056.4,pending,2026-06-30T01:00:00
BKG-02114,FAR-114,TR-014,Embu,completed,Soil management,49157.52,pending,2026-07-01T02:00:00
BKG-02115,FAR-115,TR-015,Kiambu,completed,Land preparation,52001.15,paid,2026-07-02T03:00:00
BKG-02116,FAR-116,TR-016,Machakos,pending,Planting,30619.28,pending,2026-07-03T04:00:00
BKG-02117,FAR-117,TR-017,Nakuru,cancelled,Weeding,38819.77,void,2026-07-04T05:00:00
BKG-02118,FAR-118,TR-018,Nairobi,completed,Harvesting,41183.81,paid,2026-07-05T06:00:00
BKG-02119,FAR-119,TR-019,Embu,completed,Soil management,27615.74,paid,2026-07-06T07:00:00
BKG-02120,FAR-120,TR-020,Kiambu,completed,Land preparation,9500.76,paid,2026-07-07T08:00:00
BKG-02121,FAR-121,TR-021,Machakos,completed,Planting,32834.84,paid,2026-07-08T09:00:00
BKG-02122,FAR-122,TR-022,Nakuru,pending,Weeding,39492.46,pending,2026-07-09T10:00:00
BKG-02123,FAR-123,TR-023,Nairobi,cancelled,Harvesting,30445.41,void,2026-07-10T11:00:00
BKG-02124,FAR-124,TR-024,Embu,completed,Soil management,27918.02,pending,2026-07-11T12:00:00
BKG-02125,FAR-125,TR-025,Kiambu,completed,Land preparation,39817.36,paid,2026-07-12T13:00:00
BKG-02126,FAR-126,TR-026,Machakos,completed,Planting,25408.63,paid,2026-07-13T14:00:00
BKG-02127,FAR-127,TR-027,Nakuru,completed,Weeding,32495.49,paid,2026-07-14T15:00:00
BKG-02128,FAR-128,TR-028,Nairobi,pending,Harvesting,41297.75,pending,2026-07-15T16:00:00
BKG-02129,FAR-129,TR-029,Embu,cancelled,Soil management,26908.9,void,2026-07-16T17:00:00
BKG-02130,FAR-130,TR-030,Kiambu,completed,Land preparation,23378.25,paid,2026-07-17T18:00:00
BKG-02131,FAR-131,TR-031,Machakos,completed,Planting,14538.97,paid,2026-07-18T19:00:00
BKG-02132,FAR-132,TR-032,Nakuru,completed,Weeding,24998.98,paid,2026-07-19T20:00:00
BKG-02133,FAR-133,TR-033,Nairobi,completed,Harvesting,41768.25,pending,2026-07-20T21:00:00
BKG-02134,FAR-134,TR-034,Embu,pending,Soil management,21111.81,pending,2026-07-21T22:00:00
BKG-02135,FAR-135,TR-035,Kiambu,cancelled,Land preparation,31746.61,void,2026-07-22T23:00:00
BKG-02136,FAR-136,TR-036,Machakos,completed,Planting,31290.29,paid,2026-07-23T00:00:00
BKG-02137,FAR-137,TR-037,Nakuru,completed,Weeding,23059.63,paid,2026-07-24T01:00:00
BKG-02138,FAR-138,TR-038,Nairobi,completed,Harvesting,49927.65,paid,2026-07-25T02:00:00
BKG-02139,FAR-139,TR-039,Embu,completed,Soil management,48148.22,paid,2026-07-26T03:00:00
BKG-02140,FAR-140,TR-040,Kiambu,pending,Land preparation,31269.54,pending,2026-07-27T04:00:00
BKG-02141,FAR-141,TR-041,Machakos,cancelled,Planting,12216.52,void,2026-07-28T05:00:00
BKG-02142,FAR-142,TR-042,Nakuru,completed,Weeding,22909.18,paid,2026-07-29T06:00:00
BKG-02143,FAR-143,TR-043,Nairobi,completed,Harvesting,53992.83,paid,2026-07-30T07:00:00
BKG-02144,FAR-144,TR-044,Embu,completed,Soil management,30313.94,paid,2026-07-31T08:00:00
BKG-02145,FAR-145,TR-045,Kiambu,completed,Land preparation,24948.36,paid,2026-08-01T09:00:00
BKG-02146,FAR-146,TR-046,Machakos,pending,Planting,37858.69,pending,2026-08-02T10:00:00
BKG-02147,FAR-147,TR-047,Nakuru,cancelled,Weeding,52671.27,void,2026-08-03T11:00:00
BKG-02148,FAR-148,TR-048,Nairobi,completed,Harvesting,31820.04,paid,2026-08-04T12:00:00
BKG-02149,FAR-149,TR-049,Embu,completed,Soil management,26644.43,paid,2026-08-05T13:00:00
BKG-02150,FAR-150,TR-050,Kiambu,completed,Land preparation,47280.09,paid,2026-08-06T14:00:00
BKG-02151,FAR-151,TR-051,Machakos,completed,Planting,49976.69,paid,2026-08-07T15:00:00
BKG-02152,FAR-152,TR-052,Nakuru,pending,Weeding,17698.4,pending,2026-08-08T16:00:00
BKG-02153,FAR-153,TR-053,Nairobi,cancelled,Harvesting,49565.05,void,2026-08-09T17:00:00
BKG-02154,FAR-154,TR-054,Embu,completed,Soil management,43550.96,paid,2026-08-10T18:00:00
BKG-02155,FAR-155,TR-055,Kiambu,completed,Land preparation,21141.67,paid,2026-08-11T19:00:00
BKG-02156,FAR-156,TR-056,Machakos,completed,Planting,19159.31,paid,2026-08-12T20:00:00
BKG-02157,FAR-157,TR-057,Nakuru,completed,Weeding,28894.61,paid,2026-08-13T21:00:00
BKG-02158,FAR-158,TR-058,Nairobi,pending,Harvesting,30971.08,pending,2026-08-14T22:00:00
BKG-02159,FAR-159,TR-059,Embu,cancelled,Soil management,17388.65,void,2026-08-15T23:00:00
BKG-02160,FAR-160,TR-060,Kiambu,completed,Land preparation,10401.54,paid,2026-08-16T00:00:00
BKG-02161,FAR-161,TR-061,Machakos,completed,Planting,27019.17,paid,2026-08-17T01:00:00
BKG-02162,FAR-162,TR-062,Nakuru,completed,Weeding,37021.96,paid,2026-08-18T02:00:00
BKG-02163,FAR-163,TR-063,Nairobi,completed,Harvesting,33719.19,paid,2026-08-19T03:00:00
BKG-02164,FAR-164,TR-064,Embu,pending,Soil management,53425.49,pending,2026-08-20T04:00:00
BKG-02165,FAR-165,TR-065,Kiambu,cancelled,Land preparation,53879.97,void,2026-08-21T05:00:00
BKG-02166,FAR-166,TR-066,Machakos,completed,Planting,12874.18,paid,2026-08-22T06:00:00
BKG-02167,FAR-167,TR-067,Nakuru,completed,Weeding,16166.38,paid,2026-08-23T07:00:00
BKG-02168,FAR-168,TR-068,Nairobi,completed,Harvesting,41723.41,paid,2026-08-24T08:00:00
BKG-02169,FAR-169,TR-069,Embu,completed,Soil management,18669.46,paid,2026-08-25T09:00:00
BKG-02170,FAR-170,TR-070,Kiambu,pending,Land preparation,22736.62,pending,2026-08-26T10:00:00
BKG-02171,FAR-171,TR-071,Machakos,cancelled,Planting,24697.63,void,2026-08-27T11:00:00
BKG-02172,FAR-172,TR-072,Nakuru,completed,Weeding,34296.86,paid,2026-08-28T12:00:00
BKG-02173,FAR-173,TR-073,Nairobi,completed,Harvesting,33117.64,paid,2026-08-29T13:00:00
BKG-02174,FAR-174,TR-074,Embu,completed,Soil management,34334.57,paid,2026-08-30T14:00:00
BKG-02175,FAR-175,TR-075,Kiambu,completed,Land preparation,9344.82,paid,2026-08-31T15:00:00
BKG-02176,FAR-176,TR-076,Machakos,pending,Planting,40535.04,pending,2026-09-01T16:00:00
BKG-02177,FAR-177,TR-077,Nakuru,cancelled,Weeding,13126.53,void,2026-09-02T17:00:00
BKG-02178,FAR-178,TR-078,Nairobi,completed,Harvesting,31115.6,paid,2026-09-03T18:00:00
BKG-02179,FAR-179,TR-079,Embu,completed,Soil management,19484.18,paid,2026-09-04T19:00:00
BKG-02180,FAR-180,TR-080,Kiambu,completed,Land preparation,24863.92,paid,2026-09-05T20:00:00
BKG-02181,FAR-181,TR-081,Machakos,completed,Planting,33094.56,paid,2026-09-06T21:00:00
BKG-02182,FAR-182,TR-082,Nakuru,pending,Weeding,15392.57,pending,2026-09-07T22:00:00
BKG-02183,FAR-183,TR-083,Nairobi,cancelled,Harvesting,16455.15,void,2026-09-08T23:00:00
BKG-02184,FAR-184,TR-084,Embu,completed,Soil management,34648.12,paid,2026-09-09T00:00:00
BKG-02185,FAR-185,TR-085,Kiambu,completed,Land preparation,15523.64,pending,2026-09-10T01:00:00
BKG-02186,FAR-186,TR-086,Machakos,completed,Planting,9727.58,paid,2026-09-11T02:00:00
BKG-02187,FAR-187,TR-087,Nakuru,completed,Weeding,27057.1,pending,2026-09-12T03:00:00
BKG-02188,FAR-188,TR-088,Nairobi,pending,Harvesting,9834.24,pending,2026-09-13T04:00:00
BKG-02189,FAR-189,TR-089,Embu,cancelled,Soil management,43934.12,void,2026-09-14T05:00:00
BKG-02190,FAR-190,TR-090,Kiambu,completed,Land preparation,45125.17,paid,2025-09-15T06:00:00
BKG-02191,FAR-191,TR-091,Machakos,completed,Planting,19742.97,paid,2025-09-16T07:00:00
BKG-02192,FAR-192,TR-092,Nakuru,completed,Weeding,38221.17,paid,2025-09-17T08:00:00
BKG-02193,FAR-193,TR-093,Nairobi,completed,Harvesting,27366.69,pending,2025-09-18T09:00:00
BKG-02194,FAR-194,TR-094,Embu,pending,Soil management,23709.25,pending,2025-09-19T10:00:00
BKG-02195,FAR-195,TR-095,Kiambu,cancelled,Land preparation,25642.51,void,2025-09-20T11:00:00
BKG-02196,FAR-196,TR-096,Machakos,completed,Planting,35399.38,paid,2025-09-21T12:00:00
BKG-02197,FAR-197,TR-097,Nakuru,completed,Weeding,49578.41,paid,2025-09-22T13:00:00
BKG-02198,FAR-198,TR-098,Nairobi,completed,Harvesting,14307.33,paid,2025-09-23T14:00:00
BKG-02199,FAR-199,TR-099,Embu,completed,Soil management,44781.29,paid,2025-09-24T15:00:00
BKG-02200,FAR-200,TR-100,Kiambu,pending,Land preparation,13381.61,pending,2025-09-25T16:00:00
BKG-02201,FAR-201,TR-001,Machakos,cancelled,Planting,36454.62,void,2025-09-26T17:00:00
BKG-02202,FAR-202,TR-002,Nakuru,completed,Weeding,22651.82,paid,2025-09-27T18:00:00
BKG-02203,FAR-203,TR-003,Nairobi,completed,Harvesting,40014.87,paid,2025-09-28T19:00:00
BKG-02204,FAR-204,TR-004,Embu,completed,Soil management,47744.11,paid,2025-09-29T20:00:00
BKG-02205,FAR-205,TR-005,Kiambu,completed,Land preparation,13426.25,paid,2025-09-30T21:00:00
BKG-02206,FAR-206,TR-006,Machakos,pending,Planting,38569.48,pending,2025-10-01T22:00:00
BKG-02207,FAR-207,TR-007,Nakuru,cancelled,Weeding,40613.0,void,2025-10-02T23:00:00
BKG-02208,FAR-208,TR-008,Nairobi,completed,Harvesting,24488.43,paid,2025-10-03T00:00:00
BKG-02209,FAR-209,TR-009,Embu,completed,Soil management,51305.37,paid,2025-10-04T01:00:00
BKG-02210,FAR-210,TR-010,Kiambu,completed,Land preparation,24371.73,paid,2025-10-05T02:00:00
BKG-02211,FAR-211,TR-011,Machakos,completed,Planting,31817.96,paid,2025-10-06T03:00:00
BKG-02212,FAR-212,TR-012,Nakuru,pending,Weeding,51542.87,pending,2025-10-07T04:00:00
BKG-02213,FAR-213,TR-013,Nairobi,cancelled,Harvesting,21986.83,void,2025-10-08T05:00:00
BKG-02214,FAR-214,TR-014,Embu,completed,Soil management,45424.24,pending,2025-10-09T06:00:00
BKG-02215,FAR-215,TR-015,Kiambu,completed,Land preparation,17636.39,paid,2025-10-10T07:00:00
BKG-02216,FAR-216,TR-016,Machakos,completed,Planting,37590.26,paid,2025-10-11T08:00:00
BKG-02217,FAR-217,TR-017,Nakuru,completed,Weeding,24782.0,paid,2025-10-12T09:00:00
BKG-02218,FAR-218,TR-018,Nairobi,pending,Harvesting,12963.49,pending,2025-10-13T10:00:00
BKG-02219,FAR-219,TR-019,Embu,cancelled,Soil management,53576.38,void,2025-10-14T11:00:00
BKG-02220,FAR-220,TR-020,Kiambu,completed,Land preparation,26560.02,paid,2025-10-15T12:00:00
BKG-02221,FAR-221,TR-021,Machakos,completed,Planting,23179.11,pending,2025-10-16T13:00:00
BKG-02222,FAR-222,TR-022,Nakuru,completed,Weeding,19810.74,pending,2025-10-17T14:00:00
BKG-02223,FAR-223,TR-023,Nairobi,completed,Harvesting,26193.58,paid,2025-10-18T15:00:00
BKG-02224,FAR-224,TR-024,Embu,pending,Soil management,36514.31,pending,2025-10-19T16:00:00
BKG-02225,FAR-225,TR-025,Kiambu,cancelled,Land preparation,23009.29,void,2025-10-20T17:00:00
BKG-02226,FAR-226,TR-026,Machakos,completed,Planting,27825.34,paid,2025-10-21T18:00:00
BKG-02227,FAR-227,TR-027,Nakuru,completed,Weeding,13113.4,paid,2025-10-22T19:00:00
BKG-02228,FAR-228,TR-028,Nairobi,completed,Harvesting,29465.7,paid,2025-10-23T20:00:00
BKG-02229,FAR-229,TR-029,Embu,completed,Soil management,33962.42,paid,2025-10-24T21:00:00
BKG-02230,FAR-230,TR-030,Kiambu,pending,Land preparation,48446.51,pending,2025-10-25T22:00:00
BKG-02231,FAR-231,TR-031,Machakos,cancelled,Planting,27511.74,void,2025-10-26T23:00:00
BKG-02232,FAR-232,TR-032,Nakuru,completed,Weeding,19978.46,pending,2025-10-27T00:00:00
BKG-02233,FAR-233,TR-033,Nairobi,completed,Harvesting,53219.34,paid,2025-10-28T01:00:00
BKG-02234,FAR-234,TR-034,Embu,completed,Soil management,15974.6,paid,2025-10-29T02:00:00
BKG-02235,FAR-235,TR-035,Kiambu,completed,Land preparation,10739.49,paid,2025-10-30T03:00:00
BKG-02236,FAR-236,TR-036,Machakos,pending,Planting,31936.56,pending,2025-10-31T04:00:00
BKG-02237,FAR-237,TR-037,Nakuru,cancelled,Weeding,34343.95,void,2025-11-01T05:00:00
BKG-02238,FAR-238,TR-038,Nairobi,completed,Harvesting,49032.64,paid,2025-11-02T06:00:00
BKG-02239,FAR-239,TR-039,Embu,completed,Soil management,9208.18,paid,2025-11-03T07:00:00
BKG-02240,FAR-240,TR-040,Kiambu,completed,Land preparation,50841.85,paid,2025-11-04T08:00:00
BKG-02241,FAR-241,TR-041,Machakos,completed,Planting,41223.45,paid,2025-11-05T09:00:00
BKG-02242,FAR-242,TR-042,Nakuru,pending,Weeding,16834.77,pending,2025-11-06T10:00:00
BKG-02243,FAR-243,TR-043,Nairobi,cancelled,Harvesting,14510.87,void,2025-11-07T11:00:00
BKG-02244,FAR-244,TR-044,Embu,completed,Soil management,39523.7,paid,2025-11-08T12:00:00
BKG-02245,FAR-245,TR-045,Kiambu,completed,Land preparation,35330.13,paid,2025-11-09T13:00:00
BKG-02246,FAR-246,TR-046,Machakos,completed,Planting,35744.36,paid,2025-11-10T14:00:00
BKG-02247,FAR-247,TR-047,Nakuru,completed,Weeding,22684.85,paid,2025-11-11T15:00:00
BKG-02248,FAR-248,TR-048,Nairobi,pending,Harvesting,10094.23,pending,2025-11-12T16:00:00
BKG-02249,FAR-249,TR-049,Embu,cancelled,Soil management,27388.89,void,2025-11-13T17:00:00
BKG-02250,FAR-250,TR-050,Kiambu,completed,Land preparation,17039.59,paid,2025-11-14T18:00:00
BKG-02251,FAR-251,TR-051,Machakos,completed,Planting,18060.37,pending,2025-11-15T19:00:00
BKG-02252,FAR-252,TR-052,Nakuru,completed,Weeding,27423.28,paid,2025-11-16T20:00:00
BKG-02253,FAR-253,TR-053,Nairobi,completed,Harvesting,9585.15,paid,2025-11-17T21:00:00
BKG-02254,FAR-254,TR-054,Embu,pending,Soil management,11512.01,pending,2025-11-18T22:00:00
BKG-02255,FAR-255,TR-055,Kiambu,cancelled,Land preparation,40398.69,void,2025-11-19T23:00:00
BKG-02256,FAR-256,TR-056,Machakos,completed,Planting,38601.62,paid,2025-11-20T00:00:00
BKG-02257,FAR-257,TR-057,Nakuru,completed,Weeding,24906.8,paid,2025-11-21T01:00:00
BKG-02258,FAR-258,TR-058,Nairobi,completed,Harvesting,26623.14,paid,2025-11-22T02:00:00
BKG-02259,FAR-259,TR-059,Embu,completed,Soil management,30666.42,paid,2025-11-23T03:00:00
BKG-02260,FAR-260,TR-060,Kiambu,pending,Land preparation,33940.28,pending,2025-11-24T04:00:00
BKG-02261,FAR-261,TR-061,Machakos,cancelled,Planting,9248.45,void,2025-11-25T05:00:00
BKG-02262,FAR-262,TR-062,Nakuru,completed,Weeding,12256.35,paid,2025-11-26T06:00:00
BKG-02263,FAR-263,TR-063,Nairobi,completed,Harvesting,15485.93,paid,2025-11-27T07:00:00
BKG-02264,FAR-264,TR-064,Embu,completed,Soil management,20269.12,paid,2025-11-28T08:00:00
BKG-02265,FAR-265,TR-065,Kiambu,completed,Land preparation,53470.57,paid,2025-11-29T09:00:00
BKG-02266,FAR-266,TR-066,Machakos,pending,Planting,22887.29,pending,2025-11-30T10:00:00
BKG-02267,FAR-267,TR-067,Nakuru,cancelled,Weeding,14791.22,void,2025-12-01T11:00:00
BKG-02268,FAR-268,TR-068,Nairobi,completed,Harvesting,39369.7,paid,2025-12-02T12:00:00
BKG-02269,FAR-269,TR-069,Embu,completed,Soil management,20018.99,pending,2025-12-03T13:00:00
BKG-02270,FAR-270,TR-070,Kiambu,completed,Land preparation,15649.08,paid,2025-12-04T14:00:00
BKG-02271,FAR-271,TR-071,Machakos,completed,Planting,44801.48,paid,2025-12-05T15:00:00
BKG-02272,FAR-272,TR-072,Nakuru,pending,Weeding,35144.13,pending,2025-12-06T16:00:00
BKG-02273,FAR-273,TR-073,Nairobi,cancelled,Harvesting,33353.5,void,2025-12-07T17:00:00
BKG-02274,FAR-274,TR-074,Embu,completed,Soil management,33485.37,pending,2025-12-08T18:00:00
BKG-02275,FAR-275,TR-075,Kiambu,completed,Land preparation,12956.68,paid,2025-12-09T19:00:00
BKG-02276,FAR-276,TR-076,Machakos,completed,Planting,52617.62,paid,2025-12-10T20:00:00
BKG-02277,FAR-277,TR-077,Nakuru,completed,Weeding,25762.04,paid,2025-12-11T21:00:00
BKG-02278,FAR-278,TR-078,Nairobi,pending,Harvesting,22444.44,pending,2025-12-12T22:00:00
BKG-02279,FAR-279,TR-079,Embu,cancelled,Soil management,10822.05,void,2025-12-13T23:00:00
BKG-02280,FAR-280,TR-080,Kiambu,completed,Land preparation,15723.01,paid,2025-12-14T00:00:00
BKG-02281,FAR-281,TR-081,Machakos,completed,Planting,30747.01,paid,2025-12-15T01:00:00
BKG-02282,FAR-282,TR-082,Nakuru,completed,Weeding,32788.1,paid,2025-12-16T02:00:00
BKG-02283,FAR-283,TR-083,Nairobi,completed,Harvesting,34153.73,paid,2025-12-17T03:00:00
BKG-02284,FAR-284,TR-084,Embu,pending,Soil management,52837.45,pending,2025-12-18T04:00:00
BKG-02285,FAR-285,TR-085,Kiambu,cancelled,Land preparation,29583.7,void,2025-12-19T05:00:00
BKG-02286,FAR-286,TR-086,Machakos,completed,Planting,25012.57,paid,2025-12-20T06:00:00
BKG-02287,FAR-287,TR-087,Nakuru,completed,Weeding,40177.79,paid,2025-12-21T07:00:00
BKG-02288,FAR-288,TR-088,Nairobi,completed,Harvesting,47326.98,paid,2025-12-22T08:00:00
BKG-02289,FAR-289,TR-089,Embu,completed,Soil management,27804.59,paid,2025-12-23T09:00:00
BKG-02290,FAR-290,TR-090,Kiambu,pending,Land preparation,49325.77,pending,2025-12-24T10:00:00
BKG-02291,FAR-291,TR-091,Machakos,cancelled,Planting,28481.79,void,2025-12-25T11:00:00
BKG-02292,FAR-292,TR-092,Nakuru,completed,Weeding,14950.96,paid,2025-12-26T12:00:00
BKG-02293,FAR-293,TR-093,Nairobi,completed,Harvesting,40263.0,paid,2025-12-27T13:00:00
BKG-02294,FAR-294,TR-094,Embu,completed,Soil management,12717.95,pending,2025-12-28T14:00:00
BKG-02295,FAR-295,TR-095,Kiambu,completed,Land preparation,43300.79,paid,2025-12-29T15:00:00
BKG-02296,FAR-296,TR-096,Machakos,pending,Planting,46727.7,pending,2025-12-30T16:00:00
BKG-02297,FAR-297,TR-097,Nakuru,cancelled,Weeding,23800.69,void,2025-12-31T17:00:00
BKG-02298,FAR-298,TR-098,Nairobi,completed,Harvesting,15573.78,paid,2026-01-01T18:00:00
BKG-02299,FAR-299,TR-099,Embu,completed,Soil management,40289.91,pending,2026-01-02T19:00:00
BKG-02300,FAR-300,TR-100,Kiambu,completed,Land preparation,16299.86,paid,2026-01-03T20:00:00
BKG-02301,FAR-301,TR-001,Machakos,completed,Planting,34782.42,paid,2026-01-04T21:00:00
BKG-02302,FAR-302,TR-002,Nakuru,pending,Weeding,18127.07,pending,2026-01-05T22:00:00
BKG-02303,FAR-303,TR-003,Nairobi,cancelled,Harvesting,15916.43,void,2026-01-06T23:00:00
BKG-02304,FAR-304,TR-004,Embu,completed,Soil management,37733.85,paid,2026-01-07T00:00:00
BKG-02305,FAR-305,TR-005,Kiambu,completed,Land preparation,12062.33,paid,2026-01-08T01:00:00
BKG-02306,FAR-306,TR-006,Machakos,completed,Planting,31453.87,paid,2026-01-09T02:00:00
BKG-02307,FAR-307,TR-007,Nakuru,completed,Weeding,22294.57,pending,2026-01-10T03:00:00
BKG-02308,FAR-308,TR-008,Nairobi,pending,Harvesting,48875.17,pending,2026-01-11T04:00:00
BKG-02309,FAR-309,TR-009,Embu,cancelled,Soil management,25509.43,void,2026-01-12T05:00:00
BKG-02310,FAR-310,TR-010,Kiambu,completed,Land preparation,26595.1,paid,2026-01-13T06:00:00
BKG-02311,FAR-311,TR-011,Machakos,completed,Planting,39060.58,paid,2026-01-14T07:00:00
BKG-02312,FAR-312,TR-012,Nakuru,completed,Weeding,50278.86,pending,2026-01-15T08:00:00
BKG-02313,FAR-313,TR-013,Nairobi,completed,Harvesting,52414.43,paid,2026-01-16T09:00:00
BKG-02314,FAR-314,TR-014,Embu,pending,Soil management,9354.46,pending,2026-01-17T10:00:00
BKG-02315,FAR-315,TR-015,Kiambu,cancelled,Land preparation,18401.06,void,2026-01-18T11:00:00
BKG-02316,FAR-316,TR-016,Machakos,completed,Planting,48721.58,paid,2026-01-19T12:00:00
BKG-02317,FAR-317,TR-017,Nakuru,completed,Weeding,35317.76,paid,2026-01-20T13:00:00
BKG-02318,FAR-318,TR-018,Nairobi,completed,Harvesting,14163.09,paid,2026-01-21T14:00:00
BKG-02319,FAR-319,TR-019,Embu,completed,Soil management,39051.04,paid,2026-01-22T15:00:00
BKG-02320,FAR-320,TR-020,Kiambu,pending,Land preparation,27291.37,pending,2026-01-23T16:00:00
BKG-02321,FAR-321,TR-021,Machakos,cancelled,Planting,20368.98,void,2026-01-24T17:00:00
BKG-02322,FAR-322,TR-022,Nakuru,completed,Weeding,16015.84,paid,2026-01-25T18:00:00
BKG-02323,FAR-323,TR-023,Nairobi,completed,Harvesting,51253.9,paid,2026-01-26T19:00:00
BKG-02324,FAR-324,TR-024,Embu,completed,Soil management,46435.34,paid,2026-01-27T20:00:00
BKG-02325,FAR-325,TR-025,Kiambu,completed,Land preparation,21356.47,paid,2026-01-28T21:00:00
BKG-02326,FAR-326,TR-026,Machakos,pending,Planting,27367.33,pending,2026-01-29T22:00:00
BKG-02327,FAR-327,TR-027,Nakuru,cancelled,Weeding,9914.73,void,2026-01-30T23:00:00
BKG-02328,FAR-328,TR-028,Nairobi,completed,Harvesting,49730.19,pending,2026-01-31T00:00:00
BKG-02329,FAR-329,TR-029,Embu,completed,Soil management,17493.91,paid,2026-02-01T01:00:00
BKG-02330,FAR-330,TR-030,Kiambu,completed,Land preparation,26030.51,paid,2026-02-02T02:00:00
BKG-02331,FAR-331,TR-031,Machakos,completed,Planting,31960.4,paid,2026-02-03T03:00:00
BKG-02332,FAR-332,TR-032,Nakuru,pending,Weeding,52614.55,pending,2026-02-04T04:00:00
BKG-02333,FAR-333,TR-033,Nairobi,cancelled,Harvesting,45663.59,void,2026-02-05T05:00:00
BKG-02334,FAR-334,TR-034,Embu,completed,Soil management,37593.38,paid,2026-02-06T06:00:00
BKG-02335,FAR-335,TR-035,Kiambu,completed,Land preparation,32476.96,paid,2026-02-07T07:00:00
BKG-02336,FAR-336,TR-036,Machakos,completed,Planting,26773.48,paid,2026-02-08T08:00:00
BKG-02337,FAR-337,TR-037,Nakuru,completed,Weeding,34281.24,paid,2026-02-09T09:00:00
BKG-02338,FAR-338,TR-038,Nairobi,pending,Harvesting,46447.66,pending,2026-02-10T10:00:00
BKG-02339,FAR-339,TR-039,Embu,cancelled,Soil management,42701.05,void,2026-02-11T11:00:00
BKG-02340,FAR-340,TR-040,Kiambu,completed,Land preparation,32526.49,paid,2026-02-12T12:00:00
BKG-02341,FAR-341,TR-041,Machakos,completed,Planting,41036.41,paid,2026-02-13T13:00:00
BKG-02342,FAR-342,TR-042,Nakuru,completed,Weeding,47676.46,paid,2026-02-14T14:00:00
BKG-02343,FAR-343,TR-043,Nairobi,completed,Harvesting,34733.26,paid,2026-02-15T15:00:00
BKG-02344,FAR-344,TR-044,Embu,pending,Soil management,52436.14,pending,2026-02-16T16:00:00
BKG-02345,FAR-345,TR-045,Kiambu,cancelled,Land preparation,18534.15,void,2026-02-17T17:00:00
BKG-02346,FAR-346,TR-046,Machakos,completed,Planting,26848.25,paid,2026-02-18T18:00:00
BKG-02347,FAR-347,TR-047,Nakuru,completed,Weeding,24000.08,paid,2026-02-19T19:00:00
BKG-02348,FAR-348,TR-048,Nairobi,completed,Harvesting,24284.35,paid,2026-02-20T20:00:00
BKG-02349,FAR-349,TR-049,Embu,completed,Soil management,9425.75,paid,2026-02-21T21:00:00
BKG-02350,FAR-350,TR-050,Kiambu,pending,Land preparation,40147.7,pending,2026-02-22T22:00:00
BKG-02351,FAR-351,TR-051,Machakos,cancelled,Planting,9984.77,void,2026-02-23T23:00:00
BKG-02352,FAR-352,TR-052,Nakuru,completed,Weeding,12354.36,paid,2026-02-24T00:00:00
BKG-02353,FAR-353,TR-053,Nairobi,completed,Harvesting,50015.46,paid,2026-02-25T01:00:00
BKG-02354,FAR-354,TR-054,Embu,completed,Soil management,26149.37,paid,2026-02-26T02:00:00
BKG-02355,FAR-355,TR-055,Kiambu,completed,Land preparation,51212.19,paid,2026-02-27T03:00:00
BKG-02356,FAR-356,TR-056,Machakos,pending,Planting,11077.58,pending,2026-02-28T04:00:00
BKG-02357,FAR-357,TR-057,Nakuru,cancelled,Weeding,18997.61,void,2026-03-01T05:00:00
BKG-02358,FAR-358,TR-058,Nairobi,completed,Harvesting,16432.45,paid,2026-03-02T06:00:00
BKG-02359,FAR-359,TR-059,Embu,completed,Soil management,41031.18,paid,2026-03-03T07:00:00
BKG-02360,FAR-360,TR-060,Kiambu,completed,Land preparation,19169.24,paid,2026-03-04T08:00:00
BKG-02361,FAR-361,TR-061,Machakos,completed,Planting,41947.4,paid,2026-03-05T09:00:00
BKG-02362,FAR-362,TR-062,Nakuru,pending,Weeding,20649.8,pending,2026-03-06T10:00:00
BKG-02363,FAR-363,TR-063,Nairobi,cancelled,Harvesting,29002.32,void,2026-03-07T11:00:00
BKG-02364,FAR-364,TR-064,Embu,completed,Soil management,51831.34,paid,2026-03-08T12:00:00
BKG-02365,FAR-365,TR-065,Kiambu,completed,Land preparation,14679.9,pending,2026-03-09T13:00:00
BKG-02366,FAR-366,TR-066,Machakos,completed,Planting,28617.07,paid,2026-03-10T14:00:00
BKG-02367,FAR-367,TR-067,Nakuru,completed,Weeding,48307.37,paid,2026-03-11T15:00:00
BKG-02368,FAR-368,TR-068,Nairobi,pending,Harvesting,12546.56,pending,2026-03-12T16:00:00
BKG-02369,FAR-369,TR-069,Embu,cancelled,Soil management,13077.38,void,2026-03-13T17:00:00
BKG-02370,FAR-370,TR-070,Kiambu,completed,Land preparation,37028.02,paid,2026-03-14T18:00:00
BKG-02371,FAR-371,TR-071,Machakos,completed,Planting,36666.67,paid,2026-03-15T19:00:00
BKG-02372,FAR-372,TR-072,Nakuru,completed,Weeding,53446.38,paid,2026-03-16T20:00:00
BKG-02373,FAR-373,TR-073,Nairobi,completed,Harvesting,38609.15,paid,2026-03-17T21:00:00
BKG-02374,FAR-374,TR-074,Embu,pending,Soil management,19918.64,pending,2026-03-18T22:00:00
BKG-02375,FAR-375,TR-075,Kiambu,cancelled,Land preparation,43542.72,void,2026-03-19T23:00:00
BKG-02376,FAR-376,TR-076,Machakos,completed,Planting,31071.46,paid,2026-03-20T00:00:00
BKG-02377,FAR-377,TR-077,Nakuru,completed,Weeding,18274.53,paid,2026-03-21T01:00:00
BKG-02378,FAR-378,TR-078,Nairobi,completed,Harvesting,26428.75,paid,2026-03-22T02:00:00
BKG-02379,FAR-379,TR-079,Embu,completed,Soil management,28326.23,paid,2026-03-23T03:00:00
BKG-02380,FAR-380,TR-080,Kiambu,pending,Land preparation,18201.49,pending,2026-03-24T04:00:00
BKG-02381,FAR-381,TR-081,Machakos,cancelled,Planting,23236.16,void,2026-03-25T05:00:00
BKG-02382,FAR-382,TR-082,Nakuru,completed,Weeding,13215.12,pending,2026-03-26T06:00:00
BKG-02383,FAR-383,TR-083,Nairobi,completed,Harvesting,21246.66,paid,2026-03-27T07:00:00
BKG-02384,FAR-384,TR-084,Embu,completed,Soil management,16240.4,pending,2026-03-28T08:00:00
BKG-02385,FAR-385,TR-085,Kiambu,completed,Land preparation,40455.11,paid,2026-03-29T09:00:00
BKG-02386,FAR-386,TR-086,Machakos,pending,Planting,17615.01,pending,2026-03-30T10:00:00
BKG-02387,FAR-387,TR-087,Nakuru,cancelled,Weeding,27287.38,void,2026-03-31T11:00:00
BKG-02388,FAR-388,TR-088,Nairobi,completed,Harvesting,32578.21,pending,2026-04-01T12:00:00
BKG-02389,FAR-389,TR-089,Embu,completed,Soil management,37237.81,paid,2026-04-02T13:00:00
BKG-02390,FAR-390,TR-090,Kiambu,completed,Land preparation,40323.76,paid,2026-04-03T14:00:00
BKG-02391,FAR-391,TR-091,Machakos,completed,Planting,26609.06,pending,2026-04-04T15:00:00
BKG-02392,FAR-392,TR-092,Nakuru,pending,Weeding,10897.54,pending,2026-04-05T16:00:00
BKG-02393,FAR-393,TR-093,Nairobi,cancelled,Harvesting,19985.64,void,2026-04-06T17:00:00
BKG-02394,FAR-394,TR-094,Embu,completed,Soil management,21288.6,paid,2026-04-07T18:00:00
BKG-02395,FAR-395,TR-095,Kiambu,completed,Land preparation,25559.48,paid,2026-04-08T19:00:00
BKG-02396,FAR-396,TR-096,Machakos,completed,Planting,39499.97,paid,2026-04-09T20:00:00
BKG-02397,FAR-397,TR-097,Nakuru,completed,Weeding,22556.18,paid,2026-04-10T21:00:00
BKG-02398,FAR-398,TR-098,Nairobi,pending,Harvesting,40330.37,pending,2026-04-11T22:00:00
BKG-02399,FAR-399,TR-099,Embu,cancelled,Soil management,50210.38,void,2026-04-12T23:00:00
BKG-02400,FAR-400,TR-100,Kiambu,completed,Land preparation,15786.29,pending,2026-04-13T00:00:00
BKG-02401,FAR-401,TR-001,Machakos,completed,Planting,48861.92,paid,2026-04-14T01:00:00
BKG-02402,FAR-402,TR-002,Nakuru,completed,Weeding,23177.79,paid,2026-04-15T02:00:00
BKG-02403,FAR-403,TR-003,Nairobi,completed,Harvesting,30200.61,paid,2026-04-16T03:00:00
BKG-02404,FAR-404,TR-004,Embu,pending,Soil management,10539.79,pending,2026-04-17T04:00:00
BKG-02405,FAR-405,TR-005,Kiambu,cancelled,Land preparation,34642.43,void,2026-04-18T05:00:00
BKG-02406,FAR-406,TR-006,Machakos,completed,Planting,42890.85,paid,2026-04-19T06:00:00
BKG-02407,FAR-407,TR-007,Nakuru,completed,Weeding,41331.66,pending,2026-04-20T07:00:00
BKG-02408,FAR-408,TR-008,Nairobi,completed,Harvesting,28870.74,paid,2026-04-21T08:00:00
BKG-02409,FAR-409,TR-009,Embu,completed,Soil management,31204.61,paid,2026-04-22T09:00:00
BKG-02410,FAR-410,TR-010,Kiambu,pending,Land preparation,30989.04,pending,2026-04-23T10:00:00
BKG-02411,FAR-411,TR-011,Machakos,cancelled,Planting,30194.1,void,2026-04-24T11:00:00
BKG-02412,FAR-412,TR-012,Nakuru,completed,Weeding,52819.31,pending,2026-04-25T12:00:00
BKG-02413,FAR-413,TR-013,Nairobi,completed,Harvesting,16504.12,paid,2026-04-26T13:00:00
BKG-02414,FAR-414,TR-014,Embu,completed,Soil management,11258.18,pending,2026-04-27T14:00:00
BKG-02415,FAR-415,TR-015,Kiambu,completed,Land preparation,33747.95,paid,2026-04-28T15:00:00
BKG-02416,FAR-416,TR-016,Machakos,pending,Planting,28331.07,pending,2026-04-29T16:00:00
BKG-02417,FAR-417,TR-017,Nakuru,cancelled,Weeding,53714.1,void,2026-04-30T17:00:00
BKG-02418,FAR-418,TR-018,Nairobi,completed,Harvesting,23324.18,pending,2026-05-01T18:00:00
BKG-02419,FAR-419,TR-019,Embu,completed,Soil management,34064.97,paid,2026-05-02T19:00:00
BKG-02420,FAR-420,TR-020,Kiambu,completed,Land preparation,36971.38,paid,2026-05-03T20:00:00
BKG-02421,FAR-421,TR-021,Machakos,completed,Planting,18194.01,pending,2026-05-04T21:00:00
BKG-02422,FAR-422,TR-022,Nakuru,pending,Weeding,24527.22,pending,2026-05-05T22:00:00
BKG-02423,FAR-423,TR-023,Nairobi,cancelled,Harvesting,24830.36,void,2026-05-06T23:00:00
BKG-02424,FAR-424,TR-024,Embu,completed,Soil management,29453.66,pending,2026-05-07T00:00:00
BKG-02425,FAR-425,TR-025,Kiambu,completed,Land preparation,30496.03,pending,2026-05-08T01:00:00
BKG-02426,FAR-426,TR-026,Machakos,completed,Planting,39046.61,paid,2026-05-09T02:00:00
BKG-02427,FAR-427,TR-027,Nakuru,completed,Weeding,21336.85,paid,2026-05-10T03:00:00
BKG-02428,FAR-428,TR-028,Nairobi,pending,Harvesting,22467.0,pending,2026-05-11T04:00:00
BKG-02429,FAR-429,TR-029,Embu,cancelled,Soil management,25754.22,void,2026-05-12T05:00:00
BKG-02430,FAR-430,TR-030,Kiambu,completed,Land preparation,39245.89,pending,2026-05-13T06:00:00
BKG-02431,FAR-431,TR-031,Machakos,completed,Planting,38712.79,paid,2026-05-14T07:00:00
BKG-02432,FAR-432,TR-032,Nakuru,completed,Weeding,39748.88,pending,2026-05-15T08:00:00
BKG-02433,FAR-433,TR-033,Nairobi,completed,Harvesting,48959.52,paid,2026-05-16T09:00:00
BKG-02434,FAR-434,TR-034,Embu,pending,Soil management,20476.18,pending,2026-05-17T10:00:00
BKG-02435,FAR-435,TR-035,Kiambu,cancelled,Land preparation,33925.85,void,2026-05-18T11:00:00
BKG-02436,FAR-436,TR-036,Machakos,completed,Planting,29140.39,paid,2026-05-19T12:00:00
BKG-02437,FAR-437,TR-037,Nakuru,completed,Weeding,10651.27,paid,2026-05-20T13:00:00
BKG-02438,FAR-438,TR-038,Nairobi,completed,Harvesting,53521.22,paid,2026-05-21T14:00:00
BKG-02439,FAR-439,TR-039,Embu,completed,Soil management,26167.57,paid,2026-05-22T15:00:00
BKG-02440,FAR-440,TR-040,Kiambu,pending,Land preparation,19739.33,pending,2026-05-23T16:00:00
BKG-02441,FAR-441,TR-041,Machakos,cancelled,Planting,31639.32,void,2026-05-24T17:00:00
BKG-02442,FAR-442,TR-042,Nakuru,completed,Weeding,45291.61,paid,2026-05-25T18:00:00
BKG-02443,FAR-443,TR-043,Nairobi,completed,Harvesting,32927.0,paid,2026-05-26T19:00:00
BKG-02444,FAR-444,TR-044,Embu,completed,Soil management,42863.72,pending,2026-05-27T20:00:00
BKG-02445,FAR-445,TR-045,Kiambu,completed,Land preparation,46291.22,paid,2026-05-28T21:00:00
BKG-02446,FAR-446,TR-046,Machakos,pending,Planting,53221.76,pending,2026-05-29T22:00:00
BKG-02447,FAR-447,TR-047,Nakuru,cancelled,Weeding,20726.85,void,2026-05-30T23:00:00
BKG-02448,FAR-448,TR-048,Nairobi,completed,Harvesting,44013.39,pending,2026-05-31T00:00:00
BKG-02449,FAR-449,TR-049,Embu,completed,Soil management,16752.64,paid,2026-06-01T01:00:00
BKG-02450,FAR-450,TR-050,Kiambu,completed,Land preparation,25514.85,paid,2026-06-02T02:00:00
BKG-02451,FAR-451,TR-051,Machakos,completed,Planting,18547.02,paid,2026-06-03T03:00:00
BKG-02452,FAR-452,TR-052,Nakuru,pending,Weeding,15005.2,pending,2026-06-04T04:00:00
BKG-02453,FAR-453,TR-053,Nairobi,cancelled,Harvesting,18261.06,void,2026-06-05T05:00:00
BKG-02454,FAR-454,TR-054,Embu,completed,Soil management,44037.93,paid,2026-06-06T06:00:00
BKG-02455,FAR-455,TR-055,Kiambu,completed,Land preparation,50793.8,paid,2026-06-07T07:00:00
BKG-02456,FAR-456,TR-056,Machakos,completed,Planting,28304.72,paid,2026-06-08T08:00:00
BKG-02457,FAR-457,TR-057,Nakuru,completed,Weeding,42364.04,paid,2026-06-09T09:00:00
BKG-02458,FAR-458,TR-058,Nairobi,pending,Harvesting,28232.53,pending,2026-06-10T10:00:00
BKG-02459,FAR-459,TR-059,Embu,cancelled,Soil management,25441.64,void,2026-06-11T11:00:00
BKG-02460,FAR-460,TR-060,Kiambu,completed,Land preparation,19667.04,paid,2026-06-12T12:00:00
BKG-02461,FAR-461,TR-061,Machakos,completed,Planting,12656.03,paid,2026-06-13T13:00:00
BKG-02462,FAR-462,TR-062,Nakuru,completed,Weeding,24250.2,paid,2026-06-14T14:00:00
BKG-02463,FAR-463,TR-063,Nairobi,completed,Harvesting,41522.51,paid,2026-06-15T15:00:00
BKG-02464,FAR-464,TR-064,Embu,pending,Soil management,38727.82,pending,2026-06-16T16:00:00
BKG-02465,FAR-465,TR-065,Kiambu,cancelled,Land preparation,25168.03,void,2026-06-17T17:00:00
BKG-02466,FAR-466,TR-066,Machakos,completed,Planting,27353.54,pending,2026-06-18T18:00:00
BKG-02467,FAR-467,TR-067,Nakuru,completed,Weeding,17372.93,paid,2026-06-19T19:00:00
BKG-02468,FAR-468,TR-068,Nairobi,completed,Harvesting,42458.66,paid,2026-06-20T20:00:00
BKG-02469,FAR-469,TR-069,Embu,completed,Soil management,25845.26,paid,2026-06-21T21:00:00
BKG-02470,FAR-470,TR-070,Kiambu,pending,Land preparation,31241.39,pending,2026-06-22T22:00:00
BKG-02471,FAR-471,TR-071,Machakos,cancelled,Planting,34609.19,void,2026-06-23T23:00:00
BKG-02472,FAR-472,TR-072,Nakuru,completed,Weeding,46394.28,paid,2026-06-24T00:00:00
BKG-02473,FAR-473,TR-073,Nairobi,completed,Harvesting,36329.92,paid,2026-06-25T01:00:00
BKG-02474,FAR-474,TR-074,Embu,completed,Soil management,42604.3,paid,2026-06-26T02:00:00
BKG-02475,FAR-475,TR-075,Kiambu,completed,Land preparation,41727.18,paid,2026-06-27T03:00:00
BKG-02476,FAR-476,TR-076,Machakos,pending,Planting,50012.09,pending,2026-06-28T04:00:00
BKG-02477,FAR-477,TR-077,Nakuru,cancelled,Weeding,46079.77,void,2026-06-29T05:00:00
BKG-02478,FAR-478,TR-078,Nairobi,completed,Harvesting,10346.05,paid,2026-06-30T06:00:00
BKG-02479,FAR-479,TR-079,Embu,completed,Soil management,14509.72,paid,2026-07-01T07:00:00
BKG-02480,FAR-480,TR-080,Kiambu,completed,Land preparation,14218.64,paid,2026-07-02T08:00:00
BKG-02481,FAR-481,TR-081,Machakos,completed,Planting,40192.61,paid,2026-07-03T09:00:00
BKG-02482,FAR-482,TR-082,Nakuru,pending,Weeding,34663.43,pending,2026-07-04T10:00:00
BKG-02483,FAR-483,TR-083,Nairobi,cancelled,Harvesting,9008.93,void,2026-07-05T11:00:00
BKG-02484,FAR-484,TR-084,Embu,completed,Soil management,34185.79,pending,2026-07-06T12:00:00
BKG-02485,FAR-485,TR-085,Kiambu,completed,Land preparation,51553.51,paid,2026-07-07T13:00:00
BKG-02486,FAR-486,TR-086,Machakos,completed,Planting,24031.23,paid,2026-07-08T14:00:00
BKG-02487,FAR-487,TR-087,Nakuru,completed,Weeding,32721.25,paid,2026-07-09T15:00:00
BKG-02488,FAR-488,TR-088,Nairobi,pending,Harvesting,22060.91,pending,2026-07-10T16:00:00
BKG-02489,FAR-489,TR-089,Embu,cancelled,Soil management,50887.09,void,2026-07-11T17:00:00
BKG-02490,FAR-490,TR-090,Kiambu,completed,Land preparation,41471.16,pending,2026-07-12T18:00:00
BKG-02491,FAR-491,TR-091,Machakos,completed,Planting,10623.0,pending,2026-07-13T19:00:00
BKG-02492,FAR-492,TR-092,Nakuru,completed,Weeding,31018.39,paid,2026-07-14T20:00:00
BKG-02493,FAR-493,TR-093,Nairobi,completed,Harvesting,50157.57,paid,2026-07-15T21:00:00
BKG-02494,FAR-494,TR-094,Embu,pending,Soil management,29898.29,pending,2026-07-16T22:00:00
BKG-02495,FAR-495,TR-095,Kiambu,cancelled,Land preparation,12670.23,void,2026-07-17T23:00:00
BKG-02496,FAR-496,TR-096,Machakos,completed,Planting,10899.31,paid,2026-07-18T00:00:00
BKG-02497,FAR-497,TR-097,Nakuru,completed,Weeding,35551.93,paid,2026-07-19T01:00:00
BKG-02498,FAR-498,TR-098,Nairobi,completed,Harvesting,15309.62,paid,2026-07-20T02:00:00
BKG-02499,FAR-499,TR-099,Embu,completed,Soil management,29970.62,paid,2026-07-21T03:00:00
BKG-02500,FAR-500,TR-100,Kiambu,pending,Land preparation,36246.44,pending,2026-07-22T04:00:00
BKG-02501,FAR-001,TR-001,Machakos,cancelled,Planting,30405.05,void,2026-07-23T05:00:00
BKG-02502,FAR-002,TR-002,Nakuru,completed,Weeding,43454.09,paid,2026-07-24T06:00:00
BKG-02503,FAR-003,TR-003,Nairobi,completed,Harvesting,45624.48,paid,2026-07-25T07:00:00
BKG-02504,FAR-004,TR-004,Embu,completed,Soil management,15755.56,paid,2026-07-26T08:00:00
BKG-02505,FAR-005,TR-005,Kiambu,completed,Land preparation,12095.9,pending,2026-07-27T09:00:00
BKG-02506,FAR-006,TR-006,Machakos,pending,Planting,45815.99,pending,2026-07-28T10:00:00
BKG-02507,FAR-007,TR-007,Nakuru,cancelled,Weeding,43097.56,void,2026-07-29T11:00:00
BKG-02508,FAR-008,TR-008,Nairobi,completed,Harvesting,21408.5,pending,2026-07-30T12:00:00
BKG-02509,FAR-009,TR-009,Embu,completed,Soil management,35741.72,pending,2026-07-31T13:00:00
BKG-02510,FAR-010,TR-010,Kiambu,completed,Land preparation,45137.25,paid,2026-08-01T14:00:00
BKG-02511,FAR-011,TR-011,Machakos,completed,Planting,34224.15,paid,2026-08-02T15:00:00
BKG-02512,FAR-012,TR-012,Nakuru,pending,Weeding,11941.29,pending,2026-08-03T16:00:00
BKG-02513,FAR-013,TR-013,Nairobi,cancelled,Harvesting,27558.7,void,2026-08-04T17:00:00
BKG-02514,FAR-014,TR-014,Embu,completed,Soil management,46285.5,paid,2026-08-05T18:00:00
BKG-02515,FAR-015,TR-015,Kiambu,completed,Land preparation,53914.62,paid,2026-08-06T19:00:00
BKG-02516,FAR-016,TR-016,Machakos,completed,Planting,29772.01,paid,2026-08-07T20:00:00
BKG-02517,FAR-017,TR-017,Nakuru,completed,Weeding,48843.28,pending,2026-08-08T21:00:00
BKG-02518,FAR-018,TR-018,Nairobi,pending,Harvesting,24228.71,pending,2026-08-09T22:00:00
BKG-02519,FAR-019,TR-019,Embu,cancelled,Soil management,24445.9,void,2026-08-10T23:00:00
BKG-02520,FAR-020,TR-020,Kiambu,completed,Land preparation,40748.32,paid,2026-08-11T00:00:00
BKG-02521,FAR-021,TR-021,Machakos,completed,Planting,14970.55,paid,2026-08-12T01:00:00
BKG-02522,FAR-022,TR-022,Nakuru,completed,Weeding,20089.63,pending,2026-08-13T02:00:00
BKG-02523,FAR-023,TR-023,Nairobi,completed,Harvesting,41821.18,paid,2026-08-14T03:00:00
BKG-02524,FAR-024,TR-024,Embu,pending,Soil management,28077.8,pending,2026-08-15T04:00:00
BKG-02525,FAR-025,TR-025,Kiambu,cancelled,Land preparation,30619.54,void,2026-08-16T05:00:00
BKG-02526,FAR-026,TR-026,Machakos,completed,Planting,47047.42,paid,2026-08-17T06:00:00
BKG-02527,FAR-027,TR-027,Nakuru,completed,Weeding,39113.92,paid,2026-08-18T07:00:00
BKG-02528,FAR-028,TR-028,Nairobi,completed,Harvesting,27285.2,paid,2026-08-19T08:00:00
BKG-02529,FAR-029,TR-029,Embu,completed,Soil management,50629.86,paid,2026-08-20T09:00:00
BKG-02530,FAR-030,TR-030,Kiambu,pending,Land preparation,15824.75,pending,2026-08-21T10:00:00
BKG-02531,FAR-031,TR-031,Machakos,cancelled,Planting,30203.56,void,2026-08-22T11:00:00
BKG-02532,FAR-032,TR-032,Nakuru,completed,Weeding,10950.54,paid,2026-08-23T12:00:00
BKG-02533,FAR-033,TR-033,Nairobi,completed,Harvesting,15065.9,paid,2026-08-24T13:00:00
BKG-02534,FAR-034,TR-034,Embu,completed,Soil management,36819.75,paid,2026-08-25T14:00:00
BKG-02535,FAR-035,TR-035,Kiambu,completed,Land preparation,51656.79,paid,2026-08-26T15:00:00
BKG-02536,FAR-036,TR-036,Machakos,pending,Planting,53670.73,pending,2026-08-27T16:00:00
BKG-02537,FAR-037,TR-037,Nakuru,cancelled,Weeding,30625.06,void,2026-08-28T17:00:00
BKG-02538,FAR-038,TR-038,Nairobi,completed,Harvesting,17051.13,paid,2026-08-29T18:00:00
BKG-02539,FAR-039,TR-039,Embu,completed,Soil management,14009.68,paid,2026-08-30T19:00:00
BKG-02540,FAR-040,TR-040,Kiambu,completed,Land preparation,43915.82,paid,2026-08-31T20:00:00
BKG-02541,FAR-041,TR-041,Machakos,completed,Planting,11458.74,paid,2026-09-01T21:00:00
BKG-02542,FAR-042,TR-042,Nakuru,pending,Weeding,23355.45,pending,2026-09-02T22:00:00
BKG-02543,FAR-043,TR-043,Nairobi,cancelled,Harvesting,46701.99,void,2026-09-03T23:00:00
BKG-02544,FAR-044,TR-044,Embu,completed,Soil management,37290.91,paid,2026-09-04T00:00:00
BKG-02545,FAR-045,TR-045,Kiambu,completed,Land preparation,16848.23,paid,2026-09-05T01:00:00
BKG-02546,FAR-046,TR-046,Machakos,completed,Planting,29990.96,paid,2026-09-06T02:00:00
BKG-02547,FAR-047,TR-047,Nakuru,completed,Weeding,34114.92,paid,2026-09-07T03:00:00
BKG-02548,FAR-048,TR-048,Nairobi,pending,Harvesting,31489.14,pending,2026-09-08T04:00:00
BKG-02549,FAR-049,TR-049,Embu,cancelled,Soil management,40318.64,void,2026-09-09T05:00:00
BKG-02550,FAR-050,TR-050,Kiambu,completed,Land preparation,11913.09,pending,2026-09-10T06:00:00
BKG-02551,FAR-051,TR-051,Machakos,completed,Planting,36948.4,paid,2026-09-11T07:00:00
BKG-02552,FAR-052,TR-052,Nakuru,completed,Weeding,13972.08,paid,2026-09-12T08:00:00
BKG-02553,FAR-053,TR-053,Nairobi,completed,Harvesting,10528.58,paid,2026-09-13T09:00:00
BKG-02554,FAR-054,TR-054,Embu,pending,Soil management,9087.39,pending,2026-09-14T10:00:00
BKG-02555,FAR-055,TR-055,Kiambu,cancelled,Land preparation,31645.3,void,2025-09-15T11:00:00
BKG-02556,FAR-056,TR-056,Machakos,completed,Planting,39737.85,paid,2025-09-16T12:00:00
BKG-02557,FAR-057,TR-057,Nakuru,completed,Weeding,50829.44,pending,2025-09-17T13:00:00
BKG-02558,FAR-058,TR-058,Nairobi,completed,Harvesting,26278.79,pending,2025-09-18T14:00:00
BKG-02559,FAR-059,TR-059,Embu,completed,Soil management,33418.65,paid,2025-09-19T15:00:00
BKG-02560,FAR-060,TR-060,Kiambu,pending,Land preparation,24088.19,pending,2025-09-20T16:00:00
BKG-02561,FAR-061,TR-061,Machakos,cancelled,Planting,33234.16,void,2025-09-21T17:00:00
BKG-02562,FAR-062,TR-062,Nakuru,completed,Weeding,46671.59,paid,2025-09-22T18:00:00
BKG-02563,FAR-063,TR-063,Nairobi,completed,Harvesting,16168.45,paid,2025-09-23T19:00:00
BKG-02564,FAR-064,TR-064,Embu,completed,Soil management,9235.82,paid,2025-09-24T20:00:00
BKG-02565,FAR-065,TR-065,Kiambu,completed,Land preparation,27169.12,paid,2025-09-25T21:00:00
BKG-02566,FAR-066,TR-066,Machakos,pending,Planting,13640.15,pending,2025-09-26T22:00:00
BKG-02567,FAR-067,TR-067,Nakuru,cancelled,Weeding,17634.85,void,2025-09-27T23:00:00
BKG-02568,FAR-068,TR-068,Nairobi,completed,Harvesting,47508.44,paid,2025-09-28T00:00:00
BKG-02569,FAR-069,TR-069,Embu,completed,Soil management,27058.82,paid,2025-09-29T01:00:00
BKG-02570,FAR-070,TR-070,Kiambu,completed,Land preparation,44727.7,paid,2025-09-30T02:00:00
BKG-02571,FAR-071,TR-071,Machakos,completed,Planting,11020.79,paid,2025-10-01T03:00:00
BKG-02572,FAR-072,TR-072,Nakuru,pending,Weeding,37545.44,pending,2025-10-02T04:00:00
BKG-02573,FAR-073,TR-073,Nairobi,cancelled,Harvesting,16675.57,void,2025-10-03T05:00:00
BKG-02574,FAR-074,TR-074,Embu,completed,Soil management,15514.15,paid,2025-10-04T06:00:00
BKG-02575,FAR-075,TR-075,Kiambu,completed,Land preparation,20698.38,paid,2025-10-05T07:00:00
BKG-02576,FAR-076,TR-076,Machakos,completed,Planting,16689.83,paid,2025-10-06T08:00:00
BKG-02577,FAR-077,TR-077,Nakuru,completed,Weeding,46699.47,paid,2025-10-07T09:00:00
BKG-02578,FAR-078,TR-078,Nairobi,pending,Harvesting,23698.19,pending,2025-10-08T10:00:00
BKG-02579,FAR-079,TR-079,Embu,cancelled,Soil management,23150.31,void,2025-10-09T11:00:00
BKG-02580,FAR-080,TR-080,Kiambu,completed,Land preparation,45746.52,paid,2025-10-10T12:00:00
BKG-02581,FAR-081,TR-081,Machakos,completed,Planting,44266.4,paid,2025-10-11T13:00:00
BKG-02582,FAR-082,TR-082,Nakuru,completed,Weeding,52134.6,paid,2025-10-12T14:00:00
BKG-02583,FAR-083,TR-083,Nairobi,completed,Harvesting,25675.5,pending,2025-10-13T15:00:00
BKG-02584,FAR-084,TR-084,Embu,pending,Soil management,18307.33,pending,2025-10-14T16:00:00
BKG-02585,FAR-085,TR-085,Kiambu,cancelled,Land preparation,48807.59,void,2025-10-15T17:00:00
BKG-02586,FAR-086,TR-086,Machakos,completed,Planting,50893.54,paid,2025-10-16T18:00:00
BKG-02587,FAR-087,TR-087,Nakuru,completed,Weeding,40757.2,paid,2025-10-17T19:00:00
BKG-02588,FAR-088,TR-088,Nairobi,completed,Harvesting,43394.58,paid,2025-10-18T20:00:00
BKG-02589,FAR-089,TR-089,Embu,completed,Soil management,20609.73,paid,2025-10-19T21:00:00
BKG-02590,FAR-090,TR-090,Kiambu,pending,Land preparation,31621.6,pending,2025-10-20T22:00:00
BKG-02591,FAR-091,TR-091,Machakos,cancelled,Planting,13715.95,void,2025-10-21T23:00:00
BKG-02592,FAR-092,TR-092,Nakuru,completed,Weeding,50745.32,pending,2025-10-22T00:00:00
BKG-02593,FAR-093,TR-093,Nairobi,completed,Harvesting,35815.76,paid,2025-10-23T01:00:00
BKG-02594,FAR-094,TR-094,Embu,completed,Soil management,33184.13,paid,2025-10-24T02:00:00
BKG-02595,FAR-095,TR-095,Kiambu,completed,Land preparation,17499.8,paid,2025-10-25T03:00:00
BKG-02596,FAR-096,TR-096,Machakos,pending,Planting,21638.55,pending,2025-10-26T04:00:00
BKG-02597,FAR-097,TR-097,Nakuru,cancelled,Weeding,50579.11,void,2025-10-27T05:00:00
BKG-02598,FAR-098,TR-098,Nairobi,completed,Harvesting,39424.69,paid,2025-10-28T06:00:00
BKG-02599,FAR-099,TR-099,Embu,completed,Soil management,53228.76,paid,2025-10-29T07:00:00
BKG-02600,FAR-100,TR-100,Kiambu,completed,Land preparation,52320.95,paid,2025-10-30T08:00:00
BKG-02601,FAR-101,TR-001,Machakos,completed,Planting,31803.92,paid,2025-10-31T09:00:00
BKG-02602,FAR-102,TR-002,Nakuru,pending,Weeding,10944.43,pending,2025-11-01T10:00:00
BKG-02603,FAR-103,TR-003,Nairobi,cancelled,Harvesting,35178.59,void,2025-11-02T11:00:00
BKG-02604,FAR-104,TR-004,Embu,completed,Soil management,38021.58,paid,2025-11-03T12:00:00
BKG-02605,FAR-105,TR-005,Kiambu,completed,Land preparation,29252.75,paid,2025-11-04T13:00:00
BKG-02606,FAR-106,TR-006,Machakos,completed,Planting,49492.57,paid,2025-11-05T14:00:00
BKG-02607,FAR-107,TR-007,Nakuru,completed,Weeding,20186.16,pending,2025-11-06T15:00:00
BKG-02608,FAR-108,TR-008,Nairobi,pending,Harvesting,44835.7,pending,2025-11-07T16:00:00
BKG-02609,FAR-109,TR-009,Embu,cancelled,Soil management,9016.24,void,2025-11-08T17:00:00
BKG-02610,FAR-110,TR-010,Kiambu,completed,Land preparation,49016.28,paid,2025-11-09T18:00:00
BKG-02611,FAR-111,TR-011,Machakos,completed,Planting,17978.91,paid,2025-11-10T19:00:00
BKG-02612,FAR-112,TR-012,Nakuru,completed,Weeding,17065.42,paid,2025-11-11T20:00:00
BKG-02613,FAR-113,TR-013,Nairobi,completed,Harvesting,30231.95,paid,2025-11-12T21:00:00
BKG-02614,FAR-114,TR-014,Embu,pending,Soil management,19203.61,pending,2025-11-13T22:00:00
BKG-02615,FAR-115,TR-015,Kiambu,cancelled,Land preparation,46190.22,void,2025-11-14T23:00:00
BKG-02616,FAR-116,TR-016,Machakos,completed,Planting,29925.38,paid,2025-11-15T00:00:00
BKG-02617,FAR-117,TR-017,Nakuru,completed,Weeding,51388.14,pending,2025-11-16T01:00:00
BKG-02618,FAR-118,TR-018,Nairobi,completed,Harvesting,44773.59,paid,2025-11-17T02:00:00
BKG-02619,FAR-119,TR-019,Embu,completed,Soil management,14823.75,paid,2025-11-18T03:00:00
BKG-02620,FAR-120,TR-020,Kiambu,pending,Land preparation,41382.41,pending,2025-11-19T04:00:00
BKG-02621,FAR-121,TR-021,Machakos,cancelled,Planting,51485.84,void,2025-11-20T05:00:00
BKG-02622,FAR-122,TR-022,Nakuru,completed,Weeding,31967.41,pending,2025-11-21T06:00:00
BKG-02623,FAR-123,TR-023,Nairobi,completed,Harvesting,30941.7,paid,2025-11-22T07:00:00
BKG-02624,FAR-124,TR-024,Embu,completed,Soil management,37798.74,paid,2025-11-23T08:00:00
BKG-02625,FAR-125,TR-025,Kiambu,completed,Land preparation,45436.34,paid,2025-11-24T09:00:00
BKG-02626,FAR-126,TR-026,Machakos,pending,Planting,44471.97,pending,2025-11-25T10:00:00
BKG-02627,FAR-127,TR-027,Nakuru,cancelled,Weeding,20206.65,void,2025-11-26T11:00:00
BKG-02628,FAR-128,TR-028,Nairobi,completed,Harvesting,52697.42,paid,2025-11-27T12:00:00
BKG-02629,FAR-129,TR-029,Embu,completed,Soil management,11695.78,paid,2025-11-28T13:00:00
BKG-02630,FAR-130,TR-030,Kiambu,completed,Land preparation,46861.81,pending,2025-11-29T14:00:00
BKG-02631,FAR-131,TR-031,Machakos,completed,Planting,21113.88,paid,2025-11-30T15:00:00
BKG-02632,FAR-132,TR-032,Nakuru,pending,Weeding,31677.75,pending,2025-12-01T16:00:00
BKG-02633,FAR-133,TR-033,Nairobi,cancelled,Harvesting,53346.91,void,2025-12-02T17:00:00
BKG-02634,FAR-134,TR-034,Embu,completed,Soil management,22837.64,pending,2025-12-03T18:00:00
BKG-02635,FAR-135,TR-035,Kiambu,completed,Land preparation,11265.54,paid,2025-12-04T19:00:00
BKG-02636,FAR-136,TR-036,Machakos,completed,Planting,37598.69,pending,2025-12-05T20:00:00
BKG-02637,FAR-137,TR-037,Nakuru,completed,Weeding,17786.24,paid,2025-12-06T21:00:00
BKG-02638,FAR-138,TR-038,Nairobi,pending,Harvesting,42378.51,pending,2025-12-07T22:00:00
BKG-02639,FAR-139,TR-039,Embu,cancelled,Soil management,28650.42,void,2025-12-08T23:00:00
BKG-02640,FAR-140,TR-040,Kiambu,completed,Land preparation,29405.83,paid,2025-12-09T00:00:00
BKG-02641,FAR-141,TR-041,Machakos,completed,Planting,35448.42,paid,2025-12-10T01:00:00
BKG-02642,FAR-142,TR-042,Nakuru,completed,Weeding,46370.28,paid,2025-12-11T02:00:00
BKG-02643,FAR-143,TR-043,Nairobi,completed,Harvesting,34819.76,paid,2025-12-12T03:00:00
BKG-02644,FAR-144,TR-044,Embu,pending,Soil management,33089.18,pending,2025-12-13T04:00:00
BKG-02645,FAR-145,TR-045,Kiambu,cancelled,Land preparation,16123.02,void,2025-12-14T05:00:00
BKG-02646,FAR-146,TR-046,Machakos,completed,Planting,33693.7,paid,2025-12-15T06:00:00
BKG-02647,FAR-147,TR-047,Nakuru,completed,Weeding,23579.26,paid,2025-12-16T07:00:00
BKG-02648,FAR-148,TR-048,Nairobi,completed,Harvesting,53619.84,pending,2025-12-17T08:00:00
BKG-02649,FAR-149,TR-049,Embu,completed,Soil management,32628.18,paid,2025-12-18T09:00:00
BKG-02650,FAR-150,TR-050,Kiambu,pending,Land preparation,14712.92,pending,2025-12-19T10:00:00
BKG-02651,FAR-151,TR-051,Machakos,cancelled,Planting,13859.59,void,2025-12-20T11:00:00
BKG-02652,FAR-152,TR-052,Nakuru,completed,Weeding,38733.68,pending,2025-12-21T12:00:00
BKG-02653,FAR-153,TR-053,Nairobi,completed,Harvesting,41147.53,pending,2025-12-22T13:00:00
BKG-02654,FAR-154,TR-054,Embu,completed,Soil management,13976.02,paid,2025-12-23T14:00:00
BKG-02655,FAR-155,TR-055,Kiambu,completed,Land preparation,30931.41,paid,2025-12-24T15:00:00
BKG-02656,FAR-156,TR-056,Machakos,pending,Planting,48487.63,pending,2025-12-25T16:00:00
BKG-02657,FAR-157,TR-057,Nakuru,cancelled,Weeding,52243.61,void,2025-12-26T17:00:00
BKG-02658,FAR-158,TR-058,Nairobi,completed,Harvesting,46471.48,paid,2025-12-27T18:00:00
BKG-02659,FAR-159,TR-059,Embu,completed,Soil management,15778.75,paid,2025-12-28T19:00:00
BKG-02660,FAR-160,TR-060,Kiambu,completed,Land preparation,36985.5,paid,2025-12-29T20:00:00
BKG-02661,FAR-161,TR-061,Machakos,completed,Planting,24049.52,paid,2025-12-30T21:00:00
BKG-02662,FAR-162,TR-062,Nakuru,pending,Weeding,23850.82,pending,2025-12-31T22:00:00
BKG-02663,FAR-163,TR-063,Nairobi,cancelled,Harvesting,37654.81,void,2026-01-01T23:00:00
BKG-02664,FAR-164,TR-064,Embu,completed,Soil management,43023.51,paid,2026-01-02T00:00:00
BKG-02665,FAR-165,TR-065,Kiambu,completed,Land preparation,35176.22,paid,2026-01-03T01:00:00
BKG-02666,FAR-166,TR-066,Machakos,completed,Planting,11535.6,paid,2026-01-04T02:00:00
BKG-02667,FAR-167,TR-067,Nakuru,completed,Weeding,27373.84,paid,2026-01-05T03:00:00
BKG-02668,FAR-168,TR-068,Nairobi,pending,Harvesting,23883.73,pending,2026-01-06T04:00:00
BKG-02669,FAR-169,TR-069,Embu,cancelled,Soil management,49678.09,void,2026-01-07T05:00:00
BKG-02670,FAR-170,TR-070,Kiambu,completed,Land preparation,30511.02,paid,2026-01-08T06:00:00
BKG-02671,FAR-171,TR-071,Machakos,completed,Planting,26013.47,paid,2026-01-09T07:00:00
BKG-02672,FAR-172,TR-072,Nakuru,completed,Weeding,42423.94,paid,2026-01-10T08:00:00
BKG-02673,FAR-173,TR-073,Nairobi,completed,Harvesting,17715.23,paid,2026-01-11T09:00:00
BKG-02674,FAR-174,TR-074,Embu,pending,Soil management,37269.42,pending,2026-01-12T10:00:00
BKG-02675,FAR-175,TR-075,Kiambu,cancelled,Land preparation,31395.66,void,2026-01-13T11:00:00
BKG-02676,FAR-176,TR-076,Machakos,completed,Planting,9983.52,paid,2026-01-14T12:00:00
BKG-02677,FAR-177,TR-077,Nakuru,completed,Weeding,53013.87,paid,2026-01-15T13:00:00
BKG-02678,FAR-178,TR-078,Nairobi,completed,Harvesting,10204.05,paid,2026-01-16T14:00:00
BKG-02679,FAR-179,TR-079,Embu,completed,Soil management,14794.29,paid,2026-01-17T15:00:00
BKG-02680,FAR-180,TR-080,Kiambu,pending,Land preparation,32323.58,pending,2026-01-18T16:00:00
BKG-02681,FAR-181,TR-081,Machakos,cancelled,Planting,30708.2,void,2026-01-19T17:00:00
BKG-02682,FAR-182,TR-082,Nakuru,completed,Weeding,27186.89,paid,2026-01-20T18:00:00
BKG-02683,FAR-183,TR-083,Nairobi,completed,Harvesting,28517.71,paid,2026-01-21T19:00:00
BKG-02684,FAR-184,TR-084,Embu,completed,Soil management,43813.52,paid,2026-01-22T20:00:00
BKG-02685,FAR-185,TR-085,Kiambu,completed,Land preparation,26958.48,paid,2026-01-23T21:00:00
BKG-02686,FAR-186,TR-086,Machakos,pending,Planting,22836.89,pending,2026-01-24T22:00:00
BKG-02687,FAR-187,TR-087,Nakuru,cancelled,Weeding,21541.39,void,2026-01-25T23:00:00
BKG-02688,FAR-188,TR-088,Nairobi,completed,Harvesting,10001.96,paid,2026-01-26T00:00:00
BKG-02689,FAR-189,TR-089,Embu,completed,Soil management,30858.82,paid,2026-01-27T01:00:00
BKG-02690,FAR-190,TR-090,Kiambu,completed,Land preparation,47257.06,pending,2026-01-28T02:00:00
BKG-02691,FAR-191,TR-091,Machakos,completed,Planting,26505.68,paid,2026-01-29T03:00:00
BKG-02692,FAR-192,TR-092,Nakuru,pending,Weeding,47975.01,pending,2026-01-30T04:00:00
BKG-02693,FAR-193,TR-093,Nairobi,cancelled,Harvesting,34273.95,void,2026-01-31T05:00:00
BKG-02694,FAR-194,TR-094,Embu,completed,Soil management,19509.45,paid,2026-02-01T06:00:00
BKG-02695,FAR-195,TR-095,Kiambu,completed,Land preparation,30838.99,paid,2026-02-02T07:00:00
BKG-02696,FAR-196,TR-096,Machakos,completed,Planting,36829.17,paid,2026-02-03T08:00:00
BKG-02697,FAR-197,TR-097,Nakuru,completed,Weeding,35769.64,paid,2026-02-04T09:00:00
BKG-02698,FAR-198,TR-098,Nairobi,pending,Harvesting,34608.51,pending,2026-02-05T10:00:00
BKG-02699,FAR-199,TR-099,Embu,cancelled,Soil management,17948.11,void,2026-02-06T11:00:00
BKG-02700,FAR-200,TR-100,Kiambu,completed,Land preparation,14437.4,paid,2026-02-07T12:00:00
BKG-02701,FAR-201,TR-001,Machakos,completed,Planting,34822.07,paid,2026-02-08T13:00:00
BKG-02702,FAR-202,TR-002,Nakuru,completed,Weeding,17564.63,paid,2026-02-09T14:00:00
BKG-02703,FAR-203,TR-003,Nairobi,completed,Harvesting,39333.67,paid,2026-02-10T15:00:00
BKG-02704,FAR-204,TR-004,Embu,pending,Soil management,53472.35,pending,2026-02-11T16:00:00
BKG-02705,FAR-205,TR-005,Kiambu,cancelled,Land preparation,20377.03,void,2026-02-12T17:00:00
BKG-02706,FAR-206,TR-006,Machakos,completed,Planting,27201.61,paid,2026-02-13T18:00:00
BKG-02707,FAR-207,TR-007,Nakuru,completed,Weeding,49673.5,paid,2026-02-14T19:00:00
BKG-02708,FAR-208,TR-008,Nairobi,completed,Harvesting,36446.89,paid,2026-02-15T20:00:00
BKG-02709,FAR-209,TR-009,Embu,completed,Soil management,47007.19,paid,2026-02-16T21:00:00
BKG-02710,FAR-210,TR-010,Kiambu,pending,Land preparation,43060.74,pending,2026-02-17T22:00:00
BKG-02711,FAR-211,TR-011,Machakos,cancelled,Planting,49633.25,void,2026-02-18T23:00:00
BKG-02712,FAR-212,TR-012,Nakuru,completed,Weeding,10044.18,paid,2026-02-19T00:00:00
BKG-02713,FAR-213,TR-013,Nairobi,completed,Harvesting,50334.97,paid,2026-02-20T01:00:00
BKG-02714,FAR-214,TR-014,Embu,completed,Soil management,15233.97,paid,2026-02-21T02:00:00
BKG-02715,FAR-215,TR-015,Kiambu,completed,Land preparation,34153.98,paid,2026-02-22T03:00:00
BKG-02716,FAR-216,TR-016,Machakos,pending,Planting,30555.71,pending,2026-02-23T04:00:00
BKG-02717,FAR-217,TR-017,Nakuru,cancelled,Weeding,17567.2,void,2026-02-24T05:00:00
BKG-02718,FAR-218,TR-018,Nairobi,completed,Harvesting,48785.69,paid,2026-02-25T06:00:00
BKG-02719,FAR-219,TR-019,Embu,completed,Soil management,14996.83,paid,2026-02-26T07:00:00
BKG-02720,FAR-220,TR-020,Kiambu,completed,Land preparation,24056.64,pending,2026-02-27T08:00:00
BKG-02721,FAR-221,TR-021,Machakos,completed,Planting,42981.12,paid,2026-02-28T09:00:00
BKG-02722,FAR-222,TR-022,Nakuru,pending,Weeding,36951.83,pending,2026-03-01T10:00:00
BKG-02723,FAR-223,TR-023,Nairobi,cancelled,Harvesting,32701.73,void,2026-03-02T11:00:00
BKG-02724,FAR-224,TR-024,Embu,completed,Soil management,24083.51,paid,2026-03-03T12:00:00
BKG-02725,FAR-225,TR-025,Kiambu,completed,Land preparation,10213.77,paid,2026-03-04T13:00:00
BKG-02726,FAR-226,TR-026,Machakos,completed,Planting,12381.29,paid,2026-03-05T14:00:00
BKG-02727,FAR-227,TR-027,Nakuru,completed,Weeding,11188.08,paid,2026-03-06T15:00:00
BKG-02728,FAR-228,TR-028,Nairobi,pending,Harvesting,23291.3,pending,2026-03-07T16:00:00
BKG-02729,FAR-229,TR-029,Embu,cancelled,Soil management,11127.91,void,2026-03-08T17:00:00
BKG-02730,FAR-230,TR-030,Kiambu,completed,Land preparation,37526.11,paid,2026-03-09T18:00:00
BKG-02731,FAR-231,TR-031,Machakos,completed,Planting,38244.14,paid,2026-03-10T19:00:00
BKG-02732,FAR-232,TR-032,Nakuru,completed,Weeding,28630.89,paid,2026-03-11T20:00:00
BKG-02733,FAR-233,TR-033,Nairobi,completed,Harvesting,14545.16,paid,2026-03-12T21:00:00
BKG-02734,FAR-234,TR-034,Embu,pending,Soil management,42469.29,pending,2026-03-13T22:00:00
BKG-02735,FAR-235,TR-035,Kiambu,cancelled,Land preparation,39943.98,void,2026-03-14T23:00:00
BKG-02736,FAR-236,TR-036,Machakos,completed,Planting,39915.2,paid,2026-03-15T00:00:00
BKG-02737,FAR-237,TR-037,Nakuru,completed,Weeding,45069.07,paid,2026-03-16T01:00:00
BKG-02738,FAR-238,TR-038,Nairobi,completed,Harvesting,15894.09,paid,2026-03-17T02:00:00
BKG-02739,FAR-239,TR-039,Embu,completed,Soil management,43079.07,paid,2026-03-18T03:00:00
BKG-02740,FAR-240,TR-040,Kiambu,pending,Land preparation,25357.56,pending,2026-03-19T04:00:00
BKG-02741,FAR-241,TR-041,Machakos,cancelled,Planting,37983.79,void,2026-03-20T05:00:00
BKG-02742,FAR-242,TR-042,Nakuru,completed,Weeding,51813.84,paid,2026-03-21T06:00:00
BKG-02743,FAR-243,TR-043,Nairobi,completed,Harvesting,24273.09,paid,2026-03-22T07:00:00
BKG-02744,FAR-244,TR-044,Embu,completed,Soil management,30299.05,pending,2026-03-23T08:00:00
BKG-02745,FAR-245,TR-045,Kiambu,completed,Land preparation,37477.68,paid,2026-03-24T09:00:00
BKG-02746,FAR-246,TR-046,Machakos,pending,Planting,51101.43,pending,2026-03-25T10:00:00
BKG-02747,FAR-247,TR-047,Nakuru,cancelled,Weeding,20775.25,void,2026-03-26T11:00:00
BKG-02748,FAR-248,TR-048,Nairobi,completed,Harvesting,21543.74,paid,2026-03-27T12:00:00
BKG-02749,FAR-249,TR-049,Embu,completed,Soil management,24586.52,pending,2026-03-28T13:00:00
BKG-02750,FAR-250,TR-050,Kiambu,completed,Land preparation,47221.45,paid,2026-03-29T14:00:00
BKG-02751,FAR-251,TR-051,Machakos,completed,Planting,37641.67,paid,2026-03-30T15:00:00
BKG-02752,FAR-252,TR-052,Nakuru,pending,Weeding,13827.37,pending,2026-03-31T16:00:00
BKG-02753,FAR-253,TR-053,Nairobi,cancelled,Harvesting,14679.36,void,2026-04-01T17:00:00
BKG-02754,FAR-254,TR-054,Embu,completed,Soil management,17006.74,pending,2026-04-02T18:00:00
BKG-02755,FAR-255,TR-055,Kiambu,completed,Land preparation,43456.08,paid,2026-04-03T19:00:00
BKG-02756,FAR-256,TR-056,Machakos,completed,Planting,37935.25,paid,2026-04-04T20:00:00
BKG-02757,FAR-257,TR-057,Nakuru,completed,Weeding,38632.76,paid,2026-04-05T21:00:00
BKG-02758,FAR-258,TR-058,Nairobi,pending,Harvesting,25214.13,pending,2026-04-06T22:00:00
BKG-02759,FAR-259,TR-059,Embu,cancelled,Soil management,17290.27,void,2026-04-07T23:00:00
BKG-02760,FAR-260,TR-060,Kiambu,completed,Land preparation,41590.28,paid,2026-04-08T00:00:00
BKG-02761,FAR-261,TR-061,Machakos,completed,Planting,30326.36,paid,2026-04-09T01:00:00
BKG-02762,FAR-262,TR-062,Nakuru,completed,Weeding,32401.59,paid,2026-04-10T02:00:00
BKG-02763,FAR-263,TR-063,Nairobi,completed,Harvesting,12872.14,paid,2026-04-11T03:00:00
BKG-02764,FAR-264,TR-064,Embu,pending,Soil management,52508.39,pending,2026-04-12T04:00:00
BKG-02765,FAR-265,TR-065,Kiambu,cancelled,Land preparation,44610.09,void,2026-04-13T05:00:00
BKG-02766,FAR-266,TR-066,Machakos,completed,Planting,31905.33,paid,2026-04-14T06:00:00
BKG-02767,FAR-267,TR-067,Nakuru,completed,Weeding,13594.21,paid,2026-04-15T07:00:00
BKG-02768,FAR-268,TR-068,Nairobi,completed,Harvesting,11133.82,pending,2026-04-16T08:00:00
BKG-02769,FAR-269,TR-069,Embu,completed,Soil management,18084.55,paid,2026-04-17T09:00:00
BKG-02770,FAR-270,TR-070,Kiambu,pending,Land preparation,19114.02,pending,2026-04-18T10:00:00
BKG-02771,FAR-271,TR-071,Machakos,cancelled,Planting,47583.09,void,2026-04-19T11:00:00
BKG-02772,FAR-272,TR-072,Nakuru,completed,Weeding,22020.29,pending,2026-04-20T12:00:00
BKG-02773,FAR-273,TR-073,Nairobi,completed,Harvesting,24070.21,paid,2026-04-21T13:00:00
BKG-02774,FAR-274,TR-074,Embu,completed,Soil management,33451.77,paid,2026-04-22T14:00:00
BKG-02775,FAR-275,TR-075,Kiambu,completed,Land preparation,27171.27,paid,2026-04-23T15:00:00
BKG-02776,FAR-276,TR-076,Machakos,pending,Planting,52426.67,pending,2026-04-24T16:00:00
BKG-02777,FAR-277,TR-077,Nakuru,cancelled,Weeding,15175.51,void,2026-04-25T17:00:00
BKG-02778,FAR-278,TR-078,Nairobi,completed,Harvesting,14212.48,paid,2026-04-26T18:00:00
BKG-02779,FAR-279,TR-079,Embu,completed,Soil management,25298.54,pending,2026-04-27T19:00:00
BKG-02780,FAR-280,TR-080,Kiambu,completed,Land preparation,19219.93,paid,2026-04-28T20:00:00
BKG-02781,FAR-281,TR-081,Machakos,completed,Planting,44746.31,paid,2026-04-29T21:00:00
BKG-02782,FAR-282,TR-082,Nakuru,pending,Weeding,34004.46,pending,2026-04-30T22:00:00
BKG-02783,FAR-283,TR-083,Nairobi,cancelled,Harvesting,29078.6,void,2026-05-01T23:00:00
BKG-02784,FAR-284,TR-084,Embu,completed,Soil management,44885.12,paid,2026-05-02T00:00:00
BKG-02785,FAR-285,TR-085,Kiambu,completed,Land preparation,18841.57,paid,2026-05-03T01:00:00
BKG-02786,FAR-286,TR-086,Machakos,completed,Planting,32220.01,paid,2026-05-04T02:00:00
BKG-02787,FAR-287,TR-087,Nakuru,completed,Weeding,48245.33,paid,2026-05-05T03:00:00
BKG-02788,FAR-288,TR-088,Nairobi,pending,Harvesting,48731.11,pending,2026-05-06T04:00:00
BKG-02789,FAR-289,TR-089,Embu,cancelled,Soil management,27584.93,void,2026-05-07T05:00:00
BKG-02790,FAR-290,TR-090,Kiambu,completed,Land preparation,26006.47,paid,2026-05-08T06:00:00
BKG-02791,FAR-291,TR-091,Machakos,completed,Planting,15144.57,paid,2026-05-09T07:00:00
BKG-02792,FAR-292,TR-092,Nakuru,completed,Weeding,31163.58,paid,2026-05-10T08:00:00
BKG-02793,FAR-293,TR-093,Nairobi,completed,Harvesting,16564.06,paid,2026-05-11T09:00:00
BKG-02794,FAR-294,TR-094,Embu,pending,Soil management,52672.61,pending,2026-05-12T10:00:00
BKG-02795,FAR-295,TR-095,Kiambu,cancelled,Land preparation,19573.23,void,2026-05-13T11:00:00
BKG-02796,FAR-296,TR-096,Machakos,completed,Planting,36002.96,paid,2026-05-14T12:00:00
BKG-02797,FAR-297,TR-097,Nakuru,completed,Weeding,25829.27,paid,2026-05-15T13:00:00
BKG-02798,FAR-298,TR-098,Nairobi,completed,Harvesting,22354.62,paid,2026-05-16T14:00:00
BKG-02799,FAR-299,TR-099,Embu,completed,Soil management,22083.61,paid,2026-05-17T15:00:00
BKG-02800,FAR-300,TR-100,Kiambu,pending,Land preparation,26470.2,pending,2026-05-18T16:00:00
BKG-02801,FAR-301,TR-001,Machakos,cancelled,Planting,16677.64,void,2026-05-19T17:00:00
BKG-02802,FAR-302,TR-002,Nakuru,completed,Weeding,22071.85,paid,2026-05-20T18:00:00
BKG-02803,FAR-303,TR-003,Nairobi,completed,Harvesting,42036.67,paid,2026-05-21T19:00:00
BKG-02804,FAR-304,TR-004,Embu,completed,Soil management,36114.5,paid,2026-05-22T20:00:00
BKG-02805,FAR-305,TR-005,Kiambu,completed,Land preparation,50909.61,paid,2026-05-23T21:00:00
BKG-02806,FAR-306,TR-006,Machakos,pending,Planting,53861.42,pending,2026-05-24T22:00:00
BKG-02807,FAR-307,TR-007,Nakuru,cancelled,Weeding,50783.61,void,2026-05-25T23:00:00
BKG-02808,FAR-308,TR-008,Nairobi,completed,Harvesting,33598.78,paid,2026-05-26T00:00:00
BKG-02809,FAR-309,TR-009,Embu,completed,Soil management,32681.13,paid,2026-05-27T01:00:00
BKG-02810,FAR-310,TR-010,Kiambu,completed,Land preparation,31445.01,paid,2026-05-28T02:00:00
BKG-02811,FAR-311,TR-011,Machakos,completed,Planting,38837.57,paid,2026-05-29T03:00:00
BKG-02812,FAR-312,TR-012,Nakuru,pending,Weeding,26690.47,pending,2026-05-30T04:00:00
BKG-02813,FAR-313,TR-013,Nairobi,cancelled,Harvesting,23559.29,void,2026-05-31T05:00:00
BKG-02814,FAR-314,TR-014,Embu,completed,Soil management,10504.6,paid,2026-06-01T06:00:00
BKG-02815,FAR-315,TR-015,Kiambu,completed,Land preparation,14609.16,pending,2026-06-02T07:00:00
BKG-02816,FAR-316,TR-016,Machakos,completed,Planting,19961.29,paid,2026-06-03T08:00:00
BKG-02817,FAR-317,TR-017,Nakuru,completed,Weeding,40540.57,paid,2026-06-04T09:00:00
BKG-02818,FAR-318,TR-018,Nairobi,pending,Harvesting,39487.86,pending,2026-06-05T10:00:00
BKG-02819,FAR-319,TR-019,Embu,cancelled,Soil management,43248.64,void,2026-06-06T11:00:00
BKG-02820,FAR-320,TR-020,Kiambu,completed,Land preparation,26233.92,paid,2026-06-07T12:00:00
BKG-02821,FAR-321,TR-021,Machakos,completed,Planting,30216.71,paid,2026-06-08T13:00:00
BKG-02822,FAR-322,TR-022,Nakuru,completed,Weeding,53880.91,paid,2026-06-09T14:00:00
BKG-02823,FAR-323,TR-023,Nairobi,completed,Harvesting,27149.12,paid,2026-06-10T15:00:00
BKG-02824,FAR-324,TR-024,Embu,pending,Soil management,13464.92,pending,2026-06-11T16:00:00
BKG-02825,FAR-325,TR-025,Kiambu,cancelled,Land preparation,24029.83,void,2026-06-12T17:00:00
BKG-02826,FAR-326,TR-026,Machakos,completed,Planting,11505.09,paid,2026-06-13T18:00:00
BKG-02827,FAR-327,TR-027,Nakuru,completed,Weeding,20464.9,paid,2026-06-14T19:00:00
BKG-02828,FAR-328,TR-028,Nairobi,completed,Harvesting,43954.95,paid,2026-06-15T20:00:00
BKG-02829,FAR-329,TR-029,Embu,completed,Soil management,23678.14,pending,2026-06-16T21:00:00
BKG-02830,FAR-330,TR-030,Kiambu,pending,Land preparation,42602.01,pending,2026-06-17T22:00:00
BKG-02831,FAR-331,TR-031,Machakos,cancelled,Planting,36981.08,void,2026-06-18T23:00:00
BKG-02832,FAR-332,TR-032,Nakuru,completed,Weeding,43842.95,paid,2026-06-19T00:00:00
BKG-02833,FAR-333,TR-033,Nairobi,completed,Harvesting,29645.89,paid,2026-06-20T01:00:00
BKG-02834,FAR-334,TR-034,Embu,completed,Soil management,50483.62,paid,2026-06-21T02:00:00
BKG-02835,FAR-335,TR-035,Kiambu,completed,Land preparation,22299.14,paid,2026-06-22T03:00:00
BKG-02836,FAR-336,TR-036,Machakos,pending,Planting,43951.51,pending,2026-06-23T04:00:00
BKG-02837,FAR-337,TR-037,Nakuru,cancelled,Weeding,16192.45,void,2026-06-24T05:00:00
BKG-02838,FAR-338,TR-038,Nairobi,completed,Harvesting,32737.89,paid,2026-06-25T06:00:00
BKG-02839,FAR-339,TR-039,Embu,completed,Soil management,52045.35,paid,2026-06-26T07:00:00
BKG-02840,FAR-340,TR-040,Kiambu,completed,Land preparation,21811.04,paid,2026-06-27T08:00:00
BKG-02841,FAR-341,TR-041,Machakos,completed,Planting,18989.06,pending,2026-06-28T09:00:00
BKG-02842,FAR-342,TR-042,Nakuru,pending,Weeding,10444.05,pending,2026-06-29T10:00:00
BKG-02843,FAR-343,TR-043,Nairobi,cancelled,Harvesting,16634.5,void,2026-06-30T11:00:00
BKG-02844,FAR-344,TR-044,Embu,completed,Soil management,29806.52,paid,2026-07-01T12:00:00
BKG-02845,FAR-345,TR-045,Kiambu,completed,Land preparation,16942.63,paid,2026-07-02T13:00:00
BKG-02846,FAR-346,TR-046,Machakos,completed,Planting,22580.18,paid,2026-07-03T14:00:00
BKG-02847,FAR-347,TR-047,Nakuru,completed,Weeding,36620.21,paid,2026-07-04T15:00:00
BKG-02848,FAR-348,TR-048,Nairobi,pending,Harvesting,23104.8,pending,2026-07-05T16:00:00
BKG-02849,FAR-349,TR-049,Embu,cancelled,Soil management,40124.66,void,2026-07-06T17:00:00
BKG-02850,FAR-350,TR-050,Kiambu,completed,Land preparation,29645.08,paid,2026-07-07T18:00:00
BKG-02851,FAR-351,TR-051,Machakos,completed,Planting,29564.98,paid,2026-07-08T19:00:00
BKG-02852,FAR-352,TR-052,Nakuru,completed,Weeding,30498.12,paid,2026-07-09T20:00:00
BKG-02853,FAR-353,TR-053,Nairobi,completed,Harvesting,9921.83,paid,2026-07-10T21:00:00
BKG-02854,FAR-354,TR-054,Embu,pending,Soil management,11640.51,pending,2026-07-11T22:00:00
BKG-02855,FAR-355,TR-055,Kiambu,cancelled,Land preparation,20612.79,void,2026-07-12T23:00:00
BKG-02856,FAR-356,TR-056,Machakos,completed,Planting,11847.11,paid,2026-07-13T00:00:00
BKG-02857,FAR-357,TR-057,Nakuru,completed,Weeding,41674.56,paid,2026-07-14T01:00:00
BKG-02858,FAR-358,TR-058,Nairobi,completed,Harvesting,47535.21,paid,2026-07-15T02:00:00
BKG-02859,FAR-359,TR-059,Embu,completed,Soil management,22728.9,paid,2026-07-16T03:00:00
BKG-02860,FAR-360,TR-060,Kiambu,pending,Land preparation,19410.53,pending,2026-07-17T04:00:00
BKG-02861,FAR-361,TR-061,Machakos,cancelled,Planting,28498.45,void,2026-07-18T05:00:00
BKG-02862,FAR-362,TR-062,Nakuru,completed,Weeding,28578.85,paid,2026-07-19T06:00:00
BKG-02863,FAR-363,TR-063,Nairobi,completed,Harvesting,13237.23,paid,2026-07-20T07:00:00
BKG-02864,FAR-364,TR-064,Embu,completed,Soil management,26130.38,paid,2026-07-21T08:00:00
BKG-02865,FAR-365,TR-065,Kiambu,completed,Land preparation,13508.1,pending,2026-07-22T09:00:00
BKG-02866,FAR-366,TR-066,Machakos,pending,Planting,48623.59,pending,2026-07-23T10:00:00
BKG-02867,FAR-367,TR-067,Nakuru,cancelled,Weeding,41974.7,void,2026-07-24T11:00:00
BKG-02868,FAR-368,TR-068,Nairobi,completed,Harvesting,49554.74,paid,2026-07-25T12:00:00
BKG-02869,FAR-369,TR-069,Embu,completed,Soil management,46084.66,paid,2026-07-26T13:00:00
BKG-02870,FAR-370,TR-070,Kiambu,completed,Land preparation,27569.4,paid,2026-07-27T14:00:00
BKG-02871,FAR-371,TR-071,Machakos,completed,Planting,49963.34,paid,2026-07-28T15:00:00
BKG-02872,FAR-372,TR-072,Nakuru,pending,Weeding,42861.34,pending,2026-07-29T16:00:00
BKG-02873,FAR-373,TR-073,Nairobi,cancelled,Harvesting,50996.8,void,2026-07-30T17:00:00
BKG-02874,FAR-374,TR-074,Embu,completed,Soil management,10964.38,paid,2026-07-31T18:00:00
BKG-02875,FAR-375,TR-075,Kiambu,completed,Land preparation,19088.03,pending,2026-08-01T19:00:00
BKG-02876,FAR-376,TR-076,Machakos,completed,Planting,22058.37,paid,2026-08-02T20:00:00
BKG-02877,FAR-377,TR-077,Nakuru,completed,Weeding,40405.34,paid,2026-08-03T21:00:00
BKG-02878,FAR-378,TR-078,Nairobi,pending,Harvesting,41664.17,pending,2026-08-04T22:00:00
BKG-02879,FAR-379,TR-079,Embu,cancelled,Soil management,41209.31,void,2026-08-05T23:00:00
BKG-02880,FAR-380,TR-080,Kiambu,completed,Land preparation,41059.45,paid,2026-08-06T00:00:00
BKG-02881,FAR-381,TR-081,Machakos,completed,Planting,14007.26,paid,2026-08-07T01:00:00
BKG-02882,FAR-382,TR-082,Nakuru,completed,Weeding,9846.04,paid,2026-08-08T02:00:00
BKG-02883,FAR-383,TR-083,Nairobi,completed,Harvesting,25049.05,paid,2026-08-09T03:00:00
BKG-02884,FAR-384,TR-084,Embu,pending,Soil management,25593.38,pending,2026-08-10T04:00:00
BKG-02885,FAR-385,TR-085,Kiambu,cancelled,Land preparation,29985.32,void,2026-08-11T05:00:00
BKG-02886,FAR-386,TR-086,Machakos,completed,Planting,15802.28,paid,2026-08-12T06:00:00
BKG-02887,FAR-387,TR-087,Nakuru,completed,Weeding,9826.4,paid,2026-08-13T07:00:00
BKG-02888,FAR-388,TR-088,Nairobi,completed,Harvesting,26393.36,paid,2026-08-14T08:00:00
BKG-02889,FAR-389,TR-089,Embu,completed,Soil management,35576.59,paid,2026-08-15T09:00:00
BKG-02890,FAR-390,TR-090,Kiambu,pending,Land preparation,47791.17,pending,2026-08-16T10:00:00
BKG-02891,FAR-391,TR-091,Machakos,cancelled,Planting,11292.21,void,2026-08-17T11:00:00
BKG-02892,FAR-392,TR-092,Nakuru,completed,Weeding,17119.97,paid,2026-08-18T12:00:00
BKG-02893,FAR-393,TR-093,Nairobi,completed,Harvesting,34463.48,paid,2026-08-19T13:00:00
BKG-02894,FAR-394,TR-094,Embu,completed,Soil management,36107.07,paid,2026-08-20T14:00:00
BKG-02895,FAR-395,TR-095,Kiambu,completed,Land preparation,46821.43,paid,2026-08-21T15:00:00
BKG-02896,FAR-396,TR-096,Machakos,pending,Planting,9510.46,pending,2026-08-22T16:00:00
BKG-02897,FAR-397,TR-097,Nakuru,cancelled,Weeding,51687.47,void,2026-08-23T17:00:00
BKG-02898,FAR-398,TR-098,Nairobi,completed,Harvesting,9520.72,paid,2026-08-24T18:00:00
BKG-02899,FAR-399,TR-099,Embu,completed,Soil management,35752.58,paid,2026-08-25T19:00:00
BKG-02900,FAR-400,TR-100,Kiambu,completed,Land preparation,33509.84,paid,2026-08-26T20:00:00
BKG-02901,FAR-401,TR-001,Machakos,completed,Planting,27208.57,paid,2026-08-27T21:00:00
BKG-02902,FAR-402,TR-002,Nakuru,pending,Weeding,44269.69,pending,2026-08-28T22:00:00
BKG-02903,FAR-403,TR-003,Nairobi,cancelled,Harvesting,44259.16,void,2026-08-29T23:00:00
BKG-02904,FAR-404,TR-004,Embu,completed,Soil management,33055.36,paid,2026-08-30T00:00:00
BKG-02905,FAR-405,TR-005,Kiambu,completed,Land preparation,40961.2,paid,2026-08-31T01:00:00
BKG-02906,FAR-406,TR-006,Machakos,completed,Planting,42181.11,paid,2026-09-01T02:00:00
BKG-02907,FAR-407,TR-007,Nakuru,completed,Weeding,14322.37,pending,2026-09-02T03:00:00
BKG-02908,FAR-408,TR-008,Nairobi,pending,Harvesting,49145.86,pending,2026-09-03T04:00:00
BKG-02909,FAR-409,TR-009,Embu,cancelled,Soil management,18797.04,void,2026-09-04T05:00:00
BKG-02910,FAR-410,TR-010,Kiambu,completed,Land preparation,49888.14,paid,2026-09-05T06:00:00
BKG-02911,FAR-411,TR-011,Machakos,completed,Planting,49554.17,paid,2026-09-06T07:00:00
BKG-02912,FAR-412,TR-012,Nakuru,completed,Weeding,53891.12,paid,2026-09-07T08:00:00
BKG-02913,FAR-413,TR-013,Nairobi,completed,Harvesting,9946.1,paid,2026-09-08T09:00:00
BKG-02914,FAR-414,TR-014,Embu,pending,Soil management,26933.52,pending,2026-09-09T10:00:00
BKG-02915,FAR-415,TR-015,Kiambu,cancelled,Land preparation,39099.83,void,2026-09-10T11:00:00
BKG-02916,FAR-416,TR-016,Machakos,completed,Planting,36085.19,paid,2026-09-11T12:00:00
BKG-02917,FAR-417,TR-017,Nakuru,completed,Weeding,53918.2,paid,2026-09-12T13:00:00
BKG-02918,FAR-418,TR-018,Nairobi,completed,Harvesting,28657.26,paid,2026-09-13T14:00:00
BKG-02919,FAR-419,TR-019,Embu,completed,Soil management,26461.21,pending,2026-09-14T15:00:00
BKG-02920,FAR-420,TR-020,Kiambu,pending,Land preparation,34049.7,pending,2025-09-15T16:00:00
BKG-02921,FAR-421,TR-021,Machakos,cancelled,Planting,14136.43,void,2025-09-16T17:00:00
BKG-02922,FAR-422,TR-022,Nakuru,completed,Weeding,53031.16,pending,2025-09-17T18:00:00
BKG-02923,FAR-423,TR-023,Nairobi,completed,Harvesting,50497.32,paid,2025-09-18T19:00:00
BKG-02924,FAR-424,TR-024,Embu,completed,Soil management,52889.8,paid,2025-09-19T20:00:00
BKG-02925,FAR-425,TR-025,Kiambu,completed,Land preparation,31568.81,paid,2025-09-20T21:00:00
BKG-02926,FAR-426,TR-026,Machakos,pending,Planting,28388.1,pending,2025-09-21T22:00:00
BKG-02927,FAR-427,TR-027,Nakuru,cancelled,Weeding,14152.91,void,2025-09-22T23:00:00
BKG-02928,FAR-428,TR-028,Nairobi,completed,Harvesting,29374.96,paid,2025-09-23T00:00:00
BKG-02929,FAR-429,TR-029,Embu,completed,Soil management,43136.22,paid,2025-09-24T01:00:00
BKG-02930,FAR-430,TR-030,Kiambu,completed,Land preparation,11546.46,paid,2025-09-25T02:00:00
BKG-02931,FAR-431,TR-031,Machakos,completed,Planting,16299.23,paid,2025-09-26T03:00:00
BKG-02932,FAR-432,TR-032,Nakuru,pending,Weeding,44259.07,pending,2025-09-27T04:00:00
BKG-02933,FAR-433,TR-033,Nairobi,cancelled,Harvesting,41008.62,void,2025-09-28T05:00:00
BKG-02934,FAR-434,TR-034,Embu,completed,Soil management,26272.13,paid,2025-09-29T06:00:00
BKG-02935,FAR-435,TR-035,Kiambu,completed,Land preparation,33851.02,paid,2025-09-30T07:00:00
BKG-02936,FAR-436,TR-036,Machakos,completed,Planting,20868.55,paid,2025-10-01T08:00:00
BKG-02937,FAR-437,TR-037,Nakuru,completed,Weeding,48291.06,paid,2025-10-02T09:00:00
BKG-02938,FAR-438,TR-038,Nairobi,pending,Harvesting,50168.91,pending,2025-10-03T10:00:00
BKG-02939,FAR-439,TR-039,Embu,cancelled,Soil management,27132.36,void,2025-10-04T11:00:00
BKG-02940,FAR-440,TR-040,Kiambu,completed,Land preparation,16364.09,paid,2025-10-05T12:00:00
BKG-02941,FAR-441,TR-041,Machakos,completed,Planting,45779.65,paid,2025-10-06T13:00:00
BKG-02942,FAR-442,TR-042,Nakuru,completed,Weeding,11742.24,paid,2025-10-07T14:00:00
BKG-02943,FAR-443,TR-043,Nairobi,completed,Harvesting,38956.1,paid,2025-10-08T15:00:00
BKG-02944,FAR-444,TR-044,Embu,pending,Soil management,10122.79,pending,2025-10-09T16:00:00
BKG-02945,FAR-445,TR-045,Kiambu,cancelled,Land preparation,32936.82,void,2025-10-10T17:00:00
BKG-02946,FAR-446,TR-046,Machakos,completed,Planting,20821.28,paid,2025-10-11T18:00:00
BKG-02947,FAR-447,TR-047,Nakuru,completed,Weeding,49009.7,paid,2025-10-12T19:00:00
BKG-02948,FAR-448,TR-048,Nairobi,completed,Harvesting,42592.15,paid,2025-10-13T20:00:00
BKG-02949,FAR-449,TR-049,Embu,completed,Soil management,21594.21,pending,2025-10-14T21:00:00
BKG-02950,FAR-450,TR-050,Kiambu,pending,Land preparation,43213.43,pending,2025-10-15T22:00:00
BKG-02951,FAR-451,TR-051,Machakos,cancelled,Planting,39137.28,void,2025-10-16T23:00:00
BKG-02952,FAR-452,TR-052,Nakuru,completed,Weeding,20956.61,paid,2025-10-17T00:00:00
BKG-02953,FAR-453,TR-053,Nairobi,completed,Harvesting,15712.21,paid,2025-10-18T01:00:00
BKG-02954,FAR-454,TR-054,Embu,completed,Soil management,47312.26,paid,2025-10-19T02:00:00
BKG-02955,FAR-455,TR-055,Kiambu,completed,Land preparation,49667.9,paid,2025-10-20T03:00:00
BKG-02956,FAR-456,TR-056,Machakos,pending,Planting,52950.19,pending,2025-10-21T04:00:00
BKG-02957,FAR-457,TR-057,Nakuru,cancelled,Weeding,19134.06,void,2025-10-22T05:00:00
BKG-02958,FAR-458,TR-058,Nairobi,completed,Harvesting,12852.23,paid,2025-10-23T06:00:00
BKG-02959,FAR-459,TR-059,Embu,completed,Soil management,33203.82,paid,2025-10-24T07:00:00
BKG-02960,FAR-460,TR-060,Kiambu,completed,Land preparation,30015.79,paid,2025-10-25T08:00:00
BKG-02961,FAR-461,TR-061,Machakos,completed,Planting,10541.25,paid,2025-10-26T09:00:00
BKG-02962,FAR-462,TR-062,Nakuru,pending,Weeding,25311.26,pending,2025-10-27T10:00:00
BKG-02963,FAR-463,TR-063,Nairobi,cancelled,Harvesting,37531.66,void,2025-10-28T11:00:00
BKG-02964,FAR-464,TR-064,Embu,completed,Soil management,53346.3,paid,2025-10-29T12:00:00
BKG-02965,FAR-465,TR-065,Kiambu,completed,Land preparation,14757.14,paid,2025-10-30T13:00:00
BKG-02966,FAR-466,TR-066,Machakos,completed,Planting,39996.53,paid,2025-10-31T14:00:00
BKG-02967,FAR-467,TR-067,Nakuru,completed,Weeding,31105.83,paid,2025-11-01T15:00:00
BKG-02968,FAR-468,TR-068,Nairobi,pending,Harvesting,41909.29,pending,2025-11-02T16:00:00
BKG-02969,FAR-469,TR-069,Embu,cancelled,Soil management,41730.09,void,2025-11-03T17:00:00
BKG-02970,FAR-470,TR-070,Kiambu,completed,Land preparation,9516.87,paid,2025-11-04T18:00:00
BKG-02971,FAR-471,TR-071,Machakos,completed,Planting,17783.06,paid,2025-11-05T19:00:00
BKG-02972,FAR-472,TR-072,Nakuru,completed,Weeding,39461.28,paid,2025-11-06T20:00:00
BKG-02973,FAR-473,TR-073,Nairobi,completed,Harvesting,11432.92,paid,2025-11-07T21:00:00
BKG-02974,FAR-474,TR-074,Embu,pending,Soil management,11519.03,pending,2025-11-08T22:00:00
BKG-02975,FAR-475,TR-075,Kiambu,cancelled,Land preparation,46189.12,void,2025-11-09T23:00:00
BKG-02976,FAR-476,TR-076,Machakos,completed,Planting,46388.2,paid,2025-11-10T00:00:00
BKG-02977,FAR-477,TR-077,Nakuru,completed,Weeding,24000.67,paid,2025-11-11T01:00:00
BKG-02978,FAR-478,TR-078,Nairobi,completed,Harvesting,51588.34,pending,2025-11-12T02:00:00
BKG-02979,FAR-479,TR-079,Embu,completed,Soil management,11342.86,paid,2025-11-13T03:00:00
BKG-02980,FAR-480,TR-080,Kiambu,pending,Land preparation,39935.09,pending,2025-11-14T04:00:00
BKG-02981,FAR-481,TR-081,Machakos,cancelled,Planting,33265.69,void,2025-11-15T05:00:00
BKG-02982,FAR-482,TR-082,Nakuru,completed,Weeding,39474.65,paid,2025-11-16T06:00:00
BKG-02983,FAR-483,TR-083,Nairobi,completed,Harvesting,41032.72,paid,2025-11-17T07:00:00
BKG-02984,FAR-484,TR-084,Embu,completed,Soil management,23336.54,paid,2025-11-18T08:00:00
BKG-02985,FAR-485,TR-085,Kiambu,completed,Land preparation,47050.84,paid,2025-11-19T09:00:00
BKG-02986,FAR-486,TR-086,Machakos,pending,Planting,10130.05,pending,2025-11-20T10:00:00
BKG-02987,FAR-487,TR-087,Nakuru,cancelled,Weeding,51934.29,void,2025-11-21T11:00:00
BKG-02988,FAR-488,TR-088,Nairobi,completed,Harvesting,44855.85,paid,2025-11-22T12:00:00
BKG-02989,FAR-489,TR-089,Embu,completed,Soil management,26144.68,paid,2025-11-23T13:00:00
BKG-02990,FAR-490,TR-090,Kiambu,completed,Land preparation,53923.87,paid,2025-11-24T14:00:00
BKG-02991,FAR-491,TR-091,Machakos,completed,Planting,14413.49,paid,2025-11-25T15:00:00
BKG-02992,FAR-492,TR-092,Nakuru,pending,Weeding,31158.07,pending,2025-11-26T16:00:00
BKG-02993,FAR-493,TR-093,Nairobi,cancelled,Harvesting,44002.02,void,2025-11-27T17:00:00
BKG-02994,FAR-494,TR-094,Embu,completed,Soil management,18514.33,paid,2025-11-28T18:00:00
BKG-02995,FAR-495,TR-095,Kiambu,completed,Land preparation,44640.05,paid,2025-11-29T19:00:00
BKG-02996,FAR-496,TR-096,Machakos,completed,Planting,31001.39,pending,2025-11-30T20:00:00
BKG-02997,FAR-497,TR-097,Nakuru,completed,Weeding,10119.06,pending,2025-12-01T21:00:00
BKG-02998,FAR-498,TR-098,Nairobi,pending,Harvesting,45113.16,pending,2025-12-02T22:00:00
BKG-02999,FAR-499,TR-099,Embu,cancelled,Soil management,9253.47,void,2025-12-03T23:00:00
BKG-03000,FAR-500,TR-100,Kiambu,completed,Land preparation,41459.21,paid,2025-12-04T00:00:00
BKG-03001,FAR-001,TR-001,Machakos,completed,Planting,37601.45,paid,2025-12-05T01:00:00
BKG-03002,FAR-002,TR-002,Nakuru,completed,Weeding,14603.32,paid,2025-12-06T02:00:00
BKG-03003,FAR-003,TR-003,Nairobi,completed,Harvesting,19943.26,paid,2025-12-07T03:00:00
BKG-03004,FAR-004,TR-004,Embu,pending,Soil management,11571.92,pending,2025-12-08T04:00:00
BKG-03005,FAR-005,TR-005,Kiambu,cancelled,Land preparation,26973.93,void,2025-12-09T05:00:00
BKG-03006,FAR-006,TR-006,Machakos,completed,Planting,34398.33,paid,2025-12-10T06:00:00
BKG-03007,FAR-007,TR-007,Nakuru,completed,Weeding,28343.56,paid,2025-12-11T07:00:00
BKG-03008,FAR-008,TR-008,Nairobi,completed,Harvesting,47189.05,paid,2025-12-12T08:00:00
BKG-03009,FAR-009,TR-009,Embu,completed,Soil management,36630.3,paid,2025-12-13T09:00:00
BKG-03010,FAR-010,TR-010,Kiambu,pending,Land preparation,45322.97,pending,2025-12-14T10:00:00
BKG-03011,FAR-011,TR-011,Machakos,cancelled,Planting,10949.58,void,2025-12-15T11:00:00
BKG-03012,FAR-012,TR-012,Nakuru,completed,Weeding,13498.8,paid,2025-12-16T12:00:00
BKG-03013,FAR-013,TR-013,Nairobi,completed,Harvesting,48383.27,paid,2025-12-17T13:00:00
BKG-03014,FAR-014,TR-014,Embu,completed,Soil management,32761.56,paid,2025-12-18T14:00:00
BKG-03015,FAR-015,TR-015,Kiambu,completed,Land preparation,41984.67,paid,2025-12-19T15:00:00
BKG-03016,FAR-016,TR-016,Machakos,pending,Planting,34229.27,pending,2025-12-20T16:00:00
BKG-03017,FAR-017,TR-017,Nakuru,cancelled,Weeding,19689.98,void,2025-12-21T17:00:00
BKG-03018,FAR-018,TR-018,Nairobi,completed,Harvesting,37944.61,paid,2025-12-22T18:00:00
BKG-03019,FAR-019,TR-019,Embu,completed,Soil management,31664.88,paid,2025-12-23T19:00:00
BKG-03020,FAR-020,TR-020,Kiambu,completed,Land preparation,14928.75,paid,2025-12-24T20:00:00
BKG-03021,FAR-021,TR-021,Machakos,completed,Planting,24027.76,paid,2025-12-25T21:00:00
BKG-03022,FAR-022,TR-022,Nakuru,pending,Weeding,12325.67,pending,2025-12-26T22:00:00
BKG-03023,FAR-023,TR-023,Nairobi,cancelled,Harvesting,16431.69,void,2025-12-27T23:00:00
BKG-03024,FAR-024,TR-024,Embu,completed,Soil management,39326.69,paid,2025-12-28T00:00:00
BKG-03025,FAR-025,TR-025,Kiambu,completed,Land preparation,17405.82,paid,2025-12-29T01:00:00
BKG-03026,FAR-026,TR-026,Machakos,completed,Planting,41376.21,paid,2025-12-30T02:00:00
BKG-03027,FAR-027,TR-027,Nakuru,completed,Weeding,27324.57,paid,2025-12-31T03:00:00
BKG-03028,FAR-028,TR-028,Nairobi,pending,Harvesting,36045.32,pending,2026-01-01T04:00:00
BKG-03029,FAR-029,TR-029,Embu,cancelled,Soil management,32779.77,void,2026-01-02T05:00:00
BKG-03030,FAR-030,TR-030,Kiambu,completed,Land preparation,15464.43,paid,2026-01-03T06:00:00
BKG-03031,FAR-031,TR-031,Machakos,completed,Planting,36706.27,paid,2026-01-04T07:00:00
BKG-03032,FAR-032,TR-032,Nakuru,completed,Weeding,10362.23,paid,2026-01-05T08:00:00
BKG-03033,FAR-033,TR-033,Nairobi,completed,Harvesting,31056.99,paid,2026-01-06T09:00:00
BKG-03034,FAR-034,TR-034,Embu,pending,Soil management,24000.71,pending,2026-01-07T10:00:00
BKG-03035,FAR-035,TR-035,Kiambu,cancelled,Land preparation,20432.01,void,2026-01-08T11:00:00
BKG-03036,FAR-036,TR-036,Machakos,completed,Planting,29375.76,paid,2026-01-09T12:00:00
BKG-03037,FAR-037,TR-037,Nakuru,completed,Weeding,26576.46,paid,2026-01-10T13:00:00
BKG-03038,FAR-038,TR-038,Nairobi,completed,Harvesting,30563.65,paid,2026-01-11T14:00:00
BKG-03039,FAR-039,TR-039,Embu,completed,Soil management,25034.61,paid,2026-01-12T15:00:00
BKG-03040,FAR-040,TR-040,Kiambu,pending,Land preparation,14329.41,pending,2026-01-13T16:00:00
BKG-03041,FAR-041,TR-041,Machakos,cancelled,Planting,21211.88,void,2026-01-14T17:00:00
BKG-03042,FAR-042,TR-042,Nakuru,completed,Weeding,45545.2,paid,2026-01-15T18:00:00
BKG-03043,FAR-043,TR-043,Nairobi,completed,Harvesting,39653.2,paid,2026-01-16T19:00:00
BKG-03044,FAR-044,TR-044,Embu,completed,Soil management,14337.68,paid,2026-01-17T20:00:00
BKG-03045,FAR-045,TR-045,Kiambu,completed,Land preparation,9292.59,paid,2026-01-18T21:00:00
BKG-03046,FAR-046,TR-046,Machakos,pending,Planting,31347.45,pending,2026-01-19T22:00:00
BKG-03047,FAR-047,TR-047,Nakuru,cancelled,Weeding,42186.3,void,2026-01-20T23:00:00
BKG-03048,FAR-048,TR-048,Nairobi,completed,Harvesting,44685.05,paid,2026-01-21T00:00:00
BKG-03049,FAR-049,TR-049,Embu,completed,Soil management,45954.77,paid,2026-01-22T01:00:00
BKG-03050,FAR-050,TR-050,Kiambu,completed,Land preparation,53348.31,paid,2026-01-23T02:00:00
BKG-03051,FAR-051,TR-051,Machakos,completed,Planting,41986.1,paid,2026-01-24T03:00:00
BKG-03052,FAR-052,TR-052,Nakuru,pending,Weeding,31470.49,pending,2026-01-25T04:00:00
BKG-03053,FAR-053,TR-053,Nairobi,cancelled,Harvesting,24317.92,void,2026-01-26T05:00:00
BKG-03054,FAR-054,TR-054,Embu,completed,Soil management,33654.4,paid,2026-01-27T06:00:00
BKG-03055,FAR-055,TR-055,Kiambu,completed,Land preparation,40019.54,paid,2026-01-28T07:00:00
BKG-03056,FAR-056,TR-056,Machakos,completed,Planting,52858.92,paid,2026-01-29T08:00:00
BKG-03057,FAR-057,TR-057,Nakuru,completed,Weeding,13403.31,paid,2026-01-30T09:00:00
BKG-03058,FAR-058,TR-058,Nairobi,pending,Harvesting,24350.84,pending,2026-01-31T10:00:00
BKG-03059,FAR-059,TR-059,Embu,cancelled,Soil management,34822.84,void,2026-02-01T11:00:00
BKG-03060,FAR-060,TR-060,Kiambu,completed,Land preparation,9502.54,pending,2026-02-02T12:00:00
BKG-03061,FAR-061,TR-061,Machakos,completed,Planting,17670.49,paid,2026-02-03T13:00:00
BKG-03062,FAR-062,TR-062,Nakuru,completed,Weeding,36709.81,paid,2026-02-04T14:00:00
BKG-03063,FAR-063,TR-063,Nairobi,completed,Harvesting,51007.11,paid,2026-02-05T15:00:00
BKG-03064,FAR-064,TR-064,Embu,pending,Soil management,18195.47,pending,2026-02-06T16:00:00
BKG-03065,FAR-065,TR-065,Kiambu,cancelled,Land preparation,30751.51,void,2026-02-07T17:00:00
BKG-03066,FAR-066,TR-066,Machakos,completed,Planting,13226.28,pending,2026-02-08T18:00:00
BKG-03067,FAR-067,TR-067,Nakuru,completed,Weeding,28792.21,paid,2026-02-09T19:00:00
BKG-03068,FAR-068,TR-068,Nairobi,completed,Harvesting,16620.72,pending,2026-02-10T20:00:00
BKG-03069,FAR-069,TR-069,Embu,completed,Soil management,52543.18,paid,2026-02-11T21:00:00
BKG-03070,FAR-070,TR-070,Kiambu,pending,Land preparation,39671.11,pending,2026-02-12T22:00:00
BKG-03071,FAR-071,TR-071,Machakos,cancelled,Planting,36760.07,void,2026-02-13T23:00:00
BKG-03072,FAR-072,TR-072,Nakuru,completed,Weeding,31381.69,paid,2026-02-14T00:00:00
BKG-03073,FAR-073,TR-073,Nairobi,completed,Harvesting,11444.75,paid,2026-02-15T01:00:00
BKG-03074,FAR-074,TR-074,Embu,completed,Soil management,46339.09,paid,2026-02-16T02:00:00
BKG-03075,FAR-075,TR-075,Kiambu,completed,Land preparation,22624.26,paid,2026-02-17T03:00:00
BKG-03076,FAR-076,TR-076,Machakos,pending,Planting,43952.13,pending,2026-02-18T04:00:00
BKG-03077,FAR-077,TR-077,Nakuru,cancelled,Weeding,22274.55,void,2026-02-19T05:00:00
BKG-03078,FAR-078,TR-078,Nairobi,completed,Harvesting,19143.66,pending,2026-02-20T06:00:00
BKG-03079,FAR-079,TR-079,Embu,completed,Soil management,13035.8,paid,2026-02-21T07:00:00
BKG-03080,FAR-080,TR-080,Kiambu,completed,Land preparation,25043.07,paid,2026-02-22T08:00:00
BKG-03081,FAR-081,TR-081,Machakos,completed,Planting,27035.03,paid,2026-02-23T09:00:00
BKG-03082,FAR-082,TR-082,Nakuru,pending,Weeding,45597.74,pending,2026-02-24T10:00:00
BKG-03083,FAR-083,TR-083,Nairobi,cancelled,Harvesting,33280.64,void,2026-02-25T11:00:00
BKG-03084,FAR-084,TR-084,Embu,completed,Soil management,21297.12,paid,2026-02-26T12:00:00
BKG-03085,FAR-085,TR-085,Kiambu,completed,Land preparation,36606.11,paid,2026-02-27T13:00:00
BKG-03086,FAR-086,TR-086,Machakos,completed,Planting,39301.46,paid,2026-02-28T14:00:00
BKG-03087,FAR-087,TR-087,Nakuru,completed,Weeding,48224.78,paid,2026-03-01T15:00:00
BKG-03088,FAR-088,TR-088,Nairobi,pending,Harvesting,52176.87,pending,2026-03-02T16:00:00
BKG-03089,FAR-089,TR-089,Embu,cancelled,Soil management,19607.81,void,2026-03-03T17:00:00
BKG-03090,FAR-090,TR-090,Kiambu,completed,Land preparation,18944.94,paid,2026-03-04T18:00:00
BKG-03091,FAR-091,TR-091,Machakos,completed,Planting,40986.51,paid,2026-03-05T19:00:00
BKG-03092,FAR-092,TR-092,Nakuru,completed,Weeding,48694.8,paid,2026-03-06T20:00:00
BKG-03093,FAR-093,TR-093,Nairobi,completed,Harvesting,12767.27,paid,2026-03-07T21:00:00
BKG-03094,FAR-094,TR-094,Embu,pending,Soil management,24586.3,pending,2026-03-08T22:00:00
BKG-03095,FAR-095,TR-095,Kiambu,cancelled,Land preparation,24950.65,void,2026-03-09T23:00:00
BKG-03096,FAR-096,TR-096,Machakos,completed,Planting,52631.0,pending,2026-03-10T00:00:00
BKG-03097,FAR-097,TR-097,Nakuru,completed,Weeding,27749.84,pending,2026-03-11T01:00:00
BKG-03098,FAR-098,TR-098,Nairobi,completed,Harvesting,10809.81,paid,2026-03-12T02:00:00
BKG-03099,FAR-099,TR-099,Embu,completed,Soil management,33549.2,paid,2026-03-13T03:00:00
BKG-03100,FAR-100,TR-100,Kiambu,pending,Land preparation,21400.47,pending,2026-03-14T04:00:00
BKG-03101,FAR-101,TR-001,Machakos,cancelled,Planting,9175.67,void,2026-03-15T05:00:00
BKG-03102,FAR-102,TR-002,Nakuru,completed,Weeding,25581.52,paid,2026-03-16T06:00:00
BKG-03103,FAR-103,TR-003,Nairobi,completed,Harvesting,15976.63,paid,2026-03-17T07:00:00
BKG-03104,FAR-104,TR-004,Embu,completed,Soil management,53977.18,paid,2026-03-18T08:00:00
BKG-03105,FAR-105,TR-005,Kiambu,completed,Land preparation,9967.8,paid,2026-03-19T09:00:00
BKG-03106,FAR-106,TR-006,Machakos,pending,Planting,23064.84,pending,2026-03-20T10:00:00
BKG-03107,FAR-107,TR-007,Nakuru,cancelled,Weeding,42026.59,void,2026-03-21T11:00:00
BKG-03108,FAR-108,TR-008,Nairobi,completed,Harvesting,21152.55,paid,2026-03-22T12:00:00
BKG-03109,FAR-109,TR-009,Embu,completed,Soil management,28565.29,paid,2026-03-23T13:00:00
BKG-03110,FAR-110,TR-010,Kiambu,completed,Land preparation,46439.15,paid,2026-03-24T14:00:00
BKG-03111,FAR-111,TR-011,Machakos,completed,Planting,38598.09,paid,2026-03-25T15:00:00
BKG-03112,FAR-112,TR-012,Nakuru,pending,Weeding,43944.93,pending,2026-03-26T16:00:00
BKG-03113,FAR-113,TR-013,Nairobi,cancelled,Harvesting,31338.12,void,2026-03-27T17:00:00
BKG-03114,FAR-114,TR-014,Embu,completed,Soil management,27486.94,paid,2026-03-28T18:00:00
BKG-03115,FAR-115,TR-015,Kiambu,completed,Land preparation,28353.3,paid,2026-03-29T19:00:00
BKG-03116,FAR-116,TR-016,Machakos,completed,Planting,50998.35,paid,2026-03-30T20:00:00
BKG-03117,FAR-117,TR-017,Nakuru,completed,Weeding,35908.34,paid,2026-03-31T21:00:00
BKG-03118,FAR-118,TR-018,Nairobi,pending,Harvesting,27152.88,pending,2026-04-01T22:00:00
BKG-03119,FAR-119,TR-019,Embu,cancelled,Soil management,44711.55,void,2026-04-02T23:00:00
BKG-03120,FAR-120,TR-020,Kiambu,completed,Land preparation,34627.5,paid,2026-04-03T00:00:00
BKG-03121,FAR-121,TR-021,Machakos,completed,Planting,33712.7,paid,2026-04-04T01:00:00
BKG-03122,FAR-122,TR-022,Nakuru,completed,Weeding,10732.25,paid,2026-04-05T02:00:00
BKG-03123,FAR-123,TR-023,Nairobi,completed,Harvesting,29874.68,paid,2026-04-06T03:00:00
BKG-03124,FAR-124,TR-024,Embu,pending,Soil management,46123.72,pending,2026-04-07T04:00:00
BKG-03125,FAR-125,TR-025,Kiambu,cancelled,Land preparation,46579.35,void,2026-04-08T05:00:00
BKG-03126,FAR-126,TR-026,Machakos,completed,Planting,24852.17,paid,2026-04-09T06:00:00
BKG-03127,FAR-127,TR-027,Nakuru,completed,Weeding,31135.84,paid,2026-04-10T07:00:00
BKG-03128,FAR-128,TR-028,Nairobi,completed,Harvesting,21612.63,paid,2026-04-11T08:00:00
BKG-03129,FAR-129,TR-029,Embu,completed,Soil management,30214.6,pending,2026-04-12T09:00:00
BKG-03130,FAR-130,TR-030,Kiambu,pending,Land preparation,51585.84,pending,2026-04-13T10:00:00
BKG-03131,FAR-131,TR-031,Machakos,cancelled,Planting,32438.46,void,2026-04-14T11:00:00
BKG-03132,FAR-132,TR-032,Nakuru,completed,Weeding,27130.32,paid,2026-04-15T12:00:00
BKG-03133,FAR-133,TR-033,Nairobi,completed,Harvesting,52479.56,pending,2026-04-16T13:00:00
BKG-03134,FAR-134,TR-034,Embu,completed,Soil management,15913.73,paid,2026-04-17T14:00:00
BKG-03135,FAR-135,TR-035,Kiambu,completed,Land preparation,17289.99,paid,2026-04-18T15:00:00
BKG-03136,FAR-136,TR-036,Machakos,pending,Planting,32789.44,pending,2026-04-19T16:00:00
BKG-03137,FAR-137,TR-037,Nakuru,cancelled,Weeding,48260.22,void,2026-04-20T17:00:00
BKG-03138,FAR-138,TR-038,Nairobi,completed,Harvesting,47475.47,paid,2026-04-21T18:00:00
BKG-03139,FAR-139,TR-039,Embu,completed,Soil management,27516.25,paid,2026-04-22T19:00:00
BKG-03140,FAR-140,TR-040,Kiambu,completed,Land preparation,45138.98,paid,2026-04-23T20:00:00
BKG-03141,FAR-141,TR-041,Machakos,completed,Planting,52515.87,paid,2026-04-24T21:00:00
BKG-03142,FAR-142,TR-042,Nakuru,pending,Weeding,42357.12,pending,2026-04-25T22:00:00
BKG-03143,FAR-143,TR-043,Nairobi,cancelled,Harvesting,30927.59,void,2026-04-26T23:00:00
BKG-03144,FAR-144,TR-044,Embu,completed,Soil management,19670.6,paid,2026-04-27T00:00:00
BKG-03145,FAR-145,TR-045,Kiambu,completed,Land preparation,50081.1,paid,2026-04-28T01:00:00
BKG-03146,FAR-146,TR-046,Machakos,completed,Planting,48529.77,paid,2026-04-29T02:00:00
BKG-03147,FAR-147,TR-047,Nakuru,completed,Weeding,17894.21,paid,2026-04-30T03:00:00
BKG-03148,FAR-148,TR-048,Nairobi,pending,Harvesting,50249.87,pending,2026-05-01T04:00:00
BKG-03149,FAR-149,TR-049,Embu,cancelled,Soil management,14563.85,void,2026-05-02T05:00:00
BKG-03150,FAR-150,TR-050,Kiambu,completed,Land preparation,14573.83,paid,2026-05-03T06:00:00
BKG-03151,FAR-151,TR-051,Machakos,completed,Planting,41257.54,paid,2026-05-04T07:00:00
BKG-03152,FAR-152,TR-052,Nakuru,completed,Weeding,16459.18,paid,2026-05-05T08:00:00
BKG-03153,FAR-153,TR-053,Nairobi,completed,Harvesting,47130.21,paid,2026-05-06T09:00:00
BKG-03154,FAR-154,TR-054,Embu,pending,Soil management,12372.28,pending,2026-05-07T10:00:00
BKG-03155,FAR-155,TR-055,Kiambu,cancelled,Land preparation,24233.7,void,2026-05-08T11:00:00
BKG-03156,FAR-156,TR-056,Machakos,completed,Planting,34046.72,paid,2026-05-09T12:00:00
BKG-03157,FAR-157,TR-057,Nakuru,completed,Weeding,50408.52,paid,2026-05-10T13:00:00
BKG-03158,FAR-158,TR-058,Nairobi,completed,Harvesting,19473.64,paid,2026-05-11T14:00:00
BKG-03159,FAR-159,TR-059,Embu,completed,Soil management,38981.7,paid,2026-05-12T15:00:00
BKG-03160,FAR-160,TR-060,Kiambu,pending,Land preparation,42571.19,pending,2026-05-13T16:00:00
BKG-03161,FAR-161,TR-061,Machakos,cancelled,Planting,17974.29,void,2026-05-14T17:00:00
BKG-03162,FAR-162,TR-062,Nakuru,completed,Weeding,46912.46,paid,2026-05-15T18:00:00
BKG-03163,FAR-163,TR-063,Nairobi,completed,Harvesting,44705.09,paid,2026-05-16T19:00:00
BKG-03164,FAR-164,TR-064,Embu,completed,Soil management,53895.45,paid,2026-05-17T20:00:00
BKG-03165,FAR-165,TR-065,Kiambu,completed,Land preparation,29345.72,paid,2026-05-18T21:00:00
BKG-03166,FAR-166,TR-066,Machakos,pending,Planting,14081.69,pending,2026-05-19T22:00:00
BKG-03167,FAR-167,TR-067,Nakuru,cancelled,Weeding,11012.82,void,2026-05-20T23:00:00
BKG-03168,FAR-168,TR-068,Nairobi,completed,Harvesting,28712.99,pending,2026-05-21T00:00:00
BKG-03169,FAR-169,TR-069,Embu,completed,Soil management,38035.62,paid,2026-05-22T01:00:00
BKG-03170,FAR-170,TR-070,Kiambu,completed,Land preparation,50421.04,paid,2026-05-23T02:00:00
BKG-03171,FAR-171,TR-071,Machakos,completed,Planting,45387.98,paid,2026-05-24T03:00:00
BKG-03172,FAR-172,TR-072,Nakuru,pending,Weeding,23128.72,pending,2026-05-25T04:00:00
BKG-03173,FAR-173,TR-073,Nairobi,cancelled,Harvesting,43959.8,void,2026-05-26T05:00:00
BKG-03174,FAR-174,TR-074,Embu,completed,Soil management,36076.71,paid,2026-05-27T06:00:00
BKG-03175,FAR-175,TR-075,Kiambu,completed,Land preparation,13752.48,paid,2026-05-28T07:00:00
BKG-03176,FAR-176,TR-076,Machakos,completed,Planting,27389.27,pending,2026-05-29T08:00:00
BKG-03177,FAR-177,TR-077,Nakuru,completed,Weeding,10411.18,paid,2026-05-30T09:00:00
BKG-03178,FAR-178,TR-078,Nairobi,pending,Harvesting,28636.81,pending,2026-05-31T10:00:00
BKG-03179,FAR-179,TR-079,Embu,cancelled,Soil management,35687.89,void,2026-06-01T11:00:00
BKG-03180,FAR-180,TR-080,Kiambu,completed,Land preparation,34209.08,paid,2026-06-02T12:00:00
BKG-03181,FAR-181,TR-081,Machakos,completed,Planting,26561.37,paid,2026-06-03T13:00:00
BKG-03182,FAR-182,TR-082,Nakuru,completed,Weeding,18071.68,paid,2026-06-04T14:00:00
BKG-03183,FAR-183,TR-083,Nairobi,completed,Harvesting,48230.94,paid,2026-06-05T15:00:00
BKG-03184,FAR-184,TR-084,Embu,pending,Soil management,23315.7,pending,2026-06-06T16:00:00
BKG-03185,FAR-185,TR-085,Kiambu,cancelled,Land preparation,41122.31,void,2026-06-07T17:00:00
BKG-03186,FAR-186,TR-086,Machakos,completed,Planting,30608.82,paid,2026-06-08T18:00:00
BKG-03187,FAR-187,TR-087,Nakuru,completed,Weeding,20213.03,paid,2026-06-09T19:00:00
BKG-03188,FAR-188,TR-088,Nairobi,completed,Harvesting,10442.43,paid,2026-06-10T20:00:00
BKG-03189,FAR-189,TR-089,Embu,completed,Soil management,26006.84,paid,2026-06-11T21:00:00
BKG-03190,FAR-190,TR-090,Kiambu,pending,Land preparation,29865.69,pending,2026-06-12T22:00:00
BKG-03191,FAR-191,TR-091,Machakos,cancelled,Planting,48702.42,void,2026-06-13T23:00:00
BKG-03192,FAR-192,TR-092,Nakuru,completed,Weeding,51371.46,paid,2026-06-14T00:00:00
BKG-03193,FAR-193,TR-093,Nairobi,completed,Harvesting,35194.86,paid,2026-06-15T01:00:00
BKG-03194,FAR-194,TR-094,Embu,completed,Soil management,41996.12,paid,2026-06-16T02:00:00
BKG-03195,FAR-195,TR-095,Kiambu,completed,Land preparation,23762.67,paid,2026-06-17T03:00:00
BKG-03196,FAR-196,TR-096,Machakos,pending,Planting,16930.1,pending,2026-06-18T04:00:00
BKG-03197,FAR-197,TR-097,Nakuru,cancelled,Weeding,33139.78,void,2026-06-19T05:00:00
BKG-03198,FAR-198,TR-098,Nairobi,completed,Harvesting,9002.87,paid,2026-06-20T06:00:00
BKG-03199,FAR-199,TR-099,Embu,completed,Soil management,16224.26,paid,2026-06-21T07:00:00
BKG-03200,FAR-200,TR-100,Kiambu,completed,Land preparation,16430.79,paid,2026-06-22T08:00:00
BKG-03201,FAR-201,TR-001,Machakos,completed,Planting,27361.19,paid,2026-06-23T09:00:00
BKG-03202,FAR-202,TR-002,Nakuru,pending,Weeding,44435.57,pending,2026-06-24T10:00:00
BKG-03203,FAR-203,TR-003,Nairobi,cancelled,Harvesting,50421.87,void,2026-06-25T11:00:00
BKG-03204,FAR-204,TR-004,Embu,completed,Soil management,30025.79,pending,2026-06-26T12:00:00
BKG-03205,FAR-205,TR-005,Kiambu,completed,Land preparation,41445.31,paid,2026-06-27T13:00:00
BKG-03206,FAR-206,TR-006,Machakos,completed,Planting,20352.92,paid,2026-06-28T14:00:00
BKG-03207,FAR-207,TR-007,Nakuru,completed,Weeding,27527.3,paid,2026-06-29T15:00:00
BKG-03208,FAR-208,TR-008,Nairobi,pending,Harvesting,48224.96,pending,2026-06-30T16:00:00
BKG-03209,FAR-209,TR-009,Embu,cancelled,Soil management,31923.08,void,2026-07-01T17:00:00
BKG-03210,FAR-210,TR-010,Kiambu,completed,Land preparation,28220.08,paid,2026-07-02T18:00:00
BKG-03211,FAR-211,TR-011,Machakos,completed,Planting,27815.93,paid,2026-07-03T19:00:00
BKG-03212,FAR-212,TR-012,Nakuru,completed,Weeding,9761.87,paid,2026-07-04T20:00:00
BKG-03213,FAR-213,TR-013,Nairobi,completed,Harvesting,13658.27,paid,2026-07-05T21:00:00
BKG-03214,FAR-214,TR-014,Embu,pending,Soil management,50291.45,pending,2026-07-06T22:00:00
BKG-03215,FAR-215,TR-015,Kiambu,cancelled,Land preparation,43861.44,void,2026-07-07T23:00:00
BKG-03216,FAR-216,TR-016,Machakos,completed,Planting,24954.99,paid,2026-07-08T00:00:00
BKG-03217,FAR-217,TR-017,Nakuru,completed,Weeding,24349.82,paid,2026-07-09T01:00:00
BKG-03218,FAR-218,TR-018,Nairobi,completed,Harvesting,11008.28,paid,2026-07-10T02:00:00
BKG-03219,FAR-219,TR-019,Embu,completed,Soil management,24278.93,paid,2026-07-11T03:00:00
BKG-03220,FAR-220,TR-020,Kiambu,pending,Land preparation,37558.17,pending,2026-07-12T04:00:00
BKG-03221,FAR-221,TR-021,Machakos,cancelled,Planting,33260.76,void,2026-07-13T05:00:00
BKG-03222,FAR-222,TR-022,Nakuru,completed,Weeding,21304.33,paid,2026-07-14T06:00:00
BKG-03223,FAR-223,TR-023,Nairobi,completed,Harvesting,9696.92,paid,2026-07-15T07:00:00
BKG-03224,FAR-224,TR-024,Embu,completed,Soil management,50231.13,paid,2026-07-16T08:00:00
BKG-03225,FAR-225,TR-025,Kiambu,completed,Land preparation,47585.39,paid,2026-07-17T09:00:00
BKG-03226,FAR-226,TR-026,Machakos,pending,Planting,14326.75,pending,2026-07-18T10:00:00
BKG-03227,FAR-227,TR-027,Nakuru,cancelled,Weeding,25033.79,void,2026-07-19T11:00:00
BKG-03228,FAR-228,TR-028,Nairobi,completed,Harvesting,17095.78,paid,2026-07-20T12:00:00
BKG-03229,FAR-229,TR-029,Embu,completed,Soil management,23373.98,paid,2026-07-21T13:00:00
BKG-03230,FAR-230,TR-030,Kiambu,completed,Land preparation,16083.0,paid,2026-07-22T14:00:00
BKG-03231,FAR-231,TR-031,Machakos,completed,Planting,45611.23,paid,2026-07-23T15:00:00
BKG-03232,FAR-232,TR-032,Nakuru,pending,Weeding,48749.24,pending,2026-07-24T16:00:00
BKG-03233,FAR-233,TR-033,Nairobi,cancelled,Harvesting,24505.41,void,2026-07-25T17:00:00
BKG-03234,FAR-234,TR-034,Embu,completed,Soil management,48286.94,paid,2026-07-26T18:00:00
BKG-03235,FAR-235,TR-035,Kiambu,completed,Land preparation,46868.65,paid,2026-07-27T19:00:00
BKG-03236,FAR-236,TR-036,Machakos,completed,Planting,46704.31,paid,2026-07-28T20:00:00
BKG-03237,FAR-237,TR-037,Nakuru,completed,Weeding,39897.02,paid,2026-07-29T21:00:00
BKG-03238,FAR-238,TR-038,Nairobi,pending,Harvesting,20528.03,pending,2026-07-30T22:00:00
BKG-03239,FAR-239,TR-039,Embu,cancelled,Soil management,51180.83,void,2026-07-31T23:00:00
BKG-03240,FAR-240,TR-040,Kiambu,completed,Land preparation,46982.01,pending,2026-08-01T00:00:00
BKG-03241,FAR-241,TR-041,Machakos,completed,Planting,46276.05,pending,2026-08-02T01:00:00
BKG-03242,FAR-242,TR-042,Nakuru,completed,Weeding,37058.9,paid,2026-08-03T02:00:00
BKG-03243,FAR-243,TR-043,Nairobi,completed,Harvesting,47073.44,paid,2026-08-04T03:00:00
BKG-03244,FAR-244,TR-044,Embu,pending,Soil management,14597.7,pending,2026-08-05T04:00:00
BKG-03245,FAR-245,TR-045,Kiambu,cancelled,Land preparation,9689.25,void,2026-08-06T05:00:00
BKG-03246,FAR-246,TR-046,Machakos,completed,Planting,36090.75,paid,2026-08-07T06:00:00
BKG-03247,FAR-247,TR-047,Nakuru,completed,Weeding,19926.63,paid,2026-08-08T07:00:00
BKG-03248,FAR-248,TR-048,Nairobi,completed,Harvesting,52132.85,paid,2026-08-09T08:00:00
BKG-03249,FAR-249,TR-049,Embu,completed,Soil management,14736.95,pending,2026-08-10T09:00:00
BKG-03250,FAR-250,TR-050,Kiambu,pending,Land preparation,44123.79,pending,2026-08-11T10:00:00
BKG-03251,FAR-251,TR-051,Machakos,cancelled,Planting,20467.62,void,2026-08-12T11:00:00
BKG-03252,FAR-252,TR-052,Nakuru,completed,Weeding,34358.89,paid,2026-08-13T12:00:00
BKG-03253,FAR-253,TR-053,Nairobi,completed,Harvesting,52476.76,paid,2026-08-14T13:00:00
BKG-03254,FAR-254,TR-054,Embu,completed,Soil management,25111.63,pending,2026-08-15T14:00:00
BKG-03255,FAR-255,TR-055,Kiambu,completed,Land preparation,13994.25,pending,2026-08-16T15:00:00
BKG-03256,FAR-256,TR-056,Machakos,pending,Planting,22873.99,pending,2026-08-17T16:00:00
BKG-03257,FAR-257,TR-057,Nakuru,cancelled,Weeding,24048.13,void,2026-08-18T17:00:00
BKG-03258,FAR-258,TR-058,Nairobi,completed,Harvesting,34199.81,paid,2026-08-19T18:00:00
BKG-03259,FAR-259,TR-059,Embu,completed,Soil management,48151.25,paid,2026-08-20T19:00:00
BKG-03260,FAR-260,TR-060,Kiambu,completed,Land preparation,36483.82,paid,2026-08-21T20:00:00
BKG-03261,FAR-261,TR-061,Machakos,completed,Planting,34153.06,paid,2026-08-22T21:00:00
BKG-03262,FAR-262,TR-062,Nakuru,pending,Weeding,51755.62,pending,2026-08-23T22:00:00
BKG-03263,FAR-263,TR-063,Nairobi,cancelled,Harvesting,48945.22,void,2026-08-24T23:00:00
BKG-03264,FAR-264,TR-064,Embu,completed,Soil management,24568.67,paid,2026-08-25T00:00:00
BKG-03265,FAR-265,TR-065,Kiambu,completed,Land preparation,51392.29,paid,2026-08-26T01:00:00
BKG-03266,FAR-266,TR-066,Machakos,completed,Planting,27581.98,paid,2026-08-27T02:00:00
BKG-03267,FAR-267,TR-067,Nakuru,completed,Weeding,43279.86,paid,2026-08-28T03:00:00
BKG-03268,FAR-268,TR-068,Nairobi,pending,Harvesting,33038.38,pending,2026-08-29T04:00:00
BKG-03269,FAR-269,TR-069,Embu,cancelled,Soil management,48930.12,void,2026-08-30T05:00:00
BKG-03270,FAR-270,TR-070,Kiambu,completed,Land preparation,25871.96,paid,2026-08-31T06:00:00
BKG-03271,FAR-271,TR-071,Machakos,completed,Planting,29834.19,paid,2026-09-01T07:00:00
BKG-03272,FAR-272,TR-072,Nakuru,completed,Weeding,13954.96,paid,2026-09-02T08:00:00
BKG-03273,FAR-273,TR-073,Nairobi,completed,Harvesting,25523.14,pending,2026-09-03T09:00:00
BKG-03274,FAR-274,TR-074,Embu,pending,Soil management,30565.71,pending,2026-09-04T10:00:00
BKG-03275,FAR-275,TR-075,Kiambu,cancelled,Land preparation,46903.34,void,2026-09-05T11:00:00
BKG-03276,FAR-276,TR-076,Machakos,completed,Planting,22582.23,paid,2026-09-06T12:00:00
BKG-03277,FAR-277,TR-077,Nakuru,completed,Weeding,36607.82,paid,2026-09-07T13:00:00
BKG-03278,FAR-278,TR-078,Nairobi,completed,Harvesting,23103.08,paid,2026-09-08T14:00:00
BKG-03279,FAR-279,TR-079,Embu,completed,Soil management,51582.52,paid,2026-09-09T15:00:00
BKG-03280,FAR-280,TR-080,Kiambu,pending,Land preparation,42403.51,pending,2026-09-10T16:00:00
BKG-03281,FAR-281,TR-081,Machakos,cancelled,Planting,31215.68,void,2026-09-11T17:00:00
BKG-03282,FAR-282,TR-082,Nakuru,completed,Weeding,13260.69,paid,2026-09-12T18:00:00
BKG-03283,FAR-283,TR-083,Nairobi,completed,Harvesting,20528.03,paid,2026-09-13T19:00:00
BKG-03284,FAR-284,TR-084,Embu,completed,Soil management,22763.1,paid,2026-09-14T20:00:00
BKG-03285,FAR-285,TR-085,Kiambu,completed,Land preparation,10901.92,paid,2025-09-15T21:00:00
BKG-03286,FAR-286,TR-086,Machakos,pending,Planting,9126.25,pending,2025-09-16T22:00:00
BKG-03287,FAR-287,TR-087,Nakuru,cancelled,Weeding,40578.55,void,2025-09-17T23:00:00
BKG-03288,FAR-288,TR-088,Nairobi,completed,Harvesting,13720.94,paid,2025-09-18T00:00:00
BKG-03289,FAR-289,TR-089,Embu,completed,Soil management,44446.37,paid,2025-09-19T01:00:00
BKG-03290,FAR-290,TR-090,Kiambu,completed,Land preparation,47062.65,paid,2025-09-20T02:00:00
BKG-03291,FAR-291,TR-091,Machakos,completed,Planting,12030.81,paid,2025-09-21T03:00:00
BKG-03292,FAR-292,TR-092,Nakuru,pending,Weeding,37420.48,pending,2025-09-22T04:00:00
BKG-03293,FAR-293,TR-093,Nairobi,cancelled,Harvesting,16273.4,void,2025-09-23T05:00:00
BKG-03294,FAR-294,TR-094,Embu,completed,Soil management,12161.84,paid,2025-09-24T06:00:00
BKG-03295,FAR-295,TR-095,Kiambu,completed,Land preparation,19539.64,paid,2025-09-25T07:00:00
BKG-03296,FAR-296,TR-096,Machakos,completed,Planting,50439.61,pending,2025-09-26T08:00:00
BKG-03297,FAR-297,TR-097,Nakuru,completed,Weeding,47604.6,paid,2025-09-27T09:00:00
BKG-03298,FAR-298,TR-098,Nairobi,pending,Harvesting,31090.58,pending,2025-09-28T10:00:00
BKG-03299,FAR-299,TR-099,Embu,cancelled,Soil management,50621.24,void,2025-09-29T11:00:00
BKG-03300,FAR-300,TR-100,Kiambu,completed,Land preparation,47838.39,pending,2025-09-30T12:00:00
BKG-03301,FAR-301,TR-001,Machakos,completed,Planting,38176.02,paid,2025-10-01T13:00:00
BKG-03302,FAR-302,TR-002,Nakuru,completed,Weeding,13717.35,paid,2025-10-02T14:00:00
BKG-03303,FAR-303,TR-003,Nairobi,completed,Harvesting,18921.81,paid,2025-10-03T15:00:00
BKG-03304,FAR-304,TR-004,Embu,pending,Soil management,13075.85,pending,2025-10-04T16:00:00
BKG-03305,FAR-305,TR-005,Kiambu,cancelled,Land preparation,28587.32,void,2025-10-05T17:00:00
BKG-03306,FAR-306,TR-006,Machakos,completed,Planting,17369.62,paid,2025-10-06T18:00:00
BKG-03307,FAR-307,TR-007,Nakuru,completed,Weeding,17841.47,paid,2025-10-07T19:00:00
BKG-03308,FAR-308,TR-008,Nairobi,completed,Harvesting,19931.22,paid,2025-10-08T20:00:00
BKG-03309,FAR-309,TR-009,Embu,completed,Soil management,38835.09,paid,2025-10-09T21:00:00
BKG-03310,FAR-310,TR-010,Kiambu,pending,Land preparation,27027.73,pending,2025-10-10T22:00:00
BKG-03311,FAR-311,TR-011,Machakos,cancelled,Planting,10064.43,void,2025-10-11T23:00:00
BKG-03312,FAR-312,TR-012,Nakuru,completed,Weeding,22924.22,paid,2025-10-12T00:00:00
BKG-03313,FAR-313,TR-013,Nairobi,completed,Harvesting,24035.3,paid,2025-10-13T01:00:00
BKG-03314,FAR-314,TR-014,Embu,completed,Soil management,53404.69,paid,2025-10-14T02:00:00
BKG-03315,FAR-315,TR-015,Kiambu,completed,Land preparation,53711.02,paid,2025-10-15T03:00:00
BKG-03316,FAR-316,TR-016,Machakos,pending,Planting,48666.67,pending,2025-10-16T04:00:00
BKG-03317,FAR-317,TR-017,Nakuru,cancelled,Weeding,26245.41,void,2025-10-17T05:00:00
BKG-03318,FAR-318,TR-018,Nairobi,completed,Harvesting,19630.29,paid,2025-10-18T06:00:00
BKG-03319,FAR-319,TR-019,Embu,completed,Soil management,13411.75,paid,2025-10-19T07:00:00
BKG-03320,FAR-320,TR-020,Kiambu,completed,Land preparation,34234.39,paid,2025-10-20T08:00:00
BKG-03321,FAR-321,TR-021,Machakos,completed,Planting,30835.88,paid,2025-10-21T09:00:00
BKG-03322,FAR-322,TR-022,Nakuru,pending,Weeding,9524.65,pending,2025-10-22T10:00:00
BKG-03323,FAR-323,TR-023,Nairobi,cancelled,Harvesting,11526.81,void,2025-10-23T11:00:00
BKG-03324,FAR-324,TR-024,Embu,completed,Soil management,50540.79,paid,2025-10-24T12:00:00
BKG-03325,FAR-325,TR-025,Kiambu,completed,Land preparation,22182.2,paid,2025-10-25T13:00:00
BKG-03326,FAR-326,TR-026,Machakos,completed,Planting,40827.65,paid,2025-10-26T14:00:00
BKG-03327,FAR-327,TR-027,Nakuru,completed,Weeding,44882.49,pending,2025-10-27T15:00:00
BKG-03328,FAR-328,TR-028,Nairobi,pending,Harvesting,41944.54,pending,2025-10-28T16:00:00
BKG-03329,FAR-329,TR-029,Embu,cancelled,Soil management,42385.22,void,2025-10-29T17:00:00
BKG-03330,FAR-330,TR-030,Kiambu,completed,Land preparation,30018.93,paid,2025-10-30T18:00:00
BKG-03331,FAR-331,TR-031,Machakos,completed,Planting,25284.0,paid,2025-10-31T19:00:00
BKG-03332,FAR-332,TR-032,Nakuru,completed,Weeding,11006.97,paid,2025-11-01T20:00:00
BKG-03333,FAR-333,TR-033,Nairobi,completed,Harvesting,37338.77,paid,2025-11-02T21:00:00
BKG-03334,FAR-334,TR-034,Embu,pending,Soil management,39272.33,pending,2025-11-03T22:00:00
BKG-03335,FAR-335,TR-035,Kiambu,cancelled,Land preparation,30074.69,void,2025-11-04T23:00:00
BKG-03336,FAR-336,TR-036,Machakos,completed,Planting,13623.57,paid,2025-11-05T00:00:00
BKG-03337,FAR-337,TR-037,Nakuru,completed,Weeding,44438.22,paid,2025-11-06T01:00:00
BKG-03338,FAR-338,TR-038,Nairobi,completed,Harvesting,49296.01,paid,2025-11-07T02:00:00
BKG-03339,FAR-339,TR-039,Embu,completed,Soil management,50646.12,paid,2025-11-08T03:00:00
BKG-03340,FAR-340,TR-040,Kiambu,pending,Land preparation,32505.97,pending,2025-11-09T04:00:00
BKG-03341,FAR-341,TR-041,Machakos,cancelled,Planting,9694.17,void,2025-11-10T05:00:00
BKG-03342,FAR-342,TR-042,Nakuru,completed,Weeding,41157.6,paid,2025-11-11T06:00:00
BKG-03343,FAR-343,TR-043,Nairobi,completed,Harvesting,21536.01,paid,2025-11-12T07:00:00
BKG-03344,FAR-344,TR-044,Embu,completed,Soil management,9457.26,paid,2025-11-13T08:00:00
BKG-03345,FAR-345,TR-045,Kiambu,completed,Land preparation,13445.38,paid,2025-11-14T09:00:00
BKG-03346,FAR-346,TR-046,Machakos,pending,Planting,42736.64,pending,2025-11-15T10:00:00
BKG-03347,FAR-347,TR-047,Nakuru,cancelled,Weeding,32833.3,void,2025-11-16T11:00:00
BKG-03348,FAR-348,TR-048,Nairobi,completed,Harvesting,43849.62,paid,2025-11-17T12:00:00
BKG-03349,FAR-349,TR-049,Embu,completed,Soil management,10978.25,paid,2025-11-18T13:00:00
BKG-03350,FAR-350,TR-050,Kiambu,completed,Land preparation,51484.95,paid,2025-11-19T14:00:00
BKG-03351,FAR-351,TR-051,Machakos,completed,Planting,34449.64,pending,2025-11-20T15:00:00
BKG-03352,FAR-352,TR-052,Nakuru,pending,Weeding,42218.42,pending,2025-11-21T16:00:00
BKG-03353,FAR-353,TR-053,Nairobi,cancelled,Harvesting,33143.14,void,2025-11-22T17:00:00
BKG-03354,FAR-354,TR-054,Embu,completed,Soil management,14864.8,paid,2025-11-23T18:00:00
BKG-03355,FAR-355,TR-055,Kiambu,completed,Land preparation,21931.93,paid,2025-11-24T19:00:00
BKG-03356,FAR-356,TR-056,Machakos,completed,Planting,12864.11,pending,2025-11-25T20:00:00
BKG-03357,FAR-357,TR-057,Nakuru,completed,Weeding,11636.9,paid,2025-11-26T21:00:00
BKG-03358,FAR-358,TR-058,Nairobi,pending,Harvesting,24178.84,pending,2025-11-27T22:00:00
BKG-03359,FAR-359,TR-059,Embu,cancelled,Soil management,10282.15,void,2025-11-28T23:00:00
BKG-03360,FAR-360,TR-060,Kiambu,completed,Land preparation,45320.04,paid,2025-11-29T00:00:00
BKG-03361,FAR-361,TR-061,Machakos,completed,Planting,44657.29,paid,2025-11-30T01:00:00
BKG-03362,FAR-362,TR-062,Nakuru,completed,Weeding,43030.84,paid,2025-12-01T02:00:00
BKG-03363,FAR-363,TR-063,Nairobi,completed,Harvesting,14806.25,pending,2025-12-02T03:00:00
BKG-03364,FAR-364,TR-064,Embu,pending,Soil management,13137.19,pending,2025-12-03T04:00:00
BKG-03365,FAR-365,TR-065,Kiambu,cancelled,Land preparation,14460.84,void,2025-12-04T05:00:00
BKG-03366,FAR-366,TR-066,Machakos,completed,Planting,40631.38,paid,2025-12-05T06:00:00
BKG-03367,FAR-367,TR-067,Nakuru,completed,Weeding,52764.78,paid,2025-12-06T07:00:00
BKG-03368,FAR-368,TR-068,Nairobi,completed,Harvesting,39064.64,paid,2025-12-07T08:00:00
BKG-03369,FAR-369,TR-069,Embu,completed,Soil management,48845.37,paid,2025-12-08T09:00:00
BKG-03370,FAR-370,TR-070,Kiambu,pending,Land preparation,33802.27,pending,2025-12-09T10:00:00
BKG-03371,FAR-371,TR-071,Machakos,cancelled,Planting,15880.56,void,2025-12-10T11:00:00
BKG-03372,FAR-372,TR-072,Nakuru,completed,Weeding,50726.8,pending,2025-12-11T12:00:00
BKG-03373,FAR-373,TR-073,Nairobi,completed,Harvesting,21040.2,paid,2025-12-12T13:00:00
BKG-03374,FAR-374,TR-074,Embu,completed,Soil management,11512.76,paid,2025-12-13T14:00:00
BKG-03375,FAR-375,TR-075,Kiambu,completed,Land preparation,25297.45,pending,2025-12-14T15:00:00
BKG-03376,FAR-376,TR-076,Machakos,pending,Planting,37611.05,pending,2025-12-15T16:00:00
BKG-03377,FAR-377,TR-077,Nakuru,cancelled,Weeding,28853.62,void,2025-12-16T17:00:00
BKG-03378,FAR-378,TR-078,Nairobi,completed,Harvesting,41179.12,paid,2025-12-17T18:00:00
BKG-03379,FAR-379,TR-079,Embu,completed,Soil management,17911.16,paid,2025-12-18T19:00:00
BKG-03380,FAR-380,TR-080,Kiambu,completed,Land preparation,12547.61,paid,2025-12-19T20:00:00
BKG-03381,FAR-381,TR-081,Machakos,completed,Planting,32521.19,paid,2025-12-20T21:00:00
BKG-03382,FAR-382,TR-082,Nakuru,pending,Weeding,9136.1,pending,2025-12-21T22:00:00
BKG-03383,FAR-383,TR-083,Nairobi,cancelled,Harvesting,25356.42,void,2025-12-22T23:00:00
BKG-03384,FAR-384,TR-084,Embu,completed,Soil management,23693.88,paid,2025-12-23T00:00:00
BKG-03385,FAR-385,TR-085,Kiambu,completed,Land preparation,20017.28,pending,2025-12-24T01:00:00
BKG-03386,FAR-386,TR-086,Machakos,completed,Planting,24280.43,paid,2025-12-25T02:00:00
BKG-03387,FAR-387,TR-087,Nakuru,completed,Weeding,41895.34,paid,2025-12-26T03:00:00
BKG-03388,FAR-388,TR-088,Nairobi,pending,Harvesting,48479.96,pending,2025-12-27T04:00:00
BKG-03389,FAR-389,TR-089,Embu,cancelled,Soil management,50746.75,void,2025-12-28T05:00:00
BKG-03390,FAR-390,TR-090,Kiambu,completed,Land preparation,48172.09,paid,2025-12-29T06:00:00
BKG-03391,FAR-391,TR-091,Machakos,completed,Planting,17521.08,paid,2025-12-30T07:00:00
BKG-03392,FAR-392,TR-092,Nakuru,completed,Weeding,34523.47,paid,2025-12-31T08:00:00
BKG-03393,FAR-393,TR-093,Nairobi,completed,Harvesting,15591.84,paid,2026-01-01T09:00:00
BKG-03394,FAR-394,TR-094,Embu,pending,Soil management,16873.76,pending,2026-01-02T10:00:00
BKG-03395,FAR-395,TR-095,Kiambu,cancelled,Land preparation,41576.0,void,2026-01-03T11:00:00
BKG-03396,FAR-396,TR-096,Machakos,completed,Planting,10141.73,paid,2026-01-04T12:00:00
BKG-03397,FAR-397,TR-097,Nakuru,completed,Weeding,9798.0,paid,2026-01-05T13:00:00
BKG-03398,FAR-398,TR-098,Nairobi,completed,Harvesting,12558.56,paid,2026-01-06T14:00:00
BKG-03399,FAR-399,TR-099,Embu,completed,Soil management,53295.58,pending,2026-01-07T15:00:00
BKG-03400,FAR-400,TR-100,Kiambu,pending,Land preparation,45635.99,pending,2026-01-08T16:00:00
BKG-03401,FAR-401,TR-001,Machakos,cancelled,Planting,30809.12,void,2026-01-09T17:00:00
BKG-03402,FAR-402,TR-002,Nakuru,completed,Weeding,25539.7,pending,2026-01-10T18:00:00
BKG-03403,FAR-403,TR-003,Nairobi,completed,Harvesting,45261.94,pending,2026-01-11T19:00:00
BKG-03404,FAR-404,TR-004,Embu,completed,Soil management,17535.06,paid,2026-01-12T20:00:00
BKG-03405,FAR-405,TR-005,Kiambu,completed,Land preparation,48454.72,paid,2026-01-13T21:00:00
BKG-03406,FAR-406,TR-006,Machakos,pending,Planting,26372.43,pending,2026-01-14T22:00:00
BKG-03407,FAR-407,TR-007,Nakuru,cancelled,Weeding,48126.74,void,2026-01-15T23:00:00
BKG-03408,FAR-408,TR-008,Nairobi,completed,Harvesting,11853.18,paid,2026-01-16T00:00:00
BKG-03409,FAR-409,TR-009,Embu,completed,Soil management,19793.73,paid,2026-01-17T01:00:00
BKG-03410,FAR-410,TR-010,Kiambu,completed,Land preparation,20374.09,paid,2026-01-18T02:00:00
BKG-03411,FAR-411,TR-011,Machakos,completed,Planting,24926.59,paid,2026-01-19T03:00:00
BKG-03412,FAR-412,TR-012,Nakuru,pending,Weeding,34645.27,pending,2026-01-20T04:00:00
BKG-03413,FAR-413,TR-013,Nairobi,cancelled,Harvesting,36959.43,void,2026-01-21T05:00:00
BKG-03414,FAR-414,TR-014,Embu,completed,Soil management,15090.94,paid,2026-01-22T06:00:00
BKG-03415,FAR-415,TR-015,Kiambu,completed,Land preparation,10812.91,paid,2026-01-23T07:00:00
BKG-03416,FAR-416,TR-016,Machakos,completed,Planting,33186.1,paid,2026-01-24T08:00:00
BKG-03417,FAR-417,TR-017,Nakuru,completed,Weeding,22765.83,paid,2026-01-25T09:00:00
BKG-03418,FAR-418,TR-018,Nairobi,pending,Harvesting,17482.35,pending,2026-01-26T10:00:00
BKG-03419,FAR-419,TR-019,Embu,cancelled,Soil management,49784.78,void,2026-01-27T11:00:00
BKG-03420,FAR-420,TR-020,Kiambu,completed,Land preparation,49594.0,paid,2026-01-28T12:00:00
BKG-03421,FAR-421,TR-021,Machakos,completed,Planting,52948.41,paid,2026-01-29T13:00:00
BKG-03422,FAR-422,TR-022,Nakuru,completed,Weeding,49106.53,paid,2026-01-30T14:00:00
BKG-03423,FAR-423,TR-023,Nairobi,completed,Harvesting,51051.77,paid,2026-01-31T15:00:00
BKG-03424,FAR-424,TR-024,Embu,pending,Soil management,19863.26,pending,2026-02-01T16:00:00
BKG-03425,FAR-425,TR-025,Kiambu,cancelled,Land preparation,44848.8,void,2026-02-02T17:00:00
BKG-03426,FAR-426,TR-026,Machakos,completed,Planting,16884.01,paid,2026-02-03T18:00:00
BKG-03427,FAR-427,TR-027,Nakuru,completed,Weeding,40946.39,paid,2026-02-04T19:00:00
BKG-03428,FAR-428,TR-028,Nairobi,completed,Harvesting,31718.08,paid,2026-02-05T20:00:00
BKG-03429,FAR-429,TR-029,Embu,completed,Soil management,22680.66,paid,2026-02-06T21:00:00
BKG-03430,FAR-430,TR-030,Kiambu,pending,Land preparation,17531.3,pending,2026-02-07T22:00:00
BKG-03431,FAR-431,TR-031,Machakos,cancelled,Planting,31996.94,void,2026-02-08T23:00:00
BKG-03432,FAR-432,TR-032,Nakuru,completed,Weeding,33024.5,paid,2026-02-09T00:00:00
BKG-03433,FAR-433,TR-033,Nairobi,completed,Harvesting,16393.22,pending,2026-02-10T01:00:00
BKG-03434,FAR-434,TR-034,Embu,completed,Soil management,46333.35,pending,2026-02-11T02:00:00
BKG-03435,FAR-435,TR-035,Kiambu,completed,Land preparation,52110.75,paid,2026-02-12T03:00:00
BKG-03436,FAR-436,TR-036,Machakos,pending,Planting,44368.25,pending,2026-02-13T04:00:00
BKG-03437,FAR-437,TR-037,Nakuru,cancelled,Weeding,15319.97,void,2026-02-14T05:00:00
BKG-03438,FAR-438,TR-038,Nairobi,completed,Harvesting,24156.62,paid,2026-02-15T06:00:00
BKG-03439,FAR-439,TR-039,Embu,completed,Soil management,30258.46,paid,2026-02-16T07:00:00
BKG-03440,FAR-440,TR-040,Kiambu,completed,Land preparation,21733.39,paid,2026-02-17T08:00:00
BKG-03441,FAR-441,TR-041,Machakos,completed,Planting,46272.07,paid,2026-02-18T09:00:00
BKG-03442,FAR-442,TR-042,Nakuru,pending,Weeding,39526.95,pending,2026-02-19T10:00:00
BKG-03443,FAR-443,TR-043,Nairobi,cancelled,Harvesting,21705.85,void,2026-02-20T11:00:00
BKG-03444,FAR-444,TR-044,Embu,completed,Soil management,36451.09,pending,2026-02-21T12:00:00
BKG-03445,FAR-445,TR-045,Kiambu,completed,Land preparation,26687.49,paid,2026-02-22T13:00:00
BKG-03446,FAR-446,TR-046,Machakos,completed,Planting,15191.52,paid,2026-02-23T14:00:00
BKG-03447,FAR-447,TR-047,Nakuru,completed,Weeding,42185.74,paid,2026-02-24T15:00:00
BKG-03448,FAR-448,TR-048,Nairobi,pending,Harvesting,43389.31,pending,2026-02-25T16:00:00
BKG-03449,FAR-449,TR-049,Embu,cancelled,Soil management,13109.47,void,2026-02-26T17:00:00
BKG-03450,FAR-450,TR-050,Kiambu,completed,Land preparation,20119.12,paid,2026-02-27T18:00:00
BKG-03451,FAR-451,TR-051,Machakos,completed,Planting,45894.77,paid,2026-02-28T19:00:00
BKG-03452,FAR-452,TR-052,Nakuru,completed,Weeding,27062.14,paid,2026-03-01T20:00:00
BKG-03453,FAR-453,TR-053,Nairobi,completed,Harvesting,49768.85,paid,2026-03-02T21:00:00
BKG-03454,FAR-454,TR-054,Embu,pending,Soil management,42048.81,pending,2026-03-03T22:00:00
BKG-03455,FAR-455,TR-055,Kiambu,cancelled,Land preparation,25255.9,void,2026-03-04T23:00:00
BKG-03456,FAR-456,TR-056,Machakos,completed,Planting,9450.79,paid,2026-03-05T00:00:00
BKG-03457,FAR-457,TR-057,Nakuru,completed,Weeding,13651.47,paid,2026-03-06T01:00:00
BKG-03458,FAR-458,TR-058,Nairobi,completed,Harvesting,25570.95,paid,2026-03-07T02:00:00
BKG-03459,FAR-459,TR-059,Embu,completed,Soil management,50575.51,paid,2026-03-08T03:00:00
BKG-03460,FAR-460,TR-060,Kiambu,pending,Land preparation,20054.58,pending,2026-03-09T04:00:00
BKG-03461,FAR-461,TR-061,Machakos,cancelled,Planting,9994.28,void,2026-03-10T05:00:00
BKG-03462,FAR-462,TR-062,Nakuru,completed,Weeding,9044.35,paid,2026-03-11T06:00:00
BKG-03463,FAR-463,TR-063,Nairobi,completed,Harvesting,36855.27,paid,2026-03-12T07:00:00
BKG-03464,FAR-464,TR-064,Embu,completed,Soil management,47806.29,paid,2026-03-13T08:00:00
BKG-03465,FAR-465,TR-065,Kiambu,completed,Land preparation,48389.93,paid,2026-03-14T09:00:00
BKG-03466,FAR-466,TR-066,Machakos,pending,Planting,13193.21,pending,2026-03-15T10:00:00
BKG-03467,FAR-467,TR-067,Nakuru,cancelled,Weeding,41098.04,void,2026-03-16T11:00:00
BKG-03468,FAR-468,TR-068,Nairobi,completed,Harvesting,33734.49,paid,2026-03-17T12:00:00
BKG-03469,FAR-469,TR-069,Embu,completed,Soil management,33127.96,paid,2026-03-18T13:00:00
BKG-03470,FAR-470,TR-070,Kiambu,completed,Land preparation,47918.4,paid,2026-03-19T14:00:00
BKG-03471,FAR-471,TR-071,Machakos,completed,Planting,26606.49,paid,2026-03-20T15:00:00
BKG-03472,FAR-472,TR-072,Nakuru,pending,Weeding,42130.51,pending,2026-03-21T16:00:00
BKG-03473,FAR-473,TR-073,Nairobi,cancelled,Harvesting,51891.11,void,2026-03-22T17:00:00
BKG-03474,FAR-474,TR-074,Embu,completed,Soil management,41440.64,paid,2026-03-23T18:00:00
BKG-03475,FAR-475,TR-075,Kiambu,completed,Land preparation,11526.91,paid,2026-03-24T19:00:00
BKG-03476,FAR-476,TR-076,Machakos,completed,Planting,27379.55,paid,2026-03-25T20:00:00
BKG-03477,FAR-477,TR-077,Nakuru,completed,Weeding,38321.97,paid,2026-03-26T21:00:00
BKG-03478,FAR-478,TR-078,Nairobi,pending,Harvesting,48968.92,pending,2026-03-27T22:00:00
BKG-03479,FAR-479,TR-079,Embu,cancelled,Soil management,16748.69,void,2026-03-28T23:00:00
BKG-03480,FAR-480,TR-080,Kiambu,completed,Land preparation,42477.53,paid,2026-03-29T00:00:00
BKG-03481,FAR-481,TR-081,Machakos,completed,Planting,52649.78,paid,2026-03-30T01:00:00
BKG-03482,FAR-482,TR-082,Nakuru,completed,Weeding,38569.81,paid,2026-03-31T02:00:00
BKG-03483,FAR-483,TR-083,Nairobi,completed,Harvesting,47247.25,paid,2026-04-01T03:00:00
BKG-03484,FAR-484,TR-084,Embu,pending,Soil management,17653.7,pending,2026-04-02T04:00:00
BKG-03485,FAR-485,TR-085,Kiambu,cancelled,Land preparation,17232.8,void,2026-04-03T05:00:00
BKG-03486,FAR-486,TR-086,Machakos,completed,Planting,48777.49,paid,2026-04-04T06:00:00
BKG-03487,FAR-487,TR-087,Nakuru,completed,Weeding,40828.86,paid,2026-04-05T07:00:00
BKG-03488,FAR-488,TR-088,Nairobi,completed,Harvesting,13106.01,paid,2026-04-06T08:00:00
BKG-03489,FAR-489,TR-089,Embu,completed,Soil management,32733.23,paid,2026-04-07T09:00:00
BKG-03490,FAR-490,TR-090,Kiambu,pending,Land preparation,9879.84,pending,2026-04-08T10:00:00
BKG-03491,FAR-491,TR-091,Machakos,cancelled,Planting,41827.62,void,2026-04-09T11:00:00
BKG-03492,FAR-492,TR-092,Nakuru,completed,Weeding,33766.89,paid,2026-04-10T12:00:00
BKG-03493,FAR-493,TR-093,Nairobi,completed,Harvesting,24921.53,pending,2026-04-11T13:00:00
BKG-03494,FAR-494,TR-094,Embu,completed,Soil management,28115.78,paid,2026-04-12T14:00:00
BKG-03495,FAR-495,TR-095,Kiambu,completed,Land preparation,37550.24,pending,2026-04-13T15:00:00
BKG-03496,FAR-496,TR-096,Machakos,pending,Planting,38160.74,pending,2026-04-14T16:00:00
BKG-03497,FAR-497,TR-097,Nakuru,cancelled,Weeding,14346.93,void,2026-04-15T17:00:00
BKG-03498,FAR-498,TR-098,Nairobi,completed,Harvesting,53760.0,paid,2026-04-16T18:00:00
BKG-03499,FAR-499,TR-099,Embu,completed,Soil management,13417.75,paid,2026-04-17T19:00:00
BKG-03500,FAR-500,TR-100,Kiambu,completed,Land preparation,33591.64,paid,2026-04-18T20:00:00
BKG-03501,FAR-001,TR-001,Machakos,completed,Planting,53094.72,paid,2026-04-19T21:00:00
BKG-03502,FAR-002,TR-002,Nakuru,pending,Weeding,46765.16,pending,2026-04-20T22:00:00
BKG-03503,FAR-003,TR-003,Nairobi,cancelled,Harvesting,20985.76,void,2026-04-21T23:00:00
BKG-03504,FAR-004,TR-004,Embu,completed,Soil management,29844.13,paid,2026-04-22T00:00:00
BKG-03505,FAR-005,TR-005,Kiambu,completed,Land preparation,40734.56,paid,2026-04-23T01:00:00
BKG-03506,FAR-006,TR-006,Machakos,completed,Planting,35426.23,paid,2026-04-24T02:00:00
BKG-03507,FAR-007,TR-007,Nakuru,completed,Weeding,53196.79,paid,2026-04-25T03:00:00
BKG-03508,FAR-008,TR-008,Nairobi,pending,Harvesting,46721.28,pending,2026-04-26T04:00:00
BKG-03509,FAR-009,TR-009,Embu,cancelled,Soil management,30026.71,void,2026-04-27T05:00:00
BKG-03510,FAR-010,TR-010,Kiambu,completed,Land preparation,30968.27,paid,2026-04-28T06:00:00
BKG-03511,FAR-011,TR-011,Machakos,completed,Planting,46148.51,paid,2026-04-29T07:00:00
BKG-03512,FAR-012,TR-012,Nakuru,completed,Weeding,28669.61,paid,2026-04-30T08:00:00
BKG-03513,FAR-013,TR-013,Nairobi,completed,Harvesting,12118.91,paid,2026-05-01T09:00:00
BKG-03514,FAR-014,TR-014,Embu,pending,Soil management,13143.73,pending,2026-05-02T10:00:00
BKG-03515,FAR-015,TR-015,Kiambu,cancelled,Land preparation,34332.8,void,2026-05-03T11:00:00
BKG-03516,FAR-016,TR-016,Machakos,completed,Planting,20633.3,paid,2026-05-04T12:00:00
BKG-03517,FAR-017,TR-017,Nakuru,completed,Weeding,13306.92,paid,2026-05-05T13:00:00
BKG-03518,FAR-018,TR-018,Nairobi,completed,Harvesting,24214.49,paid,2026-05-06T14:00:00
BKG-03519,FAR-019,TR-019,Embu,completed,Soil management,20118.06,paid,2026-05-07T15:00:00
BKG-03520,FAR-020,TR-020,Kiambu,pending,Land preparation,49845.1,pending,2026-05-08T16:00:00
BKG-03521,FAR-021,TR-021,Machakos,cancelled,Planting,30701.22,void,2026-05-09T17:00:00
BKG-03522,FAR-022,TR-022,Nakuru,completed,Weeding,10638.93,paid,2026-05-10T18:00:00
BKG-03523,FAR-023,TR-023,Nairobi,completed,Harvesting,17921.76,paid,2026-05-11T19:00:00
BKG-03524,FAR-024,TR-024,Embu,completed,Soil management,46714.34,paid,2026-05-12T20:00:00
BKG-03525,FAR-025,TR-025,Kiambu,completed,Land preparation,20180.38,paid,2026-05-13T21:00:00
BKG-03526,FAR-026,TR-026,Machakos,pending,Planting,13519.16,pending,2026-05-14T22:00:00
BKG-03527,FAR-027,TR-027,Nakuru,cancelled,Weeding,30518.87,void,2026-05-15T23:00:00
BKG-03528,FAR-028,TR-028,Nairobi,completed,Harvesting,21081.55,paid,2026-05-16T00:00:00
BKG-03529,FAR-029,TR-029,Embu,completed,Soil management,38536.15,paid,2026-05-17T01:00:00
BKG-03530,FAR-030,TR-030,Kiambu,completed,Land preparation,14512.35,paid,2026-05-18T02:00:00
BKG-03531,FAR-031,TR-031,Machakos,completed,Planting,43377.18,paid,2026-05-19T03:00:00
BKG-03532,FAR-032,TR-032,Nakuru,pending,Weeding,39639.13,pending,2026-05-20T04:00:00
BKG-03533,FAR-033,TR-033,Nairobi,cancelled,Harvesting,53449.08,void,2026-05-21T05:00:00
BKG-03534,FAR-034,TR-034,Embu,completed,Soil management,13235.68,paid,2026-05-22T06:00:00
BKG-03535,FAR-035,TR-035,Kiambu,completed,Land preparation,51173.4,paid,2026-05-23T07:00:00
BKG-03536,FAR-036,TR-036,Machakos,completed,Planting,17995.97,paid,2026-05-24T08:00:00
BKG-03537,FAR-037,TR-037,Nakuru,completed,Weeding,13656.53,paid,2026-05-25T09:00:00
BKG-03538,FAR-038,TR-038,Nairobi,pending,Harvesting,41418.37,pending,2026-05-26T10:00:00
BKG-03539,FAR-039,TR-039,Embu,cancelled,Soil management,15285.25,void,2026-05-27T11:00:00
BKG-03540,FAR-040,TR-040,Kiambu,completed,Land preparation,9409.94,pending,2026-05-28T12:00:00
BKG-03541,FAR-041,TR-041,Machakos,completed,Planting,28796.74,paid,2026-05-29T13:00:00
BKG-03542,FAR-042,TR-042,Nakuru,completed,Weeding,27843.69,paid,2026-05-30T14:00:00
BKG-03543,FAR-043,TR-043,Nairobi,completed,Harvesting,17769.37,paid,2026-05-31T15:00:00
BKG-03544,FAR-044,TR-044,Embu,pending,Soil management,34249.83,pending,2026-06-01T16:00:00
BKG-03545,FAR-045,TR-045,Kiambu,cancelled,Land preparation,28290.67,void,2026-06-02T17:00:00
BKG-03546,FAR-046,TR-046,Machakos,completed,Planting,29395.51,paid,2026-06-03T18:00:00
BKG-03547,FAR-047,TR-047,Nakuru,completed,Weeding,14543.42,paid,2026-06-04T19:00:00
BKG-03548,FAR-048,TR-048,Nairobi,completed,Harvesting,34902.51,paid,2026-06-05T20:00:00
BKG-03549,FAR-049,TR-049,Embu,completed,Soil management,32800.2,paid,2026-06-06T21:00:00
BKG-03550,FAR-050,TR-050,Kiambu,pending,Land preparation,31441.34,pending,2026-06-07T22:00:00
BKG-03551,FAR-051,TR-051,Machakos,cancelled,Planting,24402.32,void,2026-06-08T23:00:00
BKG-03552,FAR-052,TR-052,Nakuru,completed,Weeding,11628.7,paid,2026-06-09T00:00:00
BKG-03553,FAR-053,TR-053,Nairobi,completed,Harvesting,28835.72,pending,2026-06-10T01:00:00
BKG-03554,FAR-054,TR-054,Embu,completed,Soil management,28424.3,paid,2026-06-11T02:00:00
BKG-03555,FAR-055,TR-055,Kiambu,completed,Land preparation,16426.72,pending,2026-06-12T03:00:00
BKG-03556,FAR-056,TR-056,Machakos,pending,Planting,35354.96,pending,2026-06-13T04:00:00
BKG-03557,FAR-057,TR-057,Nakuru,cancelled,Weeding,31290.01,void,2026-06-14T05:00:00
BKG-03558,FAR-058,TR-058,Nairobi,completed,Harvesting,47572.01,paid,2026-06-15T06:00:00
BKG-03559,FAR-059,TR-059,Embu,completed,Soil management,24086.95,paid,2026-06-16T07:00:00
BKG-03560,FAR-060,TR-060,Kiambu,completed,Land preparation,19214.33,paid,2026-06-17T08:00:00
BKG-03561,FAR-061,TR-061,Machakos,completed,Planting,32024.39,paid,2026-06-18T09:00:00
BKG-03562,FAR-062,TR-062,Nakuru,pending,Weeding,53957.95,pending,2026-06-19T10:00:00
BKG-03563,FAR-063,TR-063,Nairobi,cancelled,Harvesting,46324.51,void,2026-06-20T11:00:00
BKG-03564,FAR-064,TR-064,Embu,completed,Soil management,48457.22,pending,2026-06-21T12:00:00
BKG-03565,FAR-065,TR-065,Kiambu,completed,Land preparation,19214.65,paid,2026-06-22T13:00:00
BKG-03566,FAR-066,TR-066,Machakos,completed,Planting,12796.83,paid,2026-06-23T14:00:00
BKG-03567,FAR-067,TR-067,Nakuru,completed,Weeding,28900.43,paid,2026-06-24T15:00:00
BKG-03568,FAR-068,TR-068,Nairobi,pending,Harvesting,10335.85,pending,2026-06-25T16:00:00
BKG-03569,FAR-069,TR-069,Embu,cancelled,Soil management,16907.27,void,2026-06-26T17:00:00
BKG-03570,FAR-070,TR-070,Kiambu,completed,Land preparation,24135.41,paid,2026-06-27T18:00:00
BKG-03571,FAR-071,TR-071,Machakos,completed,Planting,15196.15,paid,2026-06-28T19:00:00
BKG-03572,FAR-072,TR-072,Nakuru,completed,Weeding,53468.69,paid,2026-06-29T20:00:00
BKG-03573,FAR-073,TR-073,Nairobi,completed,Harvesting,24359.13,paid,2026-06-30T21:00:00
BKG-03574,FAR-074,TR-074,Embu,pending,Soil management,26448.83,pending,2026-07-01T22:00:00
BKG-03575,FAR-075,TR-075,Kiambu,cancelled,Land preparation,19640.35,void,2026-07-02T23:00:00
BKG-03576,FAR-076,TR-076,Machakos,completed,Planting,40638.03,paid,2026-07-03T00:00:00
BKG-03577,FAR-077,TR-077,Nakuru,completed,Weeding,29823.53,paid,2026-07-04T01:00:00
BKG-03578,FAR-078,TR-078,Nairobi,completed,Harvesting,16003.12,paid,2026-07-05T02:00:00
BKG-03579,FAR-079,TR-079,Embu,completed,Soil management,17205.14,paid,2026-07-06T03:00:00
BKG-03580,FAR-080,TR-080,Kiambu,pending,Land preparation,25896.27,pending,2026-07-07T04:00:00
BKG-03581,FAR-081,TR-081,Machakos,cancelled,Planting,10888.34,void,2026-07-08T05:00:00
BKG-03582,FAR-082,TR-082,Nakuru,completed,Weeding,52790.61,paid,2026-07-09T06:00:00
BKG-03583,FAR-083,TR-083,Nairobi,completed,Harvesting,16995.01,paid,2026-07-10T07:00:00
BKG-03584,FAR-084,TR-084,Embu,completed,Soil management,27281.45,paid,2026-07-11T08:00:00
BKG-03585,FAR-085,TR-085,Kiambu,completed,Land preparation,27153.3,pending,2026-07-12T09:00:00
BKG-03586,FAR-086,TR-086,Machakos,pending,Planting,21334.16,pending,2026-07-13T10:00:00
BKG-03587,FAR-087,TR-087,Nakuru,cancelled,Weeding,30526.59,void,2026-07-14T11:00:00
BKG-03588,FAR-088,TR-088,Nairobi,completed,Harvesting,25150.33,paid,2026-07-15T12:00:00
BKG-03589,FAR-089,TR-089,Embu,completed,Soil management,33977.72,paid,2026-07-16T13:00:00
BKG-03590,FAR-090,TR-090,Kiambu,completed,Land preparation,44001.41,paid,2026-07-17T14:00:00
BKG-03591,FAR-091,TR-091,Machakos,completed,Planting,13349.34,paid,2026-07-18T15:00:00
BKG-03592,FAR-092,TR-092,Nakuru,pending,Weeding,52777.01,pending,2026-07-19T16:00:00
BKG-03593,FAR-093,TR-093,Nairobi,cancelled,Harvesting,29399.58,void,2026-07-20T17:00:00
BKG-03594,FAR-094,TR-094,Embu,completed,Soil management,45569.09,paid,2026-07-21T18:00:00
BKG-03595,FAR-095,TR-095,Kiambu,completed,Land preparation,51528.13,paid,2026-07-22T19:00:00
BKG-03596,FAR-096,TR-096,Machakos,completed,Planting,24762.43,paid,2026-07-23T20:00:00
BKG-03597,FAR-097,TR-097,Nakuru,completed,Weeding,21351.52,paid,2026-07-24T21:00:00
BKG-03598,FAR-098,TR-098,Nairobi,pending,Harvesting,40640.55,pending,2026-07-25T22:00:00
BKG-03599,FAR-099,TR-099,Embu,cancelled,Soil management,32306.99,void,2026-07-26T23:00:00
BKG-03600,FAR-100,TR-100,Kiambu,completed,Land preparation,50162.51,paid,2026-07-27T00:00:00
BKG-03601,FAR-101,TR-001,Machakos,completed,Planting,12473.84,paid,2026-07-28T01:00:00
BKG-03602,FAR-102,TR-002,Nakuru,completed,Weeding,14948.52,paid,2026-07-29T02:00:00
BKG-03603,FAR-103,TR-003,Nairobi,completed,Harvesting,32824.12,pending,2026-07-30T03:00:00
BKG-03604,FAR-104,TR-004,Embu,pending,Soil management,53007.89,pending,2026-07-31T04:00:00
BKG-03605,FAR-105,TR-005,Kiambu,cancelled,Land preparation,52610.18,void,2026-08-01T05:00:00
BKG-03606,FAR-106,TR-006,Machakos,completed,Planting,36876.31,paid,2026-08-02T06:00:00
BKG-03607,FAR-107,TR-007,Nakuru,completed,Weeding,40599.7,paid,2026-08-03T07:00:00
BKG-03608,FAR-108,TR-008,Nairobi,completed,Harvesting,22044.49,paid,2026-08-04T08:00:00
BKG-03609,FAR-109,TR-009,Embu,completed,Soil management,51695.56,paid,2026-08-05T09:00:00
BKG-03610,FAR-110,TR-010,Kiambu,pending,Land preparation,53232.5,pending,2026-08-06T10:00:00
BKG-03611,FAR-111,TR-011,Machakos,cancelled,Planting,39026.8,void,2026-08-07T11:00:00
BKG-03612,FAR-112,TR-012,Nakuru,completed,Weeding,29442.65,paid,2026-08-08T12:00:00
BKG-03613,FAR-113,TR-013,Nairobi,completed,Harvesting,49357.35,paid,2026-08-09T13:00:00
BKG-03614,FAR-114,TR-014,Embu,completed,Soil management,18913.97,paid,2026-08-10T14:00:00
BKG-03615,FAR-115,TR-015,Kiambu,completed,Land preparation,18523.01,paid,2026-08-11T15:00:00
BKG-03616,FAR-116,TR-016,Machakos,pending,Planting,46020.71,pending,2026-08-12T16:00:00
BKG-03617,FAR-117,TR-017,Nakuru,cancelled,Weeding,41587.88,void,2026-08-13T17:00:00
BKG-03618,FAR-118,TR-018,Nairobi,completed,Harvesting,39086.13,paid,2026-08-14T18:00:00
BKG-03619,FAR-119,TR-019,Embu,completed,Soil management,16571.68,paid,2026-08-15T19:00:00
BKG-03620,FAR-120,TR-020,Kiambu,completed,Land preparation,27347.79,paid,2026-08-16T20:00:00
BKG-03621,FAR-121,TR-021,Machakos,completed,Planting,26942.2,paid,2026-08-17T21:00:00
BKG-03622,FAR-122,TR-022,Nakuru,pending,Weeding,14286.38,pending,2026-08-18T22:00:00
BKG-03623,FAR-123,TR-023,Nairobi,cancelled,Harvesting,19068.73,void,2026-08-19T23:00:00
BKG-03624,FAR-124,TR-024,Embu,completed,Soil management,33913.67,paid,2026-08-20T00:00:00
BKG-03625,FAR-125,TR-025,Kiambu,completed,Land preparation,29691.46,paid,2026-08-21T01:00:00
BKG-03626,FAR-126,TR-026,Machakos,completed,Planting,35945.08,paid,2026-08-22T02:00:00
BKG-03627,FAR-127,TR-027,Nakuru,completed,Weeding,10814.81,pending,2026-08-23T03:00:00
BKG-03628,FAR-128,TR-028,Nairobi,pending,Harvesting,21293.06,pending,2026-08-24T04:00:00
BKG-03629,FAR-129,TR-029,Embu,cancelled,Soil management,13688.25,void,2026-08-25T05:00:00
BKG-03630,FAR-130,TR-030,Kiambu,completed,Land preparation,22078.14,paid,2026-08-26T06:00:00
BKG-03631,FAR-131,TR-031,Machakos,completed,Planting,50228.23,paid,2026-08-27T07:00:00
BKG-03632,FAR-132,TR-032,Nakuru,completed,Weeding,32181.48,pending,2026-08-28T08:00:00
BKG-03633,FAR-133,TR-033,Nairobi,completed,Harvesting,42161.47,paid,2026-08-29T09:00:00
BKG-03634,FAR-134,TR-034,Embu,pending,Soil management,18850.15,pending,2026-08-30T10:00:00
BKG-03635,FAR-135,TR-035,Kiambu,cancelled,Land preparation,24998.28,void,2026-08-31T11:00:00
BKG-03636,FAR-136,TR-036,Machakos,completed,Planting,43813.27,paid,2026-09-01T12:00:00
BKG-03637,FAR-137,TR-037,Nakuru,completed,Weeding,40923.83,paid,2026-09-02T13:00:00
BKG-03638,FAR-138,TR-038,Nairobi,completed,Harvesting,48555.85,paid,2026-09-03T14:00:00
BKG-03639,FAR-139,TR-039,Embu,completed,Soil management,20582.86,pending,2026-09-04T15:00:00
BKG-03640,FAR-140,TR-040,Kiambu,pending,Land preparation,39642.06,pending,2026-09-05T16:00:00
BKG-03641,FAR-141,TR-041,Machakos,cancelled,Planting,38201.81,void,2026-09-06T17:00:00
BKG-03642,FAR-142,TR-042,Nakuru,completed,Weeding,34334.44,pending,2026-09-07T18:00:00
BKG-03643,FAR-143,TR-043,Nairobi,completed,Harvesting,46449.83,paid,2026-09-08T19:00:00
BKG-03644,FAR-144,TR-044,Embu,completed,Soil management,23697.39,pending,2026-09-09T20:00:00
BKG-03645,FAR-145,TR-045,Kiambu,completed,Land preparation,17764.32,paid,2026-09-10T21:00:00
BKG-03646,FAR-146,TR-046,Machakos,pending,Planting,42039.33,pending,2026-09-11T22:00:00
BKG-03647,FAR-147,TR-047,Nakuru,cancelled,Weeding,38617.78,void,2026-09-12T23:00:00
BKG-03648,FAR-148,TR-048,Nairobi,completed,Harvesting,27175.33,paid,2026-09-13T00:00:00
BKG-03649,FAR-149,TR-049,Embu,completed,Soil management,18031.66,paid,2026-09-14T01:00:00
BKG-03650,FAR-150,TR-050,Kiambu,completed,Land preparation,34489.9,paid,2025-09-15T02:00:00
BKG-03651,FAR-151,TR-051,Machakos,completed,Planting,23481.34,paid,2025-09-16T03:00:00
BKG-03652,FAR-152,TR-052,Nakuru,pending,Weeding,45390.9,pending,2025-09-17T04:00:00
BKG-03653,FAR-153,TR-053,Nairobi,cancelled,Harvesting,26242.06,void,2025-09-18T05:00:00
BKG-03654,FAR-154,TR-054,Embu,completed,Soil management,31996.93,pending,2025-09-19T06:00:00
BKG-03655,FAR-155,TR-055,Kiambu,completed,Land preparation,53208.3,paid,2025-09-20T07:00:00
BKG-03656,FAR-156,TR-056,Machakos,completed,Planting,30163.87,paid,2025-09-21T08:00:00
BKG-03657,FAR-157,TR-057,Nakuru,completed,Weeding,39878.51,paid,2025-09-22T09:00:00
BKG-03658,FAR-158,TR-058,Nairobi,pending,Harvesting,23627.26,pending,2025-09-23T10:00:00
BKG-03659,FAR-159,TR-059,Embu,cancelled,Soil management,28837.84,void,2025-09-24T11:00:00
BKG-03660,FAR-160,TR-060,Kiambu,completed,Land preparation,24916.69,paid,2025-09-25T12:00:00
BKG-03661,FAR-161,TR-061,Machakos,completed,Planting,21831.63,paid,2025-09-26T13:00:00
BKG-03662,FAR-162,TR-062,Nakuru,completed,Weeding,10182.95,paid,2025-09-27T14:00:00
BKG-03663,FAR-163,TR-063,Nairobi,completed,Harvesting,11296.39,paid,2025-09-28T15:00:00
BKG-03664,FAR-164,TR-064,Embu,pending,Soil management,51422.74,pending,2025-09-29T16:00:00
BKG-03665,FAR-165,TR-065,Kiambu,cancelled,Land preparation,19652.45,void,2025-09-30T17:00:00
BKG-03666,FAR-166,TR-066,Machakos,completed,Planting,33488.96,paid,2025-10-01T18:00:00
BKG-03667,FAR-167,TR-067,Nakuru,completed,Weeding,53024.76,paid,2025-10-02T19:00:00
BKG-03668,FAR-168,TR-068,Nairobi,completed,Harvesting,17008.01,paid,2025-10-03T20:00:00
BKG-03669,FAR-169,TR-069,Embu,completed,Soil management,52914.71,paid,2025-10-04T21:00:00
BKG-03670,FAR-170,TR-070,Kiambu,pending,Land preparation,12311.59,pending,2025-10-05T22:00:00
BKG-03671,FAR-171,TR-071,Machakos,cancelled,Planting,46075.78,void,2025-10-06T23:00:00
BKG-03672,FAR-172,TR-072,Nakuru,completed,Weeding,27820.37,paid,2025-10-07T00:00:00
BKG-03673,FAR-173,TR-073,Nairobi,completed,Harvesting,39182.8,paid,2025-10-08T01:00:00
BKG-03674,FAR-174,TR-074,Embu,completed,Soil management,37994.75,pending,2025-10-09T02:00:00
BKG-03675,FAR-175,TR-075,Kiambu,completed,Land preparation,51694.58,paid,2025-10-10T03:00:00
BKG-03676,FAR-176,TR-076,Machakos,pending,Planting,45406.25,pending,2025-10-11T04:00:00
BKG-03677,FAR-177,TR-077,Nakuru,cancelled,Weeding,49520.92,void,2025-10-12T05:00:00
BKG-03678,FAR-178,TR-078,Nairobi,completed,Harvesting,49178.13,paid,2025-10-13T06:00:00
BKG-03679,FAR-179,TR-079,Embu,completed,Soil management,36826.38,paid,2025-10-14T07:00:00
BKG-03680,FAR-180,TR-080,Kiambu,completed,Land preparation,20402.29,paid,2025-10-15T08:00:00
BKG-03681,FAR-181,TR-081,Machakos,completed,Planting,37801.12,paid,2025-10-16T09:00:00
BKG-03682,FAR-182,TR-082,Nakuru,pending,Weeding,40713.36,pending,2025-10-17T10:00:00
BKG-03683,FAR-183,TR-083,Nairobi,cancelled,Harvesting,37152.59,void,2025-10-18T11:00:00
BKG-03684,FAR-184,TR-084,Embu,completed,Soil management,25921.33,paid,2025-10-19T12:00:00
BKG-03685,FAR-185,TR-085,Kiambu,completed,Land preparation,31156.98,paid,2025-10-20T13:00:00
BKG-03686,FAR-186,TR-086,Machakos,completed,Planting,10101.47,paid,2025-10-21T14:00:00
BKG-03687,FAR-187,TR-087,Nakuru,completed,Weeding,47809.96,paid,2025-10-22T15:00:00
BKG-03688,FAR-188,TR-088,Nairobi,pending,Harvesting,28393.05,pending,2025-10-23T16:00:00
BKG-03689,FAR-189,TR-089,Embu,cancelled,Soil management,53104.9,void,2025-10-24T17:00:00
BKG-03690,FAR-190,TR-090,Kiambu,completed,Land preparation,42533.52,paid,2025-10-25T18:00:00
BKG-03691,FAR-191,TR-091,Machakos,completed,Planting,32624.92,paid,2025-10-26T19:00:00
BKG-03692,FAR-192,TR-092,Nakuru,completed,Weeding,21384.83,paid,2025-10-27T20:00:00
BKG-03693,FAR-193,TR-093,Nairobi,completed,Harvesting,43575.13,paid,2025-10-28T21:00:00
BKG-03694,FAR-194,TR-094,Embu,pending,Soil management,26897.77,pending,2025-10-29T22:00:00
BKG-03695,FAR-195,TR-095,Kiambu,cancelled,Land preparation,23148.4,void,2025-10-30T23:00:00
BKG-03696,FAR-196,TR-096,Machakos,completed,Planting,37182.21,paid,2025-10-31T00:00:00
BKG-03697,FAR-197,TR-097,Nakuru,completed,Weeding,46419.83,paid,2025-11-01T01:00:00
BKG-03698,FAR-198,TR-098,Nairobi,completed,Harvesting,33176.49,paid,2025-11-02T02:00:00
BKG-03699,FAR-199,TR-099,Embu,completed,Soil management,48348.61,paid,2025-11-03T03:00:00
BKG-03700,FAR-200,TR-100,Kiambu,pending,Land preparation,13354.09,pending,2025-11-04T04:00:00
BKG-03701,FAR-201,TR-001,Machakos,cancelled,Planting,40312.12,void,2025-11-05T05:00:00
BKG-03702,FAR-202,TR-002,Nakuru,completed,Weeding,50833.35,paid,2025-11-06T06:00:00
BKG-03703,FAR-203,TR-003,Nairobi,completed,Harvesting,15012.08,paid,2025-11-07T07:00:00
BKG-03704,FAR-204,TR-004,Embu,completed,Soil management,40701.66,paid,2025-11-08T08:00:00
BKG-03705,FAR-205,TR-005,Kiambu,completed,Land preparation,19588.03,paid,2025-11-09T09:00:00
BKG-03706,FAR-206,TR-006,Machakos,pending,Planting,48998.57,pending,2025-11-10T10:00:00
BKG-03707,FAR-207,TR-007,Nakuru,cancelled,Weeding,15675.9,void,2025-11-11T11:00:00
BKG-03708,FAR-208,TR-008,Nairobi,completed,Harvesting,11088.89,paid,2025-11-12T12:00:00
BKG-03709,FAR-209,TR-009,Embu,completed,Soil management,13967.81,paid,2025-11-13T13:00:00
BKG-03710,FAR-210,TR-010,Kiambu,completed,Land preparation,35060.4,paid,2025-11-14T14:00:00
BKG-03711,FAR-211,TR-011,Machakos,completed,Planting,34814.46,paid,2025-11-15T15:00:00
BKG-03712,FAR-212,TR-012,Nakuru,pending,Weeding,28912.65,pending,2025-11-16T16:00:00
BKG-03713,FAR-213,TR-013,Nairobi,cancelled,Harvesting,41719.79,void,2025-11-17T17:00:00
BKG-03714,FAR-214,TR-014,Embu,completed,Soil management,31223.13,paid,2025-11-18T18:00:00
BKG-03715,FAR-215,TR-015,Kiambu,completed,Land preparation,36372.42,pending,2025-11-19T19:00:00
BKG-03716,FAR-216,TR-016,Machakos,completed,Planting,17664.28,paid,2025-11-20T20:00:00
BKG-03717,FAR-217,TR-017,Nakuru,completed,Weeding,34635.3,paid,2025-11-21T21:00:00
BKG-03718,FAR-218,TR-018,Nairobi,pending,Harvesting,15037.22,pending,2025-11-22T22:00:00
BKG-03719,FAR-219,TR-019,Embu,cancelled,Soil management,39474.12,void,2025-11-23T23:00:00
BKG-03720,FAR-220,TR-020,Kiambu,completed,Land preparation,51881.47,paid,2025-11-24T00:00:00
BKG-03721,FAR-221,TR-021,Machakos,completed,Planting,37150.47,paid,2025-11-25T01:00:00
BKG-03722,FAR-222,TR-022,Nakuru,completed,Weeding,36833.66,paid,2025-11-26T02:00:00
BKG-03723,FAR-223,TR-023,Nairobi,completed,Harvesting,52475.16,paid,2025-11-27T03:00:00
BKG-03724,FAR-224,TR-024,Embu,pending,Soil management,21476.35,pending,2025-11-28T04:00:00
BKG-03725,FAR-225,TR-025,Kiambu,cancelled,Land preparation,44065.61,void,2025-11-29T05:00:00
BKG-03726,FAR-226,TR-026,Machakos,completed,Planting,34069.38,paid,2025-11-30T06:00:00
BKG-03727,FAR-227,TR-027,Nakuru,completed,Weeding,52876.26,paid,2025-12-01T07:00:00
BKG-03728,FAR-228,TR-028,Nairobi,completed,Harvesting,48650.63,paid,2025-12-02T08:00:00
BKG-03729,FAR-229,TR-029,Embu,completed,Soil management,40061.2,paid,2025-12-03T09:00:00
BKG-03730,FAR-230,TR-030,Kiambu,pending,Land preparation,26247.92,pending,2025-12-04T10:00:00
BKG-03731,FAR-231,TR-031,Machakos,cancelled,Planting,22431.25,void,2025-12-05T11:00:00
BKG-03732,FAR-232,TR-032,Nakuru,completed,Weeding,26346.08,paid,2025-12-06T12:00:00
BKG-03733,FAR-233,TR-033,Nairobi,completed,Harvesting,28874.83,paid,2025-12-07T13:00:00
BKG-03734,FAR-234,TR-034,Embu,completed,Soil management,25041.47,paid,2025-12-08T14:00:00
BKG-03735,FAR-235,TR-035,Kiambu,completed,Land preparation,30135.32,paid,2025-12-09T15:00:00
BKG-03736,FAR-236,TR-036,Machakos,pending,Planting,52583.36,pending,2025-12-10T16:00:00
BKG-03737,FAR-237,TR-037,Nakuru,cancelled,Weeding,10735.53,void,2025-12-11T17:00:00
BKG-03738,FAR-238,TR-038,Nairobi,completed,Harvesting,37475.14,paid,2025-12-12T18:00:00
BKG-03739,FAR-239,TR-039,Embu,completed,Soil management,16595.91,paid,2025-12-13T19:00:00
BKG-03740,FAR-240,TR-040,Kiambu,completed,Land preparation,52552.67,paid,2025-12-14T20:00:00
BKG-03741,FAR-241,TR-041,Machakos,completed,Planting,11033.02,paid,2025-12-15T21:00:00
BKG-03742,FAR-242,TR-042,Nakuru,pending,Weeding,35484.49,pending,2025-12-16T22:00:00
BKG-03743,FAR-243,TR-043,Nairobi,cancelled,Harvesting,14829.08,void,2025-12-17T23:00:00
BKG-03744,FAR-244,TR-044,Embu,completed,Soil management,18258.57,paid,2025-12-18T00:00:00
BKG-03745,FAR-245,TR-045,Kiambu,completed,Land preparation,20963.66,paid,2025-12-19T01:00:00
BKG-03746,FAR-246,TR-046,Machakos,completed,Planting,32459.13,paid,2025-12-20T02:00:00
BKG-03747,FAR-247,TR-047,Nakuru,completed,Weeding,20880.07,pending,2025-12-21T03:00:00
BKG-03748,FAR-248,TR-048,Nairobi,pending,Harvesting,24293.24,pending,2025-12-22T04:00:00
BKG-03749,FAR-249,TR-049,Embu,cancelled,Soil management,47589.5,void,2025-12-23T05:00:00
BKG-03750,FAR-250,TR-050,Kiambu,completed,Land preparation,40504.17,paid,2025-12-24T06:00:00
BKG-03751,FAR-251,TR-051,Machakos,completed,Planting,13759.05,paid,2025-12-25T07:00:00
BKG-03752,FAR-252,TR-052,Nakuru,completed,Weeding,10445.64,paid,2025-12-26T08:00:00
BKG-03753,FAR-253,TR-053,Nairobi,completed,Harvesting,23062.58,paid,2025-12-27T09:00:00
BKG-03754,FAR-254,TR-054,Embu,pending,Soil management,49425.11,pending,2025-12-28T10:00:00
BKG-03755,FAR-255,TR-055,Kiambu,cancelled,Land preparation,23535.54,void,2025-12-29T11:00:00
BKG-03756,FAR-256,TR-056,Machakos,completed,Planting,48303.53,paid,2025-12-30T12:00:00
BKG-03757,FAR-257,TR-057,Nakuru,completed,Weeding,12652.67,paid,2025-12-31T13:00:00
BKG-03758,FAR-258,TR-058,Nairobi,completed,Harvesting,43092.64,pending,2026-01-01T14:00:00
BKG-03759,FAR-259,TR-059,Embu,completed,Soil management,30064.36,paid,2026-01-02T15:00:00
BKG-03760,FAR-260,TR-060,Kiambu,pending,Land preparation,10664.5,pending,2026-01-03T16:00:00
BKG-03761,FAR-261,TR-061,Machakos,cancelled,Planting,34391.34,void,2026-01-04T17:00:00
BKG-03762,FAR-262,TR-062,Nakuru,completed,Weeding,37488.1,paid,2026-01-05T18:00:00
BKG-03763,FAR-263,TR-063,Nairobi,completed,Harvesting,52769.94,paid,2026-01-06T19:00:00
BKG-03764,FAR-264,TR-064,Embu,completed,Soil management,9662.95,paid,2026-01-07T20:00:00
BKG-03765,FAR-265,TR-065,Kiambu,completed,Land preparation,40583.97,paid,2026-01-08T21:00:00
BKG-03766,FAR-266,TR-066,Machakos,pending,Planting,13508.78,pending,2026-01-09T22:00:00
BKG-03767,FAR-267,TR-067,Nakuru,cancelled,Weeding,33816.29,void,2026-01-10T23:00:00
BKG-03768,FAR-268,TR-068,Nairobi,completed,Harvesting,28756.8,paid,2026-01-11T00:00:00
BKG-03769,FAR-269,TR-069,Embu,completed,Soil management,47232.87,paid,2026-01-12T01:00:00
BKG-03770,FAR-270,TR-070,Kiambu,completed,Land preparation,32481.07,paid,2026-01-13T02:00:00
BKG-03771,FAR-271,TR-071,Machakos,completed,Planting,26002.96,paid,2026-01-14T03:00:00
BKG-03772,FAR-272,TR-072,Nakuru,pending,Weeding,38771.85,pending,2026-01-15T04:00:00
BKG-03773,FAR-273,TR-073,Nairobi,cancelled,Harvesting,20783.74,void,2026-01-16T05:00:00
BKG-03774,FAR-274,TR-074,Embu,completed,Soil management,48701.84,paid,2026-01-17T06:00:00
BKG-03775,FAR-275,TR-075,Kiambu,completed,Land preparation,30323.98,paid,2026-01-18T07:00:00
BKG-03776,FAR-276,TR-076,Machakos,completed,Planting,43066.32,paid,2026-01-19T08:00:00
BKG-03777,FAR-277,TR-077,Nakuru,completed,Weeding,14228.02,paid,2026-01-20T09:00:00
BKG-03778,FAR-278,TR-078,Nairobi,pending,Harvesting,20911.39,pending,2026-01-21T10:00:00
BKG-03779,FAR-279,TR-079,Embu,cancelled,Soil management,39529.47,void,2026-01-22T11:00:00
BKG-03780,FAR-280,TR-080,Kiambu,completed,Land preparation,37323.03,paid,2026-01-23T12:00:00
BKG-03781,FAR-281,TR-081,Machakos,completed,Planting,34248.79,paid,2026-01-24T13:00:00
BKG-03782,FAR-282,TR-082,Nakuru,completed,Weeding,22152.91,paid,2026-01-25T14:00:00
BKG-03783,FAR-283,TR-083,Nairobi,completed,Harvesting,14945.79,paid,2026-01-26T15:00:00
BKG-03784,FAR-284,TR-084,Embu,pending,Soil management,36335.28,pending,2026-01-27T16:00:00
BKG-03785,FAR-285,TR-085,Kiambu,cancelled,Land preparation,11546.2,void,2026-01-28T17:00:00
BKG-03786,FAR-286,TR-086,Machakos,completed,Planting,24007.45,paid,2026-01-29T18:00:00
BKG-03787,FAR-287,TR-087,Nakuru,completed,Weeding,33912.51,paid,2026-01-30T19:00:00
BKG-03788,FAR-288,TR-088,Nairobi,completed,Harvesting,13382.89,paid,2026-01-31T20:00:00
BKG-03789,FAR-289,TR-089,Embu,completed,Soil management,36263.06,paid,2026-02-01T21:00:00
BKG-03790,FAR-290,TR-090,Kiambu,pending,Land preparation,48103.02,pending,2026-02-02T22:00:00
BKG-03791,FAR-291,TR-091,Machakos,cancelled,Planting,51460.54,void,2026-02-03T23:00:00
BKG-03792,FAR-292,TR-092,Nakuru,completed,Weeding,9360.38,paid,2026-02-04T00:00:00
BKG-03793,FAR-293,TR-093,Nairobi,completed,Harvesting,47619.43,paid,2026-02-05T01:00:00
BKG-03794,FAR-294,TR-094,Embu,completed,Soil management,25098.29,paid,2026-02-06T02:00:00
BKG-03795,FAR-295,TR-095,Kiambu,completed,Land preparation,28712.87,pending,2026-02-07T03:00:00
BKG-03796,FAR-296,TR-096,Machakos,pending,Planting,14448.97,pending,2026-02-08T04:00:00
BKG-03797,FAR-297,TR-097,Nakuru,cancelled,Weeding,31928.65,void,2026-02-09T05:00:00
BKG-03798,FAR-298,TR-098,Nairobi,completed,Harvesting,50592.25,paid,2026-02-10T06:00:00
BKG-03799,FAR-299,TR-099,Embu,completed,Soil management,12462.96,paid,2026-02-11T07:00:00
BKG-03800,FAR-300,TR-100,Kiambu,completed,Land preparation,28581.0,paid,2026-02-12T08:00:00
BKG-03801,FAR-301,TR-001,Machakos,completed,Planting,33404.54,paid,2026-02-13T09:00:00
BKG-03802,FAR-302,TR-002,Nakuru,pending,Weeding,36852.52,pending,2026-02-14T10:00:00
BKG-03803,FAR-303,TR-003,Nairobi,cancelled,Harvesting,16624.3,void,2026-02-15T11:00:00
BKG-03804,FAR-304,TR-004,Embu,completed,Soil management,44124.37,paid,2026-02-16T12:00:00
BKG-03805,FAR-305,TR-005,Kiambu,completed,Land preparation,22345.31,paid,2026-02-17T13:00:00
BKG-03806,FAR-306,TR-006,Machakos,completed,Planting,31262.04,paid,2026-02-18T14:00:00
BKG-03807,FAR-307,TR-007,Nakuru,completed,Weeding,50836.98,paid,2026-02-19T15:00:00
BKG-03808,FAR-308,TR-008,Nairobi,pending,Harvesting,41150.51,pending,2026-02-20T16:00:00
BKG-03809,FAR-309,TR-009,Embu,cancelled,Soil management,25694.97,void,2026-02-21T17:00:00
BKG-03810,FAR-310,TR-010,Kiambu,completed,Land preparation,30251.09,paid,2026-02-22T18:00:00
BKG-03811,FAR-311,TR-011,Machakos,completed,Planting,30454.32,paid,2026-02-23T19:00:00
BKG-03812,FAR-312,TR-012,Nakuru,completed,Weeding,19069.8,paid,2026-02-24T20:00:00
BKG-03813,FAR-313,TR-013,Nairobi,completed,Harvesting,15885.2,paid,2026-02-25T21:00:00
BKG-03814,FAR-314,TR-014,Embu,pending,Soil management,15116.31,pending,2026-02-26T22:00:00
BKG-03815,FAR-315,TR-015,Kiambu,cancelled,Land preparation,15514.05,void,2026-02-27T23:00:00
BKG-03816,FAR-316,TR-016,Machakos,completed,Planting,10654.97,paid,2026-02-28T00:00:00
BKG-03817,FAR-317,TR-017,Nakuru,completed,Weeding,31481.25,paid,2026-03-01T01:00:00
BKG-03818,FAR-318,TR-018,Nairobi,completed,Harvesting,49237.88,paid,2026-03-02T02:00:00
BKG-03819,FAR-319,TR-019,Embu,completed,Soil management,48964.56,paid,2026-03-03T03:00:00
BKG-03820,FAR-320,TR-020,Kiambu,pending,Land preparation,42182.03,pending,2026-03-04T04:00:00
BKG-03821,FAR-321,TR-021,Machakos,cancelled,Planting,33202.75,void,2026-03-05T05:00:00
BKG-03822,FAR-322,TR-022,Nakuru,completed,Weeding,42946.28,paid,2026-03-06T06:00:00
BKG-03823,FAR-323,TR-023,Nairobi,completed,Harvesting,49143.26,paid,2026-03-07T07:00:00
BKG-03824,FAR-324,TR-024,Embu,completed,Soil management,50617.74,paid,2026-03-08T08:00:00
BKG-03825,FAR-325,TR-025,Kiambu,completed,Land preparation,22079.55,pending,2026-03-09T09:00:00
BKG-03826,FAR-326,TR-026,Machakos,pending,Planting,49770.44,pending,2026-03-10T10:00:00
BKG-03827,FAR-327,TR-027,Nakuru,cancelled,Weeding,52336.52,void,2026-03-11T11:00:00
BKG-03828,FAR-328,TR-028,Nairobi,completed,Harvesting,29971.56,paid,2026-03-12T12:00:00
BKG-03829,FAR-329,TR-029,Embu,completed,Soil management,21070.25,paid,2026-03-13T13:00:00
BKG-03830,FAR-330,TR-030,Kiambu,completed,Land preparation,11165.81,paid,2026-03-14T14:00:00
BKG-03831,FAR-331,TR-031,Machakos,completed,Planting,52125.93,paid,2026-03-15T15:00:00
BKG-03832,FAR-332,TR-032,Nakuru,pending,Weeding,34739.31,pending,2026-03-16T16:00:00
BKG-03833,FAR-333,TR-033,Nairobi,cancelled,Harvesting,40877.83,void,2026-03-17T17:00:00
BKG-03834,FAR-334,TR-034,Embu,completed,Soil management,48794.39,pending,2026-03-18T18:00:00
BKG-03835,FAR-335,TR-035,Kiambu,completed,Land preparation,10207.89,paid,2026-03-19T19:00:00
BKG-03836,FAR-336,TR-036,Machakos,completed,Planting,10995.27,paid,2026-03-20T20:00:00
BKG-03837,FAR-337,TR-037,Nakuru,completed,Weeding,31709.21,paid,2026-03-21T21:00:00
BKG-03838,FAR-338,TR-038,Nairobi,pending,Harvesting,47762.68,pending,2026-03-22T22:00:00
BKG-03839,FAR-339,TR-039,Embu,cancelled,Soil management,46503.35,void,2026-03-23T23:00:00
BKG-03840,FAR-340,TR-040,Kiambu,completed,Land preparation,51187.99,paid,2026-03-24T00:00:00
BKG-03841,FAR-341,TR-041,Machakos,completed,Planting,32033.43,paid,2026-03-25T01:00:00
BKG-03842,FAR-342,TR-042,Nakuru,completed,Weeding,51677.22,paid,2026-03-26T02:00:00
BKG-03843,FAR-343,TR-043,Nairobi,completed,Harvesting,12884.93,paid,2026-03-27T03:00:00
BKG-03844,FAR-344,TR-044,Embu,pending,Soil management,35154.45,pending,2026-03-28T04:00:00
BKG-03845,FAR-345,TR-045,Kiambu,cancelled,Land preparation,47919.76,void,2026-03-29T05:00:00
BKG-03846,FAR-346,TR-046,Machakos,completed,Planting,43899.52,paid,2026-03-30T06:00:00
BKG-03847,FAR-347,TR-047,Nakuru,completed,Weeding,45899.39,paid,2026-03-31T07:00:00
BKG-03848,FAR-348,TR-048,Nairobi,completed,Harvesting,9877.44,paid,2026-04-01T08:00:00
BKG-03849,FAR-349,TR-049,Embu,completed,Soil management,14535.41,paid,2026-04-02T09:00:00
BKG-03850,FAR-350,TR-050,Kiambu,pending,Land preparation,41325.19,pending,2026-04-03T10:00:00
BKG-03851,FAR-351,TR-051,Machakos,cancelled,Planting,19656.56,void,2026-04-04T11:00:00
BKG-03852,FAR-352,TR-052,Nakuru,completed,Weeding,30939.28,paid,2026-04-05T12:00:00
BKG-03853,FAR-353,TR-053,Nairobi,completed,Harvesting,34204.65,pending,2026-04-06T13:00:00
BKG-03854,FAR-354,TR-054,Embu,completed,Soil management,50465.32,paid,2026-04-07T14:00:00
BKG-03855,FAR-355,TR-055,Kiambu,completed,Land preparation,39340.71,paid,2026-04-08T15:00:00
BKG-03856,FAR-356,TR-056,Machakos,pending,Planting,50016.45,pending,2026-04-09T16:00:00
BKG-03857,FAR-357,TR-057,Nakuru,cancelled,Weeding,46443.86,void,2026-04-10T17:00:00
BKG-03858,FAR-358,TR-058,Nairobi,completed,Harvesting,22144.69,paid,2026-04-11T18:00:00
BKG-03859,FAR-359,TR-059,Embu,completed,Soil management,10645.87,paid,2026-04-12T19:00:00
BKG-03860,FAR-360,TR-060,Kiambu,completed,Land preparation,19974.32,paid,2026-04-13T20:00:00
BKG-03861,FAR-361,TR-061,Machakos,completed,Planting,40792.49,paid,2026-04-14T21:00:00
BKG-03862,FAR-362,TR-062,Nakuru,pending,Weeding,45729.64,pending,2026-04-15T22:00:00
BKG-03863,FAR-363,TR-063,Nairobi,cancelled,Harvesting,38503.72,void,2026-04-16T23:00:00
BKG-03864,FAR-364,TR-064,Embu,completed,Soil management,29148.14,paid,2026-04-17T00:00:00
BKG-03865,FAR-365,TR-065,Kiambu,completed,Land preparation,49878.95,paid,2026-04-18T01:00:00
BKG-03866,FAR-366,TR-066,Machakos,completed,Planting,9267.18,paid,2026-04-19T02:00:00
BKG-03867,FAR-367,TR-067,Nakuru,completed,Weeding,34778.73,pending,2026-04-20T03:00:00
BKG-03868,FAR-368,TR-068,Nairobi,pending,Harvesting,16355.81,pending,2026-04-21T04:00:00
BKG-03869,FAR-369,TR-069,Embu,cancelled,Soil management,40326.93,void,2026-04-22T05:00:00
BKG-03870,FAR-370,TR-070,Kiambu,completed,Land preparation,46091.25,paid,2026-04-23T06:00:00
BKG-03871,FAR-371,TR-071,Machakos,completed,Planting,51720.37,paid,2026-04-24T07:00:00
BKG-03872,FAR-372,TR-072,Nakuru,completed,Weeding,48966.92,paid,2026-04-25T08:00:00
BKG-03873,FAR-373,TR-073,Nairobi,completed,Harvesting,22960.08,paid,2026-04-26T09:00:00
BKG-03874,FAR-374,TR-074,Embu,pending,Soil management,16941.88,pending,2026-04-27T10:00:00
BKG-03875,FAR-375,TR-075,Kiambu,cancelled,Land preparation,18226.25,void,2026-04-28T11:00:00
BKG-03876,FAR-376,TR-076,Machakos,completed,Planting,41892.88,pending,2026-04-29T12:00:00
BKG-03877,FAR-377,TR-077,Nakuru,completed,Weeding,18431.92,pending,2026-04-30T13:00:00
BKG-03878,FAR-378,TR-078,Nairobi,completed,Harvesting,44042.51,paid,2026-05-01T14:00:00
BKG-03879,FAR-379,TR-079,Embu,completed,Soil management,14150.81,paid,2026-05-02T15:00:00
BKG-03880,FAR-380,TR-080,Kiambu,pending,Land preparation,44266.73,pending,2026-05-03T16:00:00
BKG-03881,FAR-381,TR-081,Machakos,cancelled,Planting,16800.16,void,2026-05-04T17:00:00
BKG-03882,FAR-382,TR-082,Nakuru,completed,Weeding,38368.38,paid,2026-05-05T18:00:00
BKG-03883,FAR-383,TR-083,Nairobi,completed,Harvesting,30611.67,paid,2026-05-06T19:00:00
BKG-03884,FAR-384,TR-084,Embu,completed,Soil management,17561.78,paid,2026-05-07T20:00:00
BKG-03885,FAR-385,TR-085,Kiambu,completed,Land preparation,48459.77,paid,2026-05-08T21:00:00
BKG-03886,FAR-386,TR-086,Machakos,pending,Planting,36138.0,pending,2026-05-09T22:00:00
BKG-03887,FAR-387,TR-087,Nakuru,cancelled,Weeding,47706.88,void,2026-05-10T23:00:00
BKG-03888,FAR-388,TR-088,Nairobi,completed,Harvesting,11809.96,paid,2026-05-11T00:00:00
BKG-03889,FAR-389,TR-089,Embu,completed,Soil management,44220.57,paid,2026-05-12T01:00:00
BKG-03890,FAR-390,TR-090,Kiambu,completed,Land preparation,27078.35,pending,2026-05-13T02:00:00
BKG-03891,FAR-391,TR-091,Machakos,completed,Planting,13467.48,paid,2026-05-14T03:00:00
BKG-03892,FAR-392,TR-092,Nakuru,pending,Weeding,30485.7,pending,2026-05-15T04:00:00
BKG-03893,FAR-393,TR-093,Nairobi,cancelled,Harvesting,10303.8,void,2026-05-16T05:00:00
BKG-03894,FAR-394,TR-094,Embu,completed,Soil management,9327.98,paid,2026-05-17T06:00:00
BKG-03895,FAR-395,TR-095,Kiambu,completed,Land preparation,26004.97,paid,2026-05-18T07:00:00
BKG-03896,FAR-396,TR-096,Machakos,completed,Planting,30104.41,paid,2026-05-19T08:00:00
BKG-03897,FAR-397,TR-097,Nakuru,completed,Weeding,25743.6,paid,2026-05-20T09:00:00
BKG-03898,FAR-398,TR-098,Nairobi,pending,Harvesting,33301.51,pending,2026-05-21T10:00:00
BKG-03899,FAR-399,TR-099,Embu,cancelled,Soil management,53857.09,void,2026-05-22T11:00:00
BKG-03900,FAR-400,TR-100,Kiambu,completed,Land preparation,29291.6,paid,2026-05-23T12:00:00
BKG-03901,FAR-401,TR-001,Machakos,completed,Planting,23596.42,paid,2026-05-24T13:00:00
BKG-03902,FAR-402,TR-002,Nakuru,completed,Weeding,31328.63,paid,2026-05-25T14:00:00
BKG-03903,FAR-403,TR-003,Nairobi,completed,Harvesting,16260.0,paid,2026-05-26T15:00:00
BKG-03904,FAR-404,TR-004,Embu,pending,Soil management,53041.03,pending,2026-05-27T16:00:00
BKG-03905,FAR-405,TR-005,Kiambu,cancelled,Land preparation,47024.42,void,2026-05-28T17:00:00
BKG-03906,FAR-406,TR-006,Machakos,completed,Planting,42930.65,paid,2026-05-29T18:00:00
BKG-03907,FAR-407,TR-007,Nakuru,completed,Weeding,23385.4,paid,2026-05-30T19:00:00
BKG-03908,FAR-408,TR-008,Nairobi,completed,Harvesting,21238.44,paid,2026-05-31T20:00:00
BKG-03909,FAR-409,TR-009,Embu,completed,Soil management,50408.11,paid,2026-06-01T21:00:00
BKG-03910,FAR-410,TR-010,Kiambu,pending,Land preparation,13945.33,pending,2026-06-02T22:00:00
BKG-03911,FAR-411,TR-011,Machakos,cancelled,Planting,13185.56,void,2026-06-03T23:00:00
BKG-03912,FAR-412,TR-012,Nakuru,completed,Weeding,45529.9,paid,2026-06-04T00:00:00
BKG-03913,FAR-413,TR-013,Nairobi,completed,Harvesting,24820.16,paid,2026-06-05T01:00:00
BKG-03914,FAR-414,TR-014,Embu,completed,Soil management,24658.54,paid,2026-06-06T02:00:00
BKG-03915,FAR-415,TR-015,Kiambu,completed,Land preparation,27541.8,paid,2026-06-07T03:00:00
BKG-03916,FAR-416,TR-016,Machakos,pending,Planting,47713.24,pending,2026-06-08T04:00:00
BKG-03917,FAR-417,TR-017,Nakuru,cancelled,Weeding,19514.3,void,2026-06-09T05:00:00
BKG-03918,FAR-418,TR-018,Nairobi,completed,Harvesting,36441.43,paid,2026-06-10T06:00:00
BKG-03919,FAR-419,TR-019,Embu,completed,Soil management,9451.98,pending,2026-06-11T07:00:00
BKG-03920,FAR-420,TR-020,Kiambu,completed,Land preparation,34297.16,pending,2026-06-12T08:00:00
BKG-03921,FAR-421,TR-021,Machakos,completed,Planting,17691.27,paid,2026-06-13T09:00:00
BKG-03922,FAR-422,TR-022,Nakuru,pending,Weeding,34756.11,pending,2026-06-14T10:00:00
BKG-03923,FAR-423,TR-023,Nairobi,cancelled,Harvesting,50875.47,void,2026-06-15T11:00:00
BKG-03924,FAR-424,TR-024,Embu,completed,Soil management,16530.3,paid,2026-06-16T12:00:00
BKG-03925,FAR-425,TR-025,Kiambu,completed,Land preparation,24940.51,paid,2026-06-17T13:00:00
BKG-03926,FAR-426,TR-026,Machakos,completed,Planting,32201.18,paid,2026-06-18T14:00:00
BKG-03927,FAR-427,TR-027,Nakuru,completed,Weeding,27415.2,paid,2026-06-19T15:00:00
BKG-03928,FAR-428,TR-028,Nairobi,pending,Harvesting,51390.85,pending,2026-06-20T16:00:00
BKG-03929,FAR-429,TR-029,Embu,cancelled,Soil management,36677.95,void,2026-06-21T17:00:00
BKG-03930,FAR-430,TR-030,Kiambu,completed,Land preparation,10817.52,pending,2026-06-22T18:00:00
BKG-03931,FAR-431,TR-031,Machakos,completed,Planting,17214.83,paid,2026-06-23T19:00:00
BKG-03932,FAR-432,TR-032,Nakuru,completed,Weeding,40461.25,paid,2026-06-24T20:00:00
BKG-03933,FAR-433,TR-033,Nairobi,completed,Harvesting,49906.74,paid,2026-06-25T21:00:00
BKG-03934,FAR-434,TR-034,Embu,pending,Soil management,21591.44,pending,2026-06-26T22:00:00
BKG-03935,FAR-435,TR-035,Kiambu,cancelled,Land preparation,46902.75,void,2026-06-27T23:00:00
BKG-03936,FAR-436,TR-036,Machakos,completed,Planting,32549.58,paid,2026-06-28T00:00:00
BKG-03937,FAR-437,TR-037,Nakuru,completed,Weeding,36942.76,paid,2026-06-29T01:00:00
BKG-03938,FAR-438,TR-038,Nairobi,completed,Harvesting,11788.47,pending,2026-06-30T02:00:00
BKG-03939,FAR-439,TR-039,Embu,completed,Soil management,34828.68,paid,2026-07-01T03:00:00
BKG-03940,FAR-440,TR-040,Kiambu,pending,Land preparation,40992.68,pending,2026-07-02T04:00:00
BKG-03941,FAR-441,TR-041,Machakos,cancelled,Planting,47688.35,void,2026-07-03T05:00:00
BKG-03942,FAR-442,TR-042,Nakuru,completed,Weeding,51730.11,paid,2026-07-04T06:00:00
BKG-03943,FAR-443,TR-043,Nairobi,completed,Harvesting,22158.78,paid,2026-07-05T07:00:00
BKG-03944,FAR-444,TR-044,Embu,completed,Soil management,39353.76,paid,2026-07-06T08:00:00
BKG-03945,FAR-445,TR-045,Kiambu,completed,Land preparation,22921.47,paid,2026-07-07T09:00:00
BKG-03946,FAR-446,TR-046,Machakos,pending,Planting,52932.0,pending,2026-07-08T10:00:00
BKG-03947,FAR-447,TR-047,Nakuru,cancelled,Weeding,41410.63,void,2026-07-09T11:00:00
BKG-03948,FAR-448,TR-048,Nairobi,completed,Harvesting,31907.39,paid,2026-07-10T12:00:00
BKG-03949,FAR-449,TR-049,Embu,completed,Soil management,19594.69,paid,2026-07-11T13:00:00
BKG-03950,FAR-450,TR-050,Kiambu,completed,Land preparation,26242.07,paid,2026-07-12T14:00:00
BKG-03951,FAR-451,TR-051,Machakos,completed,Planting,31156.72,paid,2026-07-13T15:00:00
BKG-03952,FAR-452,TR-052,Nakuru,pending,Weeding,53277.35,pending,2026-07-14T16:00:00
BKG-03953,FAR-453,TR-053,Nairobi,cancelled,Harvesting,51009.62,void,2026-07-15T17:00:00
BKG-03954,FAR-454,TR-054,Embu,completed,Soil management,53021.39,paid,2026-07-16T18:00:00
BKG-03955,FAR-455,TR-055,Kiambu,completed,Land preparation,24617.28,paid,2026-07-17T19:00:00
BKG-03956,FAR-456,TR-056,Machakos,completed,Planting,52627.41,pending,2026-07-18T20:00:00
BKG-03957,FAR-457,TR-057,Nakuru,completed,Weeding,9725.42,paid,2026-07-19T21:00:00
BKG-03958,FAR-458,TR-058,Nairobi,pending,Harvesting,37939.31,pending,2026-07-20T22:00:00
BKG-03959,FAR-459,TR-059,Embu,cancelled,Soil management,39896.35,void,2026-07-21T23:00:00
BKG-03960,FAR-460,TR-060,Kiambu,completed,Land preparation,24457.59,paid,2026-07-22T00:00:00
BKG-03961,FAR-461,TR-061,Machakos,completed,Planting,15014.69,paid,2026-07-23T01:00:00
BKG-03962,FAR-462,TR-062,Nakuru,completed,Weeding,52151.14,paid,2026-07-24T02:00:00
BKG-03963,FAR-463,TR-063,Nairobi,completed,Harvesting,28480.59,pending,2026-07-25T03:00:00
BKG-03964,FAR-464,TR-064,Embu,pending,Soil management,36489.57,pending,2026-07-26T04:00:00
BKG-03965,FAR-465,TR-065,Kiambu,cancelled,Land preparation,30741.63,void,2026-07-27T05:00:00
BKG-03966,FAR-466,TR-066,Machakos,completed,Planting,45337.46,paid,2026-07-28T06:00:00
BKG-03967,FAR-467,TR-067,Nakuru,completed,Weeding,48374.64,paid,2026-07-29T07:00:00
BKG-03968,FAR-468,TR-068,Nairobi,completed,Harvesting,39852.43,paid,2026-07-30T08:00:00
BKG-03969,FAR-469,TR-069,Embu,completed,Soil management,13541.1,paid,2026-07-31T09:00:00
BKG-03970,FAR-470,TR-070,Kiambu,pending,Land preparation,15033.95,pending,2026-08-01T10:00:00
BKG-03971,FAR-471,TR-071,Machakos,cancelled,Planting,23134.03,void,2026-08-02T11:00:00
BKG-03972,FAR-472,TR-072,Nakuru,completed,Weeding,10650.8,paid,2026-08-03T12:00:00
BKG-03973,FAR-473,TR-073,Nairobi,completed,Harvesting,15206.19,pending,2026-08-04T13:00:00
BKG-03974,FAR-474,TR-074,Embu,completed,Soil management,39970.95,paid,2026-08-05T14:00:00
BKG-03975,FAR-475,TR-075,Kiambu,completed,Land preparation,27444.35,paid,2026-08-06T15:00:00
BKG-03976,FAR-476,TR-076,Machakos,pending,Planting,13775.74,pending,2026-08-07T16:00:00
BKG-03977,FAR-477,TR-077,Nakuru,cancelled,Weeding,51640.91,void,2026-08-08T17:00:00
BKG-03978,FAR-478,TR-078,Nairobi,completed,Harvesting,39638.87,paid,2026-08-09T18:00:00
BKG-03979,FAR-479,TR-079,Embu,completed,Soil management,12508.78,paid,2026-08-10T19:00:00
BKG-03980,FAR-480,TR-080,Kiambu,completed,Land preparation,45283.93,paid,2026-08-11T20:00:00
BKG-03981,FAR-481,TR-081,Machakos,completed,Planting,28817.92,paid,2026-08-12T21:00:00
BKG-03982,FAR-482,TR-082,Nakuru,pending,Weeding,23682.82,pending,2026-08-13T22:00:00
BKG-03983,FAR-483,TR-083,Nairobi,cancelled,Harvesting,41151.61,void,2026-08-14T23:00:00
BKG-03984,FAR-484,TR-084,Embu,completed,Soil management,32394.97,paid,2026-08-15T00:00:00
BKG-03985,FAR-485,TR-085,Kiambu,completed,Land preparation,39206.61,paid,2026-08-16T01:00:00
BKG-03986,FAR-486,TR-086,Machakos,completed,Planting,31522.06,paid,2026-08-17T02:00:00
BKG-03987,FAR-487,TR-087,Nakuru,completed,Weeding,52743.67,paid,2026-08-18T03:00:00
BKG-03988,FAR-488,TR-088,Nairobi,pending,Harvesting,10713.48,pending,2026-08-19T04:00:00
BKG-03989,FAR-489,TR-089,Embu,cancelled,Soil management,20073.36,void,2026-08-20T05:00:00
BKG-03990,FAR-490,TR-090,Kiambu,completed,Land preparation,42404.86,paid,2026-08-21T06:00:00
BKG-03991,FAR-491,TR-091,Machakos,completed,Planting,38574.09,paid,2026-08-22T07:00:00
BKG-03992,FAR-492,TR-092,Nakuru,completed,Weeding,47726.76,pending,2026-08-23T08:00:00
BKG-03993,FAR-493,TR-093,Nairobi,completed,Harvesting,49772.38,paid,2026-08-24T09:00:00
BKG-03994,FAR-494,TR-094,Embu,pending,Soil management,31526.66,pending,2026-08-25T10:00:00
BKG-03995,FAR-495,TR-095,Kiambu,cancelled,Land preparation,41184.27,void,2026-08-26T11:00:00
BKG-03996,FAR-496,TR-096,Machakos,completed,Planting,30052.73,paid,2026-08-27T12:00:00
BKG-03997,FAR-497,TR-097,Nakuru,completed,Weeding,23810.36,paid,2026-08-28T13:00:00
BKG-03998,FAR-498,TR-098,Nairobi,completed,Harvesting,48673.92,paid,2026-08-29T14:00:00
BKG-03999,FAR-499,TR-099,Embu,completed,Soil management,52051.16,paid,2026-08-30T15:00:00
BKG-04000,FAR-500,TR-100,Kiambu,pending,Land preparation,18316.77,pending,2026-08-31T16:00:00
BKG-04001,FAR-001,TR-001,Machakos,cancelled,Planting,26091.03,void,2026-09-01T17:00:00
BKG-04002,FAR-002,TR-002,Nakuru,completed,Weeding,35764.29,paid,2026-09-02T18:00:00
BKG-04003,FAR-003,TR-003,Nairobi,completed,Harvesting,30720.45,paid,2026-09-03T19:00:00
BKG-04004,FAR-004,TR-004,Embu,completed,Soil management,53490.68,paid,2026-09-04T20:00:00
BKG-04005,FAR-005,TR-005,Kiambu,completed,Land preparation,30623.24,pending,2026-09-05T21:00:00
BKG-04006,FAR-006,TR-006,Machakos,pending,Planting,36991.09,pending,2026-09-06T22:00:00
BKG-04007,FAR-007,TR-007,Nakuru,cancelled,Weeding,21453.83,void,2026-09-07T23:00:00
BKG-04008,FAR-008,TR-008,Nairobi,completed,Harvesting,38474.77,paid,2026-09-08T00:00:00
BKG-04009,FAR-009,TR-009,Embu,completed,Soil management,46793.71,paid,2026-09-09T01:00:00
BKG-04010,FAR-010,TR-010,Kiambu,completed,Land preparation,29381.74,paid,2026-09-10T02:00:00
BKG-04011,FAR-011,TR-011,Machakos,completed,Planting,30365.55,pending,2026-09-11T03:00:00
BKG-04012,FAR-012,TR-012,Nakuru,pending,Weeding,44104.01,pending,2026-09-12T04:00:00
BKG-04013,FAR-013,TR-013,Nairobi,cancelled,Harvesting,13221.4,void,2026-09-13T05:00:00
BKG-04014,FAR-014,TR-014,Embu,completed,Soil management,12442.04,paid,2026-09-14T06:00:00
BKG-04015,FAR-015,TR-015,Kiambu,completed,Land preparation,44533.51,paid,2025-09-15T07:00:00
BKG-04016,FAR-016,TR-016,Machakos,completed,Planting,28993.1,paid,2025-09-16T08:00:00
BKG-04017,FAR-017,TR-017,Nakuru,completed,Weeding,29367.81,paid,2025-09-17T09:00:00
BKG-04018,FAR-018,TR-018,Nairobi,pending,Harvesting,22722.6,pending,2025-09-18T10:00:00
BKG-04019,FAR-019,TR-019,Embu,cancelled,Soil management,22425.47,void,2025-09-19T11:00:00
BKG-04020,FAR-020,TR-020,Kiambu,completed,Land preparation,10053.9,pending,2025-09-20T12:00:00
BKG-04021,FAR-021,TR-021,Machakos,completed,Planting,20948.15,paid,2025-09-21T13:00:00
BKG-04022,FAR-022,TR-022,Nakuru,completed,Weeding,33855.8,paid,2025-09-22T14:00:00
BKG-04023,FAR-023,TR-023,Nairobi,completed,Harvesting,27511.0,paid,2025-09-23T15:00:00
BKG-04024,FAR-024,TR-024,Embu,pending,Soil management,40338.03,pending,2025-09-24T16:00:00
BKG-04025,FAR-025,TR-025,Kiambu,cancelled,Land preparation,14083.89,void,2025-09-25T17:00:00
BKG-04026,FAR-026,TR-026,Machakos,completed,Planting,21260.51,paid,2025-09-26T18:00:00
BKG-04027,FAR-027,TR-027,Nakuru,completed,Weeding,15043.31,paid,2025-09-27T19:00:00
BKG-04028,FAR-028,TR-028,Nairobi,completed,Harvesting,19885.74,paid,2025-09-28T20:00:00
BKG-04029,FAR-029,TR-029,Embu,completed,Soil management,28496.95,paid,2025-09-29T21:00:00
BKG-04030,FAR-030,TR-030,Kiambu,pending,Land preparation,28083.73,pending,2025-09-30T22:00:00
BKG-04031,FAR-031,TR-031,Machakos,cancelled,Planting,17141.46,void,2025-10-01T23:00:00
BKG-04032,FAR-032,TR-032,Nakuru,completed,Weeding,48707.11,paid,2025-10-02T00:00:00
BKG-04033,FAR-033,TR-033,Nairobi,completed,Harvesting,22440.89,paid,2025-10-03T01:00:00
BKG-04034,FAR-034,TR-034,Embu,completed,Soil management,11665.01,pending,2025-10-04T02:00:00
BKG-04035,FAR-035,TR-035,Kiambu,completed,Land preparation,18347.59,paid,2025-10-05T03:00:00
BKG-04036,FAR-036,TR-036,Machakos,pending,Planting,36179.44,pending,2025-10-06T04:00:00
BKG-04037,FAR-037,TR-037,Nakuru,cancelled,Weeding,33130.33,void,2025-10-07T05:00:00
BKG-04038,FAR-038,TR-038,Nairobi,completed,Harvesting,41354.33,paid,2025-10-08T06:00:00
BKG-04039,FAR-039,TR-039,Embu,completed,Soil management,32269.14,paid,2025-10-09T07:00:00
BKG-04040,FAR-040,TR-040,Kiambu,completed,Land preparation,35874.7,pending,2025-10-10T08:00:00
BKG-04041,FAR-041,TR-041,Machakos,completed,Planting,40671.06,paid,2025-10-11T09:00:00
BKG-04042,FAR-042,TR-042,Nakuru,pending,Weeding,30855.23,pending,2025-10-12T10:00:00
BKG-04043,FAR-043,TR-043,Nairobi,cancelled,Harvesting,18010.67,void,2025-10-13T11:00:00
BKG-04044,FAR-044,TR-044,Embu,completed,Soil management,43454.63,paid,2025-10-14T12:00:00
BKG-04045,FAR-045,TR-045,Kiambu,completed,Land preparation,23184.07,paid,2025-10-15T13:00:00
BKG-04046,FAR-046,TR-046,Machakos,completed,Planting,12466.77,paid,2025-10-16T14:00:00
BKG-04047,FAR-047,TR-047,Nakuru,completed,Weeding,39774.78,paid,2025-10-17T15:00:00
BKG-04048,FAR-048,TR-048,Nairobi,pending,Harvesting,11971.72,pending,2025-10-18T16:00:00
BKG-04049,FAR-049,TR-049,Embu,cancelled,Soil management,24080.32,void,2025-10-19T17:00:00
BKG-04050,FAR-050,TR-050,Kiambu,completed,Land preparation,13738.94,paid,2025-10-20T18:00:00
BKG-04051,FAR-051,TR-051,Machakos,completed,Planting,24062.76,paid,2025-10-21T19:00:00
BKG-04052,FAR-052,TR-052,Nakuru,completed,Weeding,23387.25,paid,2025-10-22T20:00:00
BKG-04053,FAR-053,TR-053,Nairobi,completed,Harvesting,48636.42,paid,2025-10-23T21:00:00
BKG-04054,FAR-054,TR-054,Embu,pending,Soil management,21376.7,pending,2025-10-24T22:00:00
BKG-04055,FAR-055,TR-055,Kiambu,cancelled,Land preparation,31043.7,void,2025-10-25T23:00:00
BKG-04056,FAR-056,TR-056,Machakos,completed,Planting,15252.89,paid,2025-10-26T00:00:00
BKG-04057,FAR-057,TR-057,Nakuru,completed,Weeding,53213.54,pending,2025-10-27T01:00:00
BKG-04058,FAR-058,TR-058,Nairobi,completed,Harvesting,23387.25,paid,2025-10-28T02:00:00
BKG-04059,FAR-059,TR-059,Embu,completed,Soil management,40728.55,paid,2025-10-29T03:00:00
BKG-04060,FAR-060,TR-060,Kiambu,pending,Land preparation,47974.72,pending,2025-10-30T04:00:00
BKG-04061,FAR-061,TR-061,Machakos,cancelled,Planting,45421.24,void,2025-10-31T05:00:00
BKG-04062,FAR-062,TR-062,Nakuru,completed,Weeding,9292.58,paid,2025-11-01T06:00:00
BKG-04063,FAR-063,TR-063,Nairobi,completed,Harvesting,28419.65,paid,2025-11-02T07:00:00
BKG-04064,FAR-064,TR-064,Embu,completed,Soil management,41580.5,paid,2025-11-03T08:00:00
BKG-04065,FAR-065,TR-065,Kiambu,completed,Land preparation,29982.51,paid,2025-11-04T09:00:00
BKG-04066,FAR-066,TR-066,Machakos,pending,Planting,30137.56,pending,2025-11-05T10:00:00
BKG-04067,FAR-067,TR-067,Nakuru,cancelled,Weeding,31990.0,void,2025-11-06T11:00:00
BKG-04068,FAR-068,TR-068,Nairobi,completed,Harvesting,17097.47,paid,2025-11-07T12:00:00
BKG-04069,FAR-069,TR-069,Embu,completed,Soil management,22011.24,paid,2025-11-08T13:00:00
BKG-04070,FAR-070,TR-070,Kiambu,completed,Land preparation,15324.81,paid,2025-11-09T14:00:00
BKG-04071,FAR-071,TR-071,Machakos,completed,Planting,47329.16,paid,2025-11-10T15:00:00
BKG-04072,FAR-072,TR-072,Nakuru,pending,Weeding,17685.3,pending,2025-11-11T16:00:00
BKG-04073,FAR-073,TR-073,Nairobi,cancelled,Harvesting,32665.15,void,2025-11-12T17:00:00
BKG-04074,FAR-074,TR-074,Embu,completed,Soil management,28591.26,paid,2025-11-13T18:00:00
BKG-04075,FAR-075,TR-075,Kiambu,completed,Land preparation,21470.0,pending,2025-11-14T19:00:00
BKG-04076,FAR-076,TR-076,Machakos,completed,Planting,29155.96,paid,2025-11-15T20:00:00
BKG-04077,FAR-077,TR-077,Nakuru,completed,Weeding,14875.2,paid,2025-11-16T21:00:00
BKG-04078,FAR-078,TR-078,Nairobi,pending,Harvesting,36562.04,pending,2025-11-17T22:00:00
BKG-04079,FAR-079,TR-079,Embu,cancelled,Soil management,18381.93,void,2025-11-18T23:00:00
BKG-04080,FAR-080,TR-080,Kiambu,completed,Land preparation,25467.37,paid,2025-11-19T00:00:00
BKG-04081,FAR-081,TR-081,Machakos,completed,Planting,20805.59,paid,2025-11-20T01:00:00
BKG-04082,FAR-082,TR-082,Nakuru,completed,Weeding,51505.92,paid,2025-11-21T02:00:00
BKG-04083,FAR-083,TR-083,Nairobi,completed,Harvesting,35335.74,paid,2025-11-22T03:00:00
BKG-04084,FAR-084,TR-084,Embu,pending,Soil management,29165.36,pending,2025-11-23T04:00:00
BKG-04085,FAR-085,TR-085,Kiambu,cancelled,Land preparation,26884.68,void,2025-11-24T05:00:00
BKG-04086,FAR-086,TR-086,Machakos,completed,Planting,12792.84,paid,2025-11-25T06:00:00
BKG-04087,FAR-087,TR-087,Nakuru,completed,Weeding,48859.59,paid,2025-11-26T07:00:00
BKG-04088,FAR-088,TR-088,Nairobi,completed,Harvesting,38805.49,paid,2025-11-27T08:00:00
BKG-04089,FAR-089,TR-089,Embu,completed,Soil management,49356.26,paid,2025-11-28T09:00:00
BKG-04090,FAR-090,TR-090,Kiambu,pending,Land preparation,34289.43,pending,2025-11-29T10:00:00
BKG-04091,FAR-091,TR-091,Machakos,cancelled,Planting,45510.91,void,2025-11-30T11:00:00
BKG-04092,FAR-092,TR-092,Nakuru,completed,Weeding,38860.8,paid,2025-12-01T12:00:00
BKG-04093,FAR-093,TR-093,Nairobi,completed,Harvesting,51627.2,paid,2025-12-02T13:00:00
BKG-04094,FAR-094,TR-094,Embu,completed,Soil management,29129.85,paid,2025-12-03T14:00:00
BKG-04095,FAR-095,TR-095,Kiambu,completed,Land preparation,51437.93,paid,2025-12-04T15:00:00
BKG-04096,FAR-096,TR-096,Machakos,pending,Planting,40609.79,pending,2025-12-05T16:00:00
BKG-04097,FAR-097,TR-097,Nakuru,cancelled,Weeding,44726.91,void,2025-12-06T17:00:00
BKG-04098,FAR-098,TR-098,Nairobi,completed,Harvesting,46737.82,paid,2025-12-07T18:00:00
BKG-04099,FAR-099,TR-099,Embu,completed,Soil management,26133.3,paid,2025-12-08T19:00:00
BKG-04100,FAR-100,TR-100,Kiambu,completed,Land preparation,42369.27,paid,2025-12-09T20:00:00
BKG-04101,FAR-101,TR-001,Machakos,completed,Planting,44713.97,paid,2025-12-10T21:00:00
BKG-04102,FAR-102,TR-002,Nakuru,pending,Weeding,42355.8,pending,2025-12-11T22:00:00
BKG-04103,FAR-103,TR-003,Nairobi,cancelled,Harvesting,25934.48,void,2025-12-12T23:00:00
BKG-04104,FAR-104,TR-004,Embu,completed,Soil management,9155.39,paid,2025-12-13T00:00:00
BKG-04105,FAR-105,TR-005,Kiambu,completed,Land preparation,45160.48,paid,2025-12-14T01:00:00
BKG-04106,FAR-106,TR-006,Machakos,completed,Planting,12736.29,paid,2025-12-15T02:00:00
BKG-04107,FAR-107,TR-007,Nakuru,completed,Weeding,41112.33,paid,2025-12-16T03:00:00
BKG-04108,FAR-108,TR-008,Nairobi,pending,Harvesting,21525.58,pending,2025-12-17T04:00:00
BKG-04109,FAR-109,TR-009,Embu,cancelled,Soil management,26831.15,void,2025-12-18T05:00:00
BKG-04110,FAR-110,TR-010,Kiambu,completed,Land preparation,15863.29,paid,2025-12-19T06:00:00
BKG-04111,FAR-111,TR-011,Machakos,completed,Planting,30028.67,paid,2025-12-20T07:00:00
BKG-04112,FAR-112,TR-012,Nakuru,completed,Weeding,46819.35,pending,2025-12-21T08:00:00
BKG-04113,FAR-113,TR-013,Nairobi,completed,Harvesting,14224.08,paid,2025-12-22T09:00:00
BKG-04114,FAR-114,TR-014,Embu,pending,Soil management,26482.82,pending,2025-12-23T10:00:00
BKG-04115,FAR-115,TR-015,Kiambu,cancelled,Land preparation,37340.98,void,2025-12-24T11:00:00
BKG-04116,FAR-116,TR-016,Machakos,completed,Planting,27339.15,paid,2025-12-25T12:00:00
BKG-04117,FAR-117,TR-017,Nakuru,completed,Weeding,19252.2,paid,2025-12-26T13:00:00
BKG-04118,FAR-118,TR-018,Nairobi,completed,Harvesting,20765.94,paid,2025-12-27T14:00:00
BKG-04119,FAR-119,TR-019,Embu,completed,Soil management,20713.19,paid,2025-12-28T15:00:00
BKG-04120,FAR-120,TR-020,Kiambu,pending,Land preparation,47564.0,pending,2025-12-29T16:00:00
BKG-04121,FAR-121,TR-021,Machakos,cancelled,Planting,51908.3,void,2025-12-30T17:00:00
BKG-04122,FAR-122,TR-022,Nakuru,completed,Weeding,22259.24,paid,2025-12-31T18:00:00
BKG-04123,FAR-123,TR-023,Nairobi,completed,Harvesting,15957.27,paid,2026-01-01T19:00:00
BKG-04124,FAR-124,TR-024,Embu,completed,Soil management,24131.08,paid,2026-01-02T20:00:00
BKG-04125,FAR-125,TR-025,Kiambu,completed,Land preparation,28856.71,paid,2026-01-03T21:00:00
BKG-04126,FAR-126,TR-026,Machakos,pending,Planting,34888.23,pending,2026-01-04T22:00:00
BKG-04127,FAR-127,TR-027,Nakuru,cancelled,Weeding,10637.28,void,2026-01-05T23:00:00
BKG-04128,FAR-128,TR-028,Nairobi,completed,Harvesting,43428.37,paid,2026-01-06T00:00:00
BKG-04129,FAR-129,TR-029,Embu,completed,Soil management,43124.81,pending,2026-01-07T01:00:00
BKG-04130,FAR-130,TR-030,Kiambu,completed,Land preparation,18277.49,paid,2026-01-08T02:00:00
BKG-04131,FAR-131,TR-031,Machakos,completed,Planting,42776.46,paid,2026-01-09T03:00:00
BKG-04132,FAR-132,TR-032,Nakuru,pending,Weeding,14575.38,pending,2026-01-10T04:00:00
BKG-04133,FAR-133,TR-033,Nairobi,cancelled,Harvesting,23538.5,void,2026-01-11T05:00:00
BKG-04134,FAR-134,TR-034,Embu,completed,Soil management,27220.07,paid,2026-01-12T06:00:00
BKG-04135,FAR-135,TR-035,Kiambu,completed,Land preparation,33166.68,paid,2026-01-13T07:00:00
BKG-04136,FAR-136,TR-036,Machakos,completed,Planting,38930.89,paid,2026-01-14T08:00:00
BKG-04137,FAR-137,TR-037,Nakuru,completed,Weeding,19565.12,paid,2026-01-15T09:00:00
BKG-04138,FAR-138,TR-038,Nairobi,pending,Harvesting,15153.75,pending,2026-01-16T10:00:00
BKG-04139,FAR-139,TR-039,Embu,cancelled,Soil management,35153.02,void,2026-01-17T11:00:00
BKG-04140,FAR-140,TR-040,Kiambu,completed,Land preparation,26948.68,paid,2026-01-18T12:00:00
BKG-04141,FAR-141,TR-041,Machakos,completed,Planting,27823.66,paid,2026-01-19T13:00:00
BKG-04142,FAR-142,TR-042,Nakuru,completed,Weeding,49646.0,paid,2026-01-20T14:00:00
BKG-04143,FAR-143,TR-043,Nairobi,completed,Harvesting,33757.8,paid,2026-01-21T15:00:00
BKG-04144,FAR-144,TR-044,Embu,pending,Soil management,27017.3,pending,2026-01-22T16:00:00
BKG-04145,FAR-145,TR-045,Kiambu,cancelled,Land preparation,51384.48,void,2026-01-23T17:00:00
BKG-04146,FAR-146,TR-046,Machakos,completed,Planting,12024.71,paid,2026-01-24T18:00:00
BKG-04147,FAR-147,TR-047,Nakuru,completed,Weeding,31423.15,paid,2026-01-25T19:00:00
BKG-04148,FAR-148,TR-048,Nairobi,completed,Harvesting,31472.35,pending,2026-01-26T20:00:00
BKG-04149,FAR-149,TR-049,Embu,completed,Soil management,18218.9,paid,2026-01-27T21:00:00
BKG-04150,FAR-150,TR-050,Kiambu,pending,Land preparation,26741.18,pending,2026-01-28T22:00:00
BKG-04151,FAR-151,TR-051,Machakos,cancelled,Planting,11646.42,void,2026-01-29T23:00:00
BKG-04152,FAR-152,TR-052,Nakuru,completed,Weeding,20843.38,paid,2026-01-30T00:00:00
BKG-04153,FAR-153,TR-053,Nairobi,completed,Harvesting,11585.28,paid,2026-01-31T01:00:00
BKG-04154,FAR-154,TR-054,Embu,completed,Soil management,43973.3,paid,2026-02-01T02:00:00
BKG-04155,FAR-155,TR-055,Kiambu,completed,Land preparation,28664.52,paid,2026-02-02T03:00:00
BKG-04156,FAR-156,TR-056,Machakos,pending,Planting,26517.99,pending,2026-02-03T04:00:00
BKG-04157,FAR-157,TR-057,Nakuru,cancelled,Weeding,41034.09,void,2026-02-04T05:00:00
BKG-04158,FAR-158,TR-058,Nairobi,completed,Harvesting,39339.9,paid,2026-02-05T06:00:00
BKG-04159,FAR-159,TR-059,Embu,completed,Soil management,52411.15,paid,2026-02-06T07:00:00
BKG-04160,FAR-160,TR-060,Kiambu,completed,Land preparation,19317.65,pending,2026-02-07T08:00:00
BKG-04161,FAR-161,TR-061,Machakos,completed,Planting,46262.0,paid,2026-02-08T09:00:00
BKG-04162,FAR-162,TR-062,Nakuru,pending,Weeding,34623.15,pending,2026-02-09T10:00:00
BKG-04163,FAR-163,TR-063,Nairobi,cancelled,Harvesting,41705.94,void,2026-02-10T11:00:00
BKG-04164,FAR-164,TR-064,Embu,completed,Soil management,10785.83,paid,2026-02-11T12:00:00
BKG-04165,FAR-165,TR-065,Kiambu,completed,Land preparation,26624.01,paid,2026-02-12T13:00:00
BKG-04166,FAR-166,TR-066,Machakos,completed,Planting,18013.55,paid,2026-02-13T14:00:00
BKG-04167,FAR-167,TR-067,Nakuru,completed,Weeding,48237.11,paid,2026-02-14T15:00:00
BKG-04168,FAR-168,TR-068,Nairobi,pending,Harvesting,15433.76,pending,2026-02-15T16:00:00
BKG-04169,FAR-169,TR-069,Embu,cancelled,Soil management,41283.39,void,2026-02-16T17:00:00
BKG-04170,FAR-170,TR-070,Kiambu,completed,Land preparation,24217.74,paid,2026-02-17T18:00:00
BKG-04171,FAR-171,TR-071,Machakos,completed,Planting,16994.68,paid,2026-02-18T19:00:00
BKG-04172,FAR-172,TR-072,Nakuru,completed,Weeding,33394.63,paid,2026-02-19T20:00:00
BKG-04173,FAR-173,TR-073,Nairobi,completed,Harvesting,40096.78,pending,2026-02-20T21:00:00
BKG-04174,FAR-174,TR-074,Embu,pending,Soil management,11442.4,pending,2026-02-21T22:00:00
BKG-04175,FAR-175,TR-075,Kiambu,cancelled,Land preparation,31067.95,void,2026-02-22T23:00:00
BKG-04176,FAR-176,TR-076,Machakos,completed,Planting,12889.76,paid,2026-02-23T00:00:00
BKG-04177,FAR-177,TR-077,Nakuru,completed,Weeding,15687.27,paid,2026-02-24T01:00:00
BKG-04178,FAR-178,TR-078,Nairobi,completed,Harvesting,52313.04,paid,2026-02-25T02:00:00
BKG-04179,FAR-179,TR-079,Embu,completed,Soil management,23226.02,pending,2026-02-26T03:00:00
BKG-04180,FAR-180,TR-080,Kiambu,pending,Land preparation,32651.21,pending,2026-02-27T04:00:00
BKG-04181,FAR-181,TR-081,Machakos,cancelled,Planting,47712.54,void,2026-02-28T05:00:00
BKG-04182,FAR-182,TR-082,Nakuru,completed,Weeding,12212.76,paid,2026-03-01T06:00:00
BKG-04183,FAR-183,TR-083,Nairobi,completed,Harvesting,39590.2,paid,2026-03-02T07:00:00
BKG-04184,FAR-184,TR-084,Embu,completed,Soil management,28192.55,paid,2026-03-03T08:00:00
BKG-04185,FAR-185,TR-085,Kiambu,completed,Land preparation,15417.31,paid,2026-03-04T09:00:00
BKG-04186,FAR-186,TR-086,Machakos,pending,Planting,25773.06,pending,2026-03-05T10:00:00
BKG-04187,FAR-187,TR-087,Nakuru,cancelled,Weeding,50337.61,void,2026-03-06T11:00:00
BKG-04188,FAR-188,TR-088,Nairobi,completed,Harvesting,45354.32,paid,2026-03-07T12:00:00
BKG-04189,FAR-189,TR-089,Embu,completed,Soil management,17872.15,paid,2026-03-08T13:00:00
BKG-04190,FAR-190,TR-090,Kiambu,completed,Land preparation,43268.34,paid,2026-03-09T14:00:00
BKG-04191,FAR-191,TR-091,Machakos,completed,Planting,15490.63,paid,2026-03-10T15:00:00
BKG-04192,FAR-192,TR-092,Nakuru,pending,Weeding,48876.28,pending,2026-03-11T16:00:00
BKG-04193,FAR-193,TR-093,Nairobi,cancelled,Harvesting,22708.72,void,2026-03-12T17:00:00
BKG-04194,FAR-194,TR-094,Embu,completed,Soil management,45025.88,pending,2026-03-13T18:00:00
BKG-04195,FAR-195,TR-095,Kiambu,completed,Land preparation,42651.99,paid,2026-03-14T19:00:00
BKG-04196,FAR-196,TR-096,Machakos,completed,Planting,14089.81,paid,2026-03-15T20:00:00
BKG-04197,FAR-197,TR-097,Nakuru,completed,Weeding,45174.88,paid,2026-03-16T21:00:00
BKG-04198,FAR-198,TR-098,Nairobi,pending,Harvesting,23654.81,pending,2026-03-17T22:00:00
BKG-04199,FAR-199,TR-099,Embu,cancelled,Soil management,52375.68,void,2026-03-18T23:00:00
BKG-04200,FAR-200,TR-100,Kiambu,completed,Land preparation,41645.23,paid,2026-03-19T00:00:00
BKG-04201,FAR-201,TR-001,Machakos,completed,Planting,10528.54,paid,2026-03-20T01:00:00
BKG-04202,FAR-202,TR-002,Nakuru,completed,Weeding,34045.95,paid,2026-03-21T02:00:00
BKG-04203,FAR-203,TR-003,Nairobi,completed,Harvesting,40873.27,paid,2026-03-22T03:00:00
BKG-04204,FAR-204,TR-004,Embu,pending,Soil management,22694.13,pending,2026-03-23T04:00:00
BKG-04205,FAR-205,TR-005,Kiambu,cancelled,Land preparation,44006.03,void,2026-03-24T05:00:00
BKG-04206,FAR-206,TR-006,Machakos,completed,Planting,44421.02,pending,2026-03-25T06:00:00
BKG-04207,FAR-207,TR-007,Nakuru,completed,Weeding,34560.44,pending,2026-03-26T07:00:00
BKG-04208,FAR-208,TR-008,Nairobi,completed,Harvesting,40454.36,pending,2026-03-27T08:00:00
BKG-04209,FAR-209,TR-009,Embu,completed,Soil management,40934.83,paid,2026-03-28T09:00:00
BKG-04210,FAR-210,TR-010,Kiambu,pending,Land preparation,32384.19,pending,2026-03-29T10:00:00
BKG-04211,FAR-211,TR-011,Machakos,cancelled,Planting,46136.38,void,2026-03-30T11:00:00
BKG-04212,FAR-212,TR-012,Nakuru,completed,Weeding,26293.72,pending,2026-03-31T12:00:00
BKG-04213,FAR-213,TR-013,Nairobi,completed,Harvesting,18691.46,paid,2026-04-01T13:00:00
BKG-04214,FAR-214,TR-014,Embu,completed,Soil management,10542.9,paid,2026-04-02T14:00:00
BKG-04215,FAR-215,TR-015,Kiambu,completed,Land preparation,45130.47,paid,2026-04-03T15:00:00
BKG-04216,FAR-216,TR-016,Machakos,pending,Planting,33724.33,pending,2026-04-04T16:00:00
BKG-04217,FAR-217,TR-017,Nakuru,cancelled,Weeding,41241.14,void,2026-04-05T17:00:00
BKG-04218,FAR-218,TR-018,Nairobi,completed,Harvesting,46731.28,paid,2026-04-06T18:00:00
BKG-04219,FAR-219,TR-019,Embu,completed,Soil management,12735.58,paid,2026-04-07T19:00:00
BKG-04220,FAR-220,TR-020,Kiambu,completed,Land preparation,40730.85,paid,2026-04-08T20:00:00
BKG-04221,FAR-221,TR-021,Machakos,completed,Planting,18469.67,paid,2026-04-09T21:00:00
BKG-04222,FAR-222,TR-022,Nakuru,pending,Weeding,12121.73,pending,2026-04-10T22:00:00
BKG-04223,FAR-223,TR-023,Nairobi,cancelled,Harvesting,21956.75,void,2026-04-11T23:00:00
BKG-04224,FAR-224,TR-024,Embu,completed,Soil management,49828.91,paid,2026-04-12T00:00:00
BKG-04225,FAR-225,TR-025,Kiambu,completed,Land preparation,32467.15,paid,2026-04-13T01:00:00
BKG-04226,FAR-226,TR-026,Machakos,completed,Planting,35665.63,paid,2026-04-14T02:00:00
BKG-04227,FAR-227,TR-027,Nakuru,completed,Weeding,11627.21,paid,2026-04-15T03:00:00
BKG-04228,FAR-228,TR-028,Nairobi,pending,Harvesting,23572.93,pending,2026-04-16T04:00:00
BKG-04229,FAR-229,TR-029,Embu,cancelled,Soil management,44420.44,void,2026-04-17T05:00:00
BKG-04230,FAR-230,TR-030,Kiambu,completed,Land preparation,45729.1,paid,2026-04-18T06:00:00
BKG-04231,FAR-231,TR-031,Machakos,completed,Planting,20368.95,paid,2026-04-19T07:00:00
BKG-04232,FAR-232,TR-032,Nakuru,completed,Weeding,29495.29,paid,2026-04-20T08:00:00
BKG-04233,FAR-233,TR-033,Nairobi,completed,Harvesting,38561.41,paid,2026-04-21T09:00:00
BKG-04234,FAR-234,TR-034,Embu,pending,Soil management,20541.64,pending,2026-04-22T10:00:00
BKG-04235,FAR-235,TR-035,Kiambu,cancelled,Land preparation,50735.9,void,2026-04-23T11:00:00
BKG-04236,FAR-236,TR-036,Machakos,completed,Planting,45723.63,paid,2026-04-24T12:00:00
BKG-04237,FAR-237,TR-037,Nakuru,completed,Weeding,50985.23,paid,2026-04-25T13:00:00
BKG-04238,FAR-238,TR-038,Nairobi,completed,Harvesting,10182.49,paid,2026-04-26T14:00:00
BKG-04239,FAR-239,TR-039,Embu,completed,Soil management,35180.92,paid,2026-04-27T15:00:00
BKG-04240,FAR-240,TR-040,Kiambu,pending,Land preparation,32402.5,pending,2026-04-28T16:00:00
BKG-04241,FAR-241,TR-041,Machakos,cancelled,Planting,11361.62,void,2026-04-29T17:00:00
BKG-04242,FAR-242,TR-042,Nakuru,completed,Weeding,32196.22,paid,2026-04-30T18:00:00
BKG-04243,FAR-243,TR-043,Nairobi,completed,Harvesting,31168.8,paid,2026-05-01T19:00:00
BKG-04244,FAR-244,TR-044,Embu,completed,Soil management,49486.61,paid,2026-05-02T20:00:00
BKG-04245,FAR-245,TR-045,Kiambu,completed,Land preparation,15483.37,paid,2026-05-03T21:00:00
BKG-04246,FAR-246,TR-046,Machakos,pending,Planting,25830.74,pending,2026-05-04T22:00:00
BKG-04247,FAR-247,TR-047,Nakuru,cancelled,Weeding,28050.71,void,2026-05-05T23:00:00
BKG-04248,FAR-248,TR-048,Nairobi,completed,Harvesting,42482.13,paid,2026-05-06T00:00:00
BKG-04249,FAR-249,TR-049,Embu,completed,Soil management,26005.47,paid,2026-05-07T01:00:00
BKG-04250,FAR-250,TR-050,Kiambu,completed,Land preparation,41483.34,paid,2026-05-08T02:00:00
BKG-04251,FAR-251,TR-051,Machakos,completed,Planting,46524.02,paid,2026-05-09T03:00:00
BKG-04252,FAR-252,TR-052,Nakuru,pending,Weeding,47636.36,pending,2026-05-10T04:00:00
BKG-04253,FAR-253,TR-053,Nairobi,cancelled,Harvesting,19113.24,void,2026-05-11T05:00:00
BKG-04254,FAR-254,TR-054,Embu,completed,Soil management,36789.71,paid,2026-05-12T06:00:00
BKG-04255,FAR-255,TR-055,Kiambu,completed,Land preparation,41122.82,paid,2026-05-13T07:00:00
BKG-04256,FAR-256,TR-056,Machakos,completed,Planting,44643.49,paid,2026-05-14T08:00:00
BKG-04257,FAR-257,TR-057,Nakuru,completed,Weeding,48381.8,paid,2026-05-15T09:00:00
BKG-04258,FAR-258,TR-058,Nairobi,pending,Harvesting,22997.42,pending,2026-05-16T10:00:00
BKG-04259,FAR-259,TR-059,Embu,cancelled,Soil management,25291.98,void,2026-05-17T11:00:00
BKG-04260,FAR-260,TR-060,Kiambu,completed,Land preparation,43841.18,paid,2026-05-18T12:00:00
BKG-04261,FAR-261,TR-061,Machakos,completed,Planting,37551.11,paid,2026-05-19T13:00:00
BKG-04262,FAR-262,TR-062,Nakuru,completed,Weeding,51788.74,pending,2026-05-20T14:00:00
BKG-04263,FAR-263,TR-063,Nairobi,completed,Harvesting,53448.14,paid,2026-05-21T15:00:00
BKG-04264,FAR-264,TR-064,Embu,pending,Soil management,21505.28,pending,2026-05-22T16:00:00
BKG-04265,FAR-265,TR-065,Kiambu,cancelled,Land preparation,11649.2,void,2026-05-23T17:00:00
BKG-04266,FAR-266,TR-066,Machakos,completed,Planting,51891.41,paid,2026-05-24T18:00:00
BKG-04267,FAR-267,TR-067,Nakuru,completed,Weeding,38097.65,paid,2026-05-25T19:00:00
BKG-04268,FAR-268,TR-068,Nairobi,completed,Harvesting,53083.0,paid,2026-05-26T20:00:00
BKG-04269,FAR-269,TR-069,Embu,completed,Soil management,39232.36,paid,2026-05-27T21:00:00
BKG-04270,FAR-270,TR-070,Kiambu,pending,Land preparation,28145.36,pending,2026-05-28T22:00:00
BKG-04271,FAR-271,TR-071,Machakos,cancelled,Planting,52705.03,void,2026-05-29T23:00:00
BKG-04272,FAR-272,TR-072,Nakuru,completed,Weeding,16351.87,paid,2026-05-30T00:00:00
BKG-04273,FAR-273,TR-073,Nairobi,completed,Harvesting,23270.61,paid,2026-05-31T01:00:00
BKG-04274,FAR-274,TR-074,Embu,completed,Soil management,23297.14,paid,2026-06-01T02:00:00
BKG-04275,FAR-275,TR-075,Kiambu,completed,Land preparation,40717.41,paid,2026-06-02T03:00:00
BKG-04276,FAR-276,TR-076,Machakos,pending,Planting,18605.62,pending,2026-06-03T04:00:00
BKG-04277,FAR-277,TR-077,Nakuru,cancelled,Weeding,28125.2,void,2026-06-04T05:00:00
BKG-04278,FAR-278,TR-078,Nairobi,completed,Harvesting,31287.63,paid,2026-06-05T06:00:00
BKG-04279,FAR-279,TR-079,Embu,completed,Soil management,41523.76,paid,2026-06-06T07:00:00
BKG-04280,FAR-280,TR-080,Kiambu,completed,Land preparation,39744.33,paid,2026-06-07T08:00:00
BKG-04281,FAR-281,TR-081,Machakos,completed,Planting,42086.4,paid,2026-06-08T09:00:00
BKG-04282,FAR-282,TR-082,Nakuru,pending,Weeding,19785.28,pending,2026-06-09T10:00:00
BKG-04283,FAR-283,TR-083,Nairobi,cancelled,Harvesting,42459.35,void,2026-06-10T11:00:00
BKG-04284,FAR-284,TR-084,Embu,completed,Soil management,22242.8,paid,2026-06-11T12:00:00
BKG-04285,FAR-285,TR-085,Kiambu,completed,Land preparation,32620.39,paid,2026-06-12T13:00:00
BKG-04286,FAR-286,TR-086,Machakos,completed,Planting,49439.23,paid,2026-06-13T14:00:00
BKG-04287,FAR-287,TR-087,Nakuru,completed,Weeding,48984.27,paid,2026-06-14T15:00:00
BKG-04288,FAR-288,TR-088,Nairobi,pending,Harvesting,18653.19,pending,2026-06-15T16:00:00
BKG-04289,FAR-289,TR-089,Embu,cancelled,Soil management,21834.93,void,2026-06-16T17:00:00
BKG-04290,FAR-290,TR-090,Kiambu,completed,Land preparation,18948.52,paid,2026-06-17T18:00:00
BKG-04291,FAR-291,TR-091,Machakos,completed,Planting,26565.92,paid,2026-06-18T19:00:00
BKG-04292,FAR-292,TR-092,Nakuru,completed,Weeding,39499.04,paid,2026-06-19T20:00:00
BKG-04293,FAR-293,TR-093,Nairobi,completed,Harvesting,30629.22,paid,2026-06-20T21:00:00
BKG-04294,FAR-294,TR-094,Embu,pending,Soil management,12199.49,pending,2026-06-21T22:00:00
BKG-04295,FAR-295,TR-095,Kiambu,cancelled,Land preparation,34353.47,void,2026-06-22T23:00:00
BKG-04296,FAR-296,TR-096,Machakos,completed,Planting,23235.22,pending,2026-06-23T00:00:00
BKG-04297,FAR-297,TR-097,Nakuru,completed,Weeding,24771.37,paid,2026-06-24T01:00:00
BKG-04298,FAR-298,TR-098,Nairobi,completed,Harvesting,50969.3,paid,2026-06-25T02:00:00
BKG-04299,FAR-299,TR-099,Embu,completed,Soil management,20035.7,paid,2026-06-26T03:00:00
BKG-04300,FAR-300,TR-100,Kiambu,pending,Land preparation,35983.52,pending,2026-06-27T04:00:00
BKG-04301,FAR-301,TR-001,Machakos,cancelled,Planting,52346.89,void,2026-06-28T05:00:00
BKG-04302,FAR-302,TR-002,Nakuru,completed,Weeding,14986.13,paid,2026-06-29T06:00:00
BKG-04303,FAR-303,TR-003,Nairobi,completed,Harvesting,40377.37,paid,2026-06-30T07:00:00
BKG-04304,FAR-304,TR-004,Embu,completed,Soil management,49749.27,paid,2026-07-01T08:00:00
BKG-04305,FAR-305,TR-005,Kiambu,completed,Land preparation,33251.5,paid,2026-07-02T09:00:00
BKG-04306,FAR-306,TR-006,Machakos,pending,Planting,44106.73,pending,2026-07-03T10:00:00
BKG-04307,FAR-307,TR-007,Nakuru,cancelled,Weeding,31785.54,void,2026-07-04T11:00:00
BKG-04308,FAR-308,TR-008,Nairobi,completed,Harvesting,13574.78,paid,2026-07-05T12:00:00
BKG-04309,FAR-309,TR-009,Embu,completed,Soil management,34741.81,paid,2026-07-06T13:00:00
BKG-04310,FAR-310,TR-010,Kiambu,completed,Land preparation,43016.39,pending,2026-07-07T14:00:00
BKG-04311,FAR-311,TR-011,Machakos,completed,Planting,51156.28,paid,2026-07-08T15:00:00
BKG-04312,FAR-312,TR-012,Nakuru,pending,Weeding,22907.91,pending,2026-07-09T16:00:00
BKG-04313,FAR-313,TR-013,Nairobi,cancelled,Harvesting,31426.16,void,2026-07-10T17:00:00
BKG-04314,FAR-314,TR-014,Embu,completed,Soil management,35622.34,paid,2026-07-11T18:00:00
BKG-04315,FAR-315,TR-015,Kiambu,completed,Land preparation,44959.45,paid,2026-07-12T19:00:00
BKG-04316,FAR-316,TR-016,Machakos,completed,Planting,29638.3,paid,2026-07-13T20:00:00
BKG-04317,FAR-317,TR-017,Nakuru,completed,Weeding,36849.33,paid,2026-07-14T21:00:00
BKG-04318,FAR-318,TR-018,Nairobi,pending,Harvesting,51614.03,pending,2026-07-15T22:00:00
BKG-04319,FAR-319,TR-019,Embu,cancelled,Soil management,20582.57,void,2026-07-16T23:00:00
BKG-04320,FAR-320,TR-020,Kiambu,completed,Land preparation,18459.36,paid,2026-07-17T00:00:00
BKG-04321,FAR-321,TR-021,Machakos,completed,Planting,17741.19,paid,2026-07-18T01:00:00
BKG-04322,FAR-322,TR-022,Nakuru,completed,Weeding,48679.05,paid,2026-07-19T02:00:00
BKG-04323,FAR-323,TR-023,Nairobi,completed,Harvesting,13896.48,paid,2026-07-20T03:00:00
BKG-04324,FAR-324,TR-024,Embu,pending,Soil management,43958.31,pending,2026-07-21T04:00:00
BKG-04325,FAR-325,TR-025,Kiambu,cancelled,Land preparation,44907.18,void,2026-07-22T05:00:00
BKG-04326,FAR-326,TR-026,Machakos,completed,Planting,14029.91,pending,2026-07-23T06:00:00
BKG-04327,FAR-327,TR-027,Nakuru,completed,Weeding,34820.39,paid,2026-07-24T07:00:00
BKG-04328,FAR-328,TR-028,Nairobi,completed,Harvesting,14887.58,paid,2026-07-25T08:00:00
BKG-04329,FAR-329,TR-029,Embu,completed,Soil management,47286.3,paid,2026-07-26T09:00:00
BKG-04330,FAR-330,TR-030,Kiambu,pending,Land preparation,10876.25,pending,2026-07-27T10:00:00
BKG-04331,FAR-331,TR-031,Machakos,cancelled,Planting,48400.16,void,2026-07-28T11:00:00
BKG-04332,FAR-332,TR-032,Nakuru,completed,Weeding,23021.21,paid,2026-07-29T12:00:00
BKG-04333,FAR-333,TR-033,Nairobi,completed,Harvesting,27414.92,paid,2026-07-30T13:00:00
BKG-04334,FAR-334,TR-034,Embu,completed,Soil management,40777.5,paid,2026-07-31T14:00:00
BKG-04335,FAR-335,TR-035,Kiambu,completed,Land preparation,27162.38,paid,2026-08-01T15:00:00
BKG-04336,FAR-336,TR-036,Machakos,pending,Planting,42839.62,pending,2026-08-02T16:00:00
BKG-04337,FAR-337,TR-037,Nakuru,cancelled,Weeding,15185.72,void,2026-08-03T17:00:00
BKG-04338,FAR-338,TR-038,Nairobi,completed,Harvesting,50462.68,paid,2026-08-04T18:00:00
BKG-04339,FAR-339,TR-039,Embu,completed,Soil management,41985.67,pending,2026-08-05T19:00:00
BKG-04340,FAR-340,TR-040,Kiambu,completed,Land preparation,48541.31,paid,2026-08-06T20:00:00
BKG-04341,FAR-341,TR-041,Machakos,completed,Planting,36687.41,paid,2026-08-07T21:00:00
BKG-04342,FAR-342,TR-042,Nakuru,pending,Weeding,26113.61,pending,2026-08-08T22:00:00
BKG-04343,FAR-343,TR-043,Nairobi,cancelled,Harvesting,11815.6,void,2026-08-09T23:00:00
BKG-04344,FAR-344,TR-044,Embu,completed,Soil management,33282.89,paid,2026-08-10T00:00:00
BKG-04345,FAR-345,TR-045,Kiambu,completed,Land preparation,35496.43,paid,2026-08-11T01:00:00
BKG-04346,FAR-346,TR-046,Machakos,completed,Planting,11051.01,paid,2026-08-12T02:00:00
BKG-04347,FAR-347,TR-047,Nakuru,completed,Weeding,38117.63,paid,2026-08-13T03:00:00
BKG-04348,FAR-348,TR-048,Nairobi,pending,Harvesting,9595.83,pending,2026-08-14T04:00:00
BKG-04349,FAR-349,TR-049,Embu,cancelled,Soil management,15148.08,void,2026-08-15T05:00:00
BKG-04350,FAR-350,TR-050,Kiambu,completed,Land preparation,44459.91,paid,2026-08-16T06:00:00
BKG-04351,FAR-351,TR-051,Machakos,completed,Planting,26054.46,pending,2026-08-17T07:00:00
BKG-04352,FAR-352,TR-052,Nakuru,completed,Weeding,16067.6,paid,2026-08-18T08:00:00
BKG-04353,FAR-353,TR-053,Nairobi,completed,Harvesting,17302.28,paid,2026-08-19T09:00:00
BKG-04354,FAR-354,TR-054,Embu,pending,Soil management,20045.63,pending,2026-08-20T10:00:00
BKG-04355,FAR-355,TR-055,Kiambu,cancelled,Land preparation,43985.68,void,2026-08-21T11:00:00
BKG-04356,FAR-356,TR-056,Machakos,completed,Planting,13979.58,pending,2026-08-22T12:00:00
BKG-04357,FAR-357,TR-057,Nakuru,completed,Weeding,37174.22,pending,2026-08-23T13:00:00
BKG-04358,FAR-358,TR-058,Nairobi,completed,Harvesting,32572.93,paid,2026-08-24T14:00:00
BKG-04359,FAR-359,TR-059,Embu,completed,Soil management,14617.96,paid,2026-08-25T15:00:00
BKG-04360,FAR-360,TR-060,Kiambu,pending,Land preparation,53673.49,pending,2026-08-26T16:00:00
BKG-04361,FAR-361,TR-061,Machakos,cancelled,Planting,17001.23,void,2026-08-27T17:00:00
BKG-04362,FAR-362,TR-062,Nakuru,completed,Weeding,27005.54,paid,2026-08-28T18:00:00
BKG-04363,FAR-363,TR-063,Nairobi,completed,Harvesting,30311.19,paid,2026-08-29T19:00:00
BKG-04364,FAR-364,TR-064,Embu,completed,Soil management,38523.99,paid,2026-08-30T20:00:00
BKG-04365,FAR-365,TR-065,Kiambu,completed,Land preparation,17665.42,paid,2026-08-31T21:00:00
BKG-04366,FAR-366,TR-066,Machakos,pending,Planting,32094.03,pending,2026-09-01T22:00:00
BKG-04367,FAR-367,TR-067,Nakuru,cancelled,Weeding,16411.4,void,2026-09-02T23:00:00
BKG-04368,FAR-368,TR-068,Nairobi,completed,Harvesting,51848.51,paid,2026-09-03T00:00:00
BKG-04369,FAR-369,TR-069,Embu,completed,Soil management,22966.69,paid,2026-09-04T01:00:00
BKG-04370,FAR-370,TR-070,Kiambu,completed,Land preparation,11393.53,paid,2026-09-05T02:00:00
BKG-04371,FAR-371,TR-071,Machakos,completed,Planting,11749.15,paid,2026-09-06T03:00:00
BKG-04372,FAR-372,TR-072,Nakuru,pending,Weeding,28459.05,pending,2026-09-07T04:00:00
BKG-04373,FAR-373,TR-073,Nairobi,cancelled,Harvesting,21001.08,void,2026-09-08T05:00:00
BKG-04374,FAR-374,TR-074,Embu,completed,Soil management,49480.51,paid,2026-09-09T06:00:00
BKG-04375,FAR-375,TR-075,Kiambu,completed,Land preparation,38798.93,paid,2026-09-10T07:00:00
BKG-04376,FAR-376,TR-076,Machakos,completed,Planting,36934.78,paid,2026-09-11T08:00:00
BKG-04377,FAR-377,TR-077,Nakuru,completed,Weeding,32450.23,paid,2026-09-12T09:00:00
BKG-04378,FAR-378,TR-078,Nairobi,pending,Harvesting,34623.22,pending,2026-09-13T10:00:00
BKG-04379,FAR-379,TR-079,Embu,cancelled,Soil management,44831.41,void,2026-09-14T11:00:00
BKG-04380,FAR-380,TR-080,Kiambu,completed,Land preparation,9231.55,paid,2025-09-15T12:00:00
BKG-04381,FAR-381,TR-081,Machakos,completed,Planting,13837.33,paid,2025-09-16T13:00:00
BKG-04382,FAR-382,TR-082,Nakuru,completed,Weeding,22056.25,paid,2025-09-17T14:00:00
BKG-04383,FAR-383,TR-083,Nairobi,completed,Harvesting,26818.54,paid,2025-09-18T15:00:00
BKG-04384,FAR-384,TR-084,Embu,pending,Soil management,11289.24,pending,2025-09-19T16:00:00
BKG-04385,FAR-385,TR-085,Kiambu,cancelled,Land preparation,24908.27,void,2025-09-20T17:00:00
BKG-04386,FAR-386,TR-086,Machakos,completed,Planting,17724.88,pending,2025-09-21T18:00:00
BKG-04387,FAR-387,TR-087,Nakuru,completed,Weeding,49277.98,paid,2025-09-22T19:00:00
BKG-04388,FAR-388,TR-088,Nairobi,completed,Harvesting,40076.46,paid,2025-09-23T20:00:00
BKG-04389,FAR-389,TR-089,Embu,completed,Soil management,34364.13,paid,2025-09-24T21:00:00
BKG-04390,FAR-390,TR-090,Kiambu,pending,Land preparation,41856.71,pending,2025-09-25T22:00:00
BKG-04391,FAR-391,TR-091,Machakos,cancelled,Planting,41582.73,void,2025-09-26T23:00:00
BKG-04392,FAR-392,TR-092,Nakuru,completed,Weeding,21552.65,paid,2025-09-27T00:00:00
BKG-04393,FAR-393,TR-093,Nairobi,completed,Harvesting,49933.95,paid,2025-09-28T01:00:00
BKG-04394,FAR-394,TR-094,Embu,completed,Soil management,26573.78,paid,2025-09-29T02:00:00
BKG-04395,FAR-395,TR-095,Kiambu,completed,Land preparation,37773.16,paid,2025-09-30T03:00:00
BKG-04396,FAR-396,TR-096,Machakos,pending,Planting,33842.8,pending,2025-10-01T04:00:00
BKG-04397,FAR-397,TR-097,Nakuru,cancelled,Weeding,23683.64,void,2025-10-02T05:00:00
BKG-04398,FAR-398,TR-098,Nairobi,completed,Harvesting,24497.65,paid,2025-10-03T06:00:00
BKG-04399,FAR-399,TR-099,Embu,completed,Soil management,41114.44,paid,2025-10-04T07:00:00
BKG-04400,FAR-400,TR-100,Kiambu,completed,Land preparation,30422.65,paid,2025-10-05T08:00:00
BKG-04401,FAR-401,TR-001,Machakos,completed,Planting,15839.67,paid,2025-10-06T09:00:00
BKG-04402,FAR-402,TR-002,Nakuru,pending,Weeding,12114.31,pending,2025-10-07T10:00:00
BKG-04403,FAR-403,TR-003,Nairobi,cancelled,Harvesting,18978.77,void,2025-10-08T11:00:00
BKG-04404,FAR-404,TR-004,Embu,completed,Soil management,12858.14,paid,2025-10-09T12:00:00
BKG-04405,FAR-405,TR-005,Kiambu,completed,Land preparation,36895.98,paid,2025-10-10T13:00:00
BKG-04406,FAR-406,TR-006,Machakos,completed,Planting,31256.35,paid,2025-10-11T14:00:00
BKG-04407,FAR-407,TR-007,Nakuru,completed,Weeding,22529.8,paid,2025-10-12T15:00:00
BKG-04408,FAR-408,TR-008,Nairobi,pending,Harvesting,44569.3,pending,2025-10-13T16:00:00
BKG-04409,FAR-409,TR-009,Embu,cancelled,Soil management,50030.18,void,2025-10-14T17:00:00
BKG-04410,FAR-410,TR-010,Kiambu,completed,Land preparation,43533.65,paid,2025-10-15T18:00:00
BKG-04411,FAR-411,TR-011,Machakos,completed,Planting,49445.44,paid,2025-10-16T19:00:00
BKG-04412,FAR-412,TR-012,Nakuru,completed,Weeding,32254.26,paid,2025-10-17T20:00:00
BKG-04413,FAR-413,TR-013,Nairobi,completed,Harvesting,30970.64,paid,2025-10-18T21:00:00
BKG-04414,FAR-414,TR-014,Embu,pending,Soil management,39337.39,pending,2025-10-19T22:00:00
BKG-04415,FAR-415,TR-015,Kiambu,cancelled,Land preparation,25413.07,void,2025-10-20T23:00:00
BKG-04416,FAR-416,TR-016,Machakos,completed,Planting,53027.82,paid,2025-10-21T00:00:00
BKG-04417,FAR-417,TR-017,Nakuru,completed,Weeding,37612.75,paid,2025-10-22T01:00:00
BKG-04418,FAR-418,TR-018,Nairobi,completed,Harvesting,12704.09,paid,2025-10-23T02:00:00
BKG-04419,FAR-419,TR-019,Embu,completed,Soil management,36570.08,paid,2025-10-24T03:00:00
BKG-04420,FAR-420,TR-020,Kiambu,pending,Land preparation,16611.42,pending,2025-10-25T04:00:00
BKG-04421,FAR-421,TR-021,Machakos,cancelled,Planting,19265.09,void,2025-10-26T05:00:00
BKG-04422,FAR-422,TR-022,Nakuru,completed,Weeding,18449.08,paid,2025-10-27T06:00:00
BKG-04423,FAR-423,TR-023,Nairobi,completed,Harvesting,32613.91,paid,2025-10-28T07:00:00
BKG-04424,FAR-424,TR-024,Embu,completed,Soil management,28636.71,paid,2025-10-29T08:00:00
BKG-04425,FAR-425,TR-025,Kiambu,completed,Land preparation,19682.16,paid,2025-10-30T09:00:00
BKG-04426,FAR-426,TR-026,Machakos,pending,Planting,23323.76,pending,2025-10-31T10:00:00
BKG-04427,FAR-427,TR-027,Nakuru,cancelled,Weeding,19287.19,void,2025-11-01T11:00:00
BKG-04428,FAR-428,TR-028,Nairobi,completed,Harvesting,46096.46,paid,2025-11-02T12:00:00
BKG-04429,FAR-429,TR-029,Embu,completed,Soil management,45438.62,pending,2025-11-03T13:00:00
BKG-04430,FAR-430,TR-030,Kiambu,completed,Land preparation,10180.71,paid,2025-11-04T14:00:00
BKG-04431,FAR-431,TR-031,Machakos,completed,Planting,50173.89,paid,2025-11-05T15:00:00
BKG-04432,FAR-432,TR-032,Nakuru,pending,Weeding,47417.95,pending,2025-11-06T16:00:00
BKG-04433,FAR-433,TR-033,Nairobi,cancelled,Harvesting,14589.63,void,2025-11-07T17:00:00
BKG-04434,FAR-434,TR-034,Embu,completed,Soil management,30405.74,paid,2025-11-08T18:00:00
BKG-04435,FAR-435,TR-035,Kiambu,completed,Land preparation,38352.16,paid,2025-11-09T19:00:00
BKG-04436,FAR-436,TR-036,Machakos,completed,Planting,17269.38,paid,2025-11-10T20:00:00
BKG-04437,FAR-437,TR-037,Nakuru,completed,Weeding,12532.31,paid,2025-11-11T21:00:00
BKG-04438,FAR-438,TR-038,Nairobi,pending,Harvesting,19322.03,pending,2025-11-12T22:00:00
BKG-04439,FAR-439,TR-039,Embu,cancelled,Soil management,36330.44,void,2025-11-13T23:00:00
BKG-04440,FAR-440,TR-040,Kiambu,completed,Land preparation,53346.5,paid,2025-11-14T00:00:00
BKG-04441,FAR-441,TR-041,Machakos,completed,Planting,39310.04,paid,2025-11-15T01:00:00
BKG-04442,FAR-442,TR-042,Nakuru,completed,Weeding,19982.53,paid,2025-11-16T02:00:00
BKG-04443,FAR-443,TR-043,Nairobi,completed,Harvesting,19075.98,paid,2025-11-17T03:00:00
BKG-04444,FAR-444,TR-044,Embu,pending,Soil management,29902.15,pending,2025-11-18T04:00:00
BKG-04445,FAR-445,TR-045,Kiambu,cancelled,Land preparation,13800.34,void,2025-11-19T05:00:00
BKG-04446,FAR-446,TR-046,Machakos,completed,Planting,15806.82,paid,2025-11-20T06:00:00
BKG-04447,FAR-447,TR-047,Nakuru,completed,Weeding,18418.07,pending,2025-11-21T07:00:00
BKG-04448,FAR-448,TR-048,Nairobi,completed,Harvesting,16770.91,paid,2025-11-22T08:00:00
BKG-04449,FAR-449,TR-049,Embu,completed,Soil management,44662.28,paid,2025-11-23T09:00:00
BKG-04450,FAR-450,TR-050,Kiambu,pending,Land preparation,23188.99,pending,2025-11-24T10:00:00
BKG-04451,FAR-451,TR-051,Machakos,cancelled,Planting,48036.01,void,2025-11-25T11:00:00
BKG-04452,FAR-452,TR-052,Nakuru,completed,Weeding,40037.72,paid,2025-11-26T12:00:00
BKG-04453,FAR-453,TR-053,Nairobi,completed,Harvesting,42431.57,paid,2025-11-27T13:00:00
BKG-04454,FAR-454,TR-054,Embu,completed,Soil management,26158.12,paid,2025-11-28T14:00:00
BKG-04455,FAR-455,TR-055,Kiambu,completed,Land preparation,11141.64,paid,2025-11-29T15:00:00
BKG-04456,FAR-456,TR-056,Machakos,pending,Planting,51889.67,pending,2025-11-30T16:00:00
BKG-04457,FAR-457,TR-057,Nakuru,cancelled,Weeding,31301.43,void,2025-12-01T17:00:00
BKG-04458,FAR-458,TR-058,Nairobi,completed,Harvesting,39128.66,paid,2025-12-02T18:00:00
BKG-04459,FAR-459,TR-059,Embu,completed,Soil management,9075.52,paid,2025-12-03T19:00:00
BKG-04460,FAR-460,TR-060,Kiambu,completed,Land preparation,31167.5,paid,2025-12-04T20:00:00
BKG-04461,FAR-461,TR-061,Machakos,completed,Planting,32551.49,paid,2025-12-05T21:00:00
BKG-04462,FAR-462,TR-062,Nakuru,pending,Weeding,50841.86,pending,2025-12-06T22:00:00
BKG-04463,FAR-463,TR-063,Nairobi,cancelled,Harvesting,14153.91,void,2025-12-07T23:00:00
BKG-04464,FAR-464,TR-064,Embu,completed,Soil management,29231.39,paid,2025-12-08T00:00:00
BKG-04465,FAR-465,TR-065,Kiambu,completed,Land preparation,25304.19,paid,2025-12-09T01:00:00
BKG-04466,FAR-466,TR-066,Machakos,completed,Planting,16807.2,paid,2025-12-10T02:00:00
BKG-04467,FAR-467,TR-067,Nakuru,completed,Weeding,48856.83,paid,2025-12-11T03:00:00
BKG-04468,FAR-468,TR-068,Nairobi,pending,Harvesting,13891.11,pending,2025-12-12T04:00:00
BKG-04469,FAR-469,TR-069,Embu,cancelled,Soil management,23855.57,void,2025-12-13T05:00:00
BKG-04470,FAR-470,TR-070,Kiambu,completed,Land preparation,36914.92,paid,2025-12-14T06:00:00
BKG-04471,FAR-471,TR-071,Machakos,completed,Planting,9585.69,paid,2025-12-15T07:00:00
BKG-04472,FAR-472,TR-072,Nakuru,completed,Weeding,40384.95,paid,2025-12-16T08:00:00
BKG-04473,FAR-473,TR-073,Nairobi,completed,Harvesting,36856.39,paid,2025-12-17T09:00:00
BKG-04474,FAR-474,TR-074,Embu,pending,Soil management,14801.64,pending,2025-12-18T10:00:00
BKG-04475,FAR-475,TR-075,Kiambu,cancelled,Land preparation,35035.34,void,2025-12-19T11:00:00
BKG-04476,FAR-476,TR-076,Machakos,completed,Planting,47182.71,paid,2025-12-20T12:00:00
BKG-04477,FAR-477,TR-077,Nakuru,completed,Weeding,9546.29,paid,2025-12-21T13:00:00
BKG-04478,FAR-478,TR-078,Nairobi,completed,Harvesting,9827.11,pending,2025-12-22T14:00:00
BKG-04479,FAR-479,TR-079,Embu,completed,Soil management,22880.19,paid,2025-12-23T15:00:00
BKG-04480,FAR-480,TR-080,Kiambu,pending,Land preparation,27887.41,pending,2025-12-24T16:00:00
BKG-04481,FAR-481,TR-081,Machakos,cancelled,Planting,14463.79,void,2025-12-25T17:00:00
BKG-04482,FAR-482,TR-082,Nakuru,completed,Weeding,23019.64,paid,2025-12-26T18:00:00
BKG-04483,FAR-483,TR-083,Nairobi,completed,Harvesting,40441.27,paid,2025-12-27T19:00:00
BKG-04484,FAR-484,TR-084,Embu,completed,Soil management,18248.39,pending,2025-12-28T20:00:00
BKG-04485,FAR-485,TR-085,Kiambu,completed,Land preparation,39500.72,paid,2025-12-29T21:00:00
BKG-04486,FAR-486,TR-086,Machakos,pending,Planting,19237.74,pending,2025-12-30T22:00:00
BKG-04487,FAR-487,TR-087,Nakuru,cancelled,Weeding,13700.15,void,2025-12-31T23:00:00
BKG-04488,FAR-488,TR-088,Nairobi,completed,Harvesting,18198.92,paid,2026-01-01T00:00:00
BKG-04489,FAR-489,TR-089,Embu,completed,Soil management,21204.21,paid,2026-01-02T01:00:00
BKG-04490,FAR-490,TR-090,Kiambu,completed,Land preparation,46752.81,paid,2026-01-03T02:00:00
BKG-04491,FAR-491,TR-091,Machakos,completed,Planting,15465.71,paid,2026-01-04T03:00:00
BKG-04492,FAR-492,TR-092,Nakuru,pending,Weeding,49634.35,pending,2026-01-05T04:00:00
BKG-04493,FAR-493,TR-093,Nairobi,cancelled,Harvesting,10587.22,void,2026-01-06T05:00:00
BKG-04494,FAR-494,TR-094,Embu,completed,Soil management,47730.93,paid,2026-01-07T06:00:00
BKG-04495,FAR-495,TR-095,Kiambu,completed,Land preparation,16726.84,paid,2026-01-08T07:00:00
BKG-04496,FAR-496,TR-096,Machakos,completed,Planting,33592.51,pending,2026-01-09T08:00:00
BKG-04497,FAR-497,TR-097,Nakuru,completed,Weeding,52724.9,paid,2026-01-10T09:00:00
BKG-04498,FAR-498,TR-098,Nairobi,pending,Harvesting,47647.28,pending,2026-01-11T10:00:00
BKG-04499,FAR-499,TR-099,Embu,cancelled,Soil management,20387.58,void,2026-01-12T11:00:00
BKG-04500,FAR-500,TR-100,Kiambu,completed,Land preparation,31608.1,paid,2026-01-13T12:00:00
BKG-04501,FAR-001,TR-001,Machakos,completed,Planting,41630.14,paid,2026-01-14T13:00:00
BKG-04502,FAR-002,TR-002,Nakuru,completed,Weeding,18559.79,paid,2026-01-15T14:00:00
BKG-04503,FAR-003,TR-003,Nairobi,completed,Harvesting,45491.71,paid,2026-01-16T15:00:00
BKG-04504,FAR-004,TR-004,Embu,pending,Soil management,31771.72,pending,2026-01-17T16:00:00
BKG-04505,FAR-005,TR-005,Kiambu,cancelled,Land preparation,30626.17,void,2026-01-18T17:00:00
BKG-04506,FAR-006,TR-006,Machakos,completed,Planting,28912.11,paid,2026-01-19T18:00:00
BKG-04507,FAR-007,TR-007,Nakuru,completed,Weeding,40047.28,paid,2026-01-20T19:00:00
BKG-04508,FAR-008,TR-008,Nairobi,completed,Harvesting,23638.7,pending,2026-01-21T20:00:00
BKG-04509,FAR-009,TR-009,Embu,completed,Soil management,49382.81,paid,2026-01-22T21:00:00
BKG-04510,FAR-010,TR-010,Kiambu,pending,Land preparation,24964.46,pending,2026-01-23T22:00:00
BKG-04511,FAR-011,TR-011,Machakos,cancelled,Planting,26411.05,void,2026-01-24T23:00:00
BKG-04512,FAR-012,TR-012,Nakuru,completed,Weeding,50158.92,paid,2026-01-25T00:00:00
BKG-04513,FAR-013,TR-013,Nairobi,completed,Harvesting,16223.07,pending,2026-01-26T01:00:00
BKG-04514,FAR-014,TR-014,Embu,completed,Soil management,48051.15,paid,2026-01-27T02:00:00
BKG-04515,FAR-015,TR-015,Kiambu,completed,Land preparation,31796.75,paid,2026-01-28T03:00:00
BKG-04516,FAR-016,TR-016,Machakos,pending,Planting,15081.42,pending,2026-01-29T04:00:00
BKG-04517,FAR-017,TR-017,Nakuru,cancelled,Weeding,50114.17,void,2026-01-30T05:00:00
BKG-04518,FAR-018,TR-018,Nairobi,completed,Harvesting,20611.81,paid,2026-01-31T06:00:00
BKG-04519,FAR-019,TR-019,Embu,completed,Soil management,10841.84,paid,2026-02-01T07:00:00
BKG-04520,FAR-020,TR-020,Kiambu,completed,Land preparation,26900.22,paid,2026-02-02T08:00:00
BKG-04521,FAR-021,TR-021,Machakos,completed,Planting,13567.53,paid,2026-02-03T09:00:00
BKG-04522,FAR-022,TR-022,Nakuru,pending,Weeding,29509.9,pending,2026-02-04T10:00:00
BKG-04523,FAR-023,TR-023,Nairobi,cancelled,Harvesting,52004.35,void,2026-02-05T11:00:00
BKG-04524,FAR-024,TR-024,Embu,completed,Soil management,18301.51,paid,2026-02-06T12:00:00
BKG-04525,FAR-025,TR-025,Kiambu,completed,Land preparation,22238.77,paid,2026-02-07T13:00:00
BKG-04526,FAR-026,TR-026,Machakos,completed,Planting,30485.48,paid,2026-02-08T14:00:00
BKG-04527,FAR-027,TR-027,Nakuru,completed,Weeding,38975.18,paid,2026-02-09T15:00:00
BKG-04528,FAR-028,TR-028,Nairobi,pending,Harvesting,13219.18,pending,2026-02-10T16:00:00
BKG-04529,FAR-029,TR-029,Embu,cancelled,Soil management,22330.88,void,2026-02-11T17:00:00
BKG-04530,FAR-030,TR-030,Kiambu,completed,Land preparation,53190.6,paid,2026-02-12T18:00:00
BKG-04531,FAR-031,TR-031,Machakos,completed,Planting,17778.05,paid,2026-02-13T19:00:00
BKG-04532,FAR-032,TR-032,Nakuru,completed,Weeding,21990.68,paid,2026-02-14T20:00:00
BKG-04533,FAR-033,TR-033,Nairobi,completed,Harvesting,27366.56,pending,2026-02-15T21:00:00
BKG-04534,FAR-034,TR-034,Embu,pending,Soil management,31573.95,pending,2026-02-16T22:00:00
BKG-04535,FAR-035,TR-035,Kiambu,cancelled,Land preparation,48937.02,void,2026-02-17T23:00:00
BKG-04536,FAR-036,TR-036,Machakos,completed,Planting,10187.91,paid,2026-02-18T00:00:00
BKG-04537,FAR-037,TR-037,Nakuru,completed,Weeding,30257.62,paid,2026-02-19T01:00:00
BKG-04538,FAR-038,TR-038,Nairobi,completed,Harvesting,14652.96,paid,2026-02-20T02:00:00
BKG-04539,FAR-039,TR-039,Embu,completed,Soil management,23007.5,paid,2026-02-21T03:00:00
BKG-04540,FAR-040,TR-040,Kiambu,pending,Land preparation,11790.84,pending,2026-02-22T04:00:00
BKG-04541,FAR-041,TR-041,Machakos,cancelled,Planting,25687.36,void,2026-02-23T05:00:00
BKG-04542,FAR-042,TR-042,Nakuru,completed,Weeding,43144.13,pending,2026-02-24T06:00:00
BKG-04543,FAR-043,TR-043,Nairobi,completed,Harvesting,45051.36,pending,2026-02-25T07:00:00
BKG-04544,FAR-044,TR-044,Embu,completed,Soil management,33744.62,paid,2026-02-26T08:00:00
BKG-04545,FAR-045,TR-045,Kiambu,completed,Land preparation,17559.13,paid,2026-02-27T09:00:00
BKG-04546,FAR-046,TR-046,Machakos,pending,Planting,41136.67,pending,2026-02-28T10:00:00
BKG-04547,FAR-047,TR-047,Nakuru,cancelled,Weeding,49786.27,void,2026-03-01T11:00:00
BKG-04548,FAR-048,TR-048,Nairobi,completed,Harvesting,26488.48,paid,2026-03-02T12:00:00
BKG-04549,FAR-049,TR-049,Embu,completed,Soil management,23502.49,paid,2026-03-03T13:00:00
BKG-04550,FAR-050,TR-050,Kiambu,completed,Land preparation,12522.77,paid,2026-03-04T14:00:00
BKG-04551,FAR-051,TR-051,Machakos,completed,Planting,50395.08,paid,2026-03-05T15:00:00
BKG-04552,FAR-052,TR-052,Nakuru,pending,Weeding,12835.15,pending,2026-03-06T16:00:00
BKG-04553,FAR-053,TR-053,Nairobi,cancelled,Harvesting,51977.25,void,2026-03-07T17:00:00
BKG-04554,FAR-054,TR-054,Embu,completed,Soil management,39507.39,paid,2026-03-08T18:00:00
BKG-04555,FAR-055,TR-055,Kiambu,completed,Land preparation,51752.35,pending,2026-03-09T19:00:00
BKG-04556,FAR-056,TR-056,Machakos,completed,Planting,37756.85,paid,2026-03-10T20:00:00
BKG-04557,FAR-057,TR-057,Nakuru,completed,Weeding,14610.72,paid,2026-03-11T21:00:00
BKG-04558,FAR-058,TR-058,Nairobi,pending,Harvesting,25256.08,pending,2026-03-12T22:00:00
BKG-04559,FAR-059,TR-059,Embu,cancelled,Soil management,12611.67,void,2026-03-13T23:00:00
BKG-04560,FAR-060,TR-060,Kiambu,completed,Land preparation,42644.34,paid,2026-03-14T00:00:00
BKG-04561,FAR-061,TR-061,Machakos,completed,Planting,15481.66,paid,2026-03-15T01:00:00
BKG-04562,FAR-062,TR-062,Nakuru,completed,Weeding,35253.65,paid,2026-03-16T02:00:00
BKG-04563,FAR-063,TR-063,Nairobi,completed,Harvesting,37637.01,paid,2026-03-17T03:00:00
BKG-04564,FAR-064,TR-064,Embu,pending,Soil management,27051.78,pending,2026-03-18T04:00:00
BKG-04565,FAR-065,TR-065,Kiambu,cancelled,Land preparation,19440.23,void,2026-03-19T05:00:00
BKG-04566,FAR-066,TR-066,Machakos,completed,Planting,12734.75,paid,2026-03-20T06:00:00
BKG-04567,FAR-067,TR-067,Nakuru,completed,Weeding,38407.11,paid,2026-03-21T07:00:00
BKG-04568,FAR-068,TR-068,Nairobi,completed,Harvesting,49794.52,paid,2026-03-22T08:00:00
BKG-04569,FAR-069,TR-069,Embu,completed,Soil management,20305.6,paid,2026-03-23T09:00:00
BKG-04570,FAR-070,TR-070,Kiambu,pending,Land preparation,32543.95,pending,2026-03-24T10:00:00
BKG-04571,FAR-071,TR-071,Machakos,cancelled,Planting,14478.07,void,2026-03-25T11:00:00
BKG-04572,FAR-072,TR-072,Nakuru,completed,Weeding,39509.7,paid,2026-03-26T12:00:00
BKG-04573,FAR-073,TR-073,Nairobi,completed,Harvesting,35355.53,paid,2026-03-27T13:00:00
BKG-04574,FAR-074,TR-074,Embu,completed,Soil management,53283.7,paid,2026-03-28T14:00:00
BKG-04575,FAR-075,TR-075,Kiambu,completed,Land preparation,29020.75,paid,2026-03-29T15:00:00
BKG-04576,FAR-076,TR-076,Machakos,pending,Planting,43178.08,pending,2026-03-30T16:00:00
BKG-04577,FAR-077,TR-077,Nakuru,cancelled,Weeding,35063.31,void,2026-03-31T17:00:00
BKG-04578,FAR-078,TR-078,Nairobi,completed,Harvesting,32282.57,paid,2026-04-01T18:00:00
BKG-04579,FAR-079,TR-079,Embu,completed,Soil management,17645.95,paid,2026-04-02T19:00:00
BKG-04580,FAR-080,TR-080,Kiambu,completed,Land preparation,29205.25,paid,2026-04-03T20:00:00
BKG-04581,FAR-081,TR-081,Machakos,completed,Planting,42442.25,paid,2026-04-04T21:00:00
BKG-04582,FAR-082,TR-082,Nakuru,pending,Weeding,11617.12,pending,2026-04-05T22:00:00
BKG-04583,FAR-083,TR-083,Nairobi,cancelled,Harvesting,48783.76,void,2026-04-06T23:00:00
BKG-04584,FAR-084,TR-084,Embu,completed,Soil management,26218.96,paid,2026-04-07T00:00:00
BKG-04585,FAR-085,TR-085,Kiambu,completed,Land preparation,44575.34,paid,2026-04-08T01:00:00
BKG-04586,FAR-086,TR-086,Machakos,completed,Planting,41702.79,paid,2026-04-09T02:00:00
BKG-04587,FAR-087,TR-087,Nakuru,completed,Weeding,48351.97,paid,2026-04-10T03:00:00
BKG-04588,FAR-088,TR-088,Nairobi,pending,Harvesting,31873.89,pending,2026-04-11T04:00:00
BKG-04589,FAR-089,TR-089,Embu,cancelled,Soil management,42602.67,void,2026-04-12T05:00:00
BKG-04590,FAR-090,TR-090,Kiambu,completed,Land preparation,38350.56,paid,2026-04-13T06:00:00
BKG-04591,FAR-091,TR-091,Machakos,completed,Planting,35490.41,paid,2026-04-14T07:00:00
BKG-04592,FAR-092,TR-092,Nakuru,completed,Weeding,49521.86,paid,2026-04-15T08:00:00
BKG-04593,FAR-093,TR-093,Nairobi,completed,Harvesting,15285.29,paid,2026-04-16T09:00:00
BKG-04594,FAR-094,TR-094,Embu,pending,Soil management,30094.23,pending,2026-04-17T10:00:00
BKG-04595,FAR-095,TR-095,Kiambu,cancelled,Land preparation,48040.21,void,2026-04-18T11:00:00
BKG-04596,FAR-096,TR-096,Machakos,completed,Planting,53855.0,paid,2026-04-19T12:00:00
BKG-04597,FAR-097,TR-097,Nakuru,completed,Weeding,46343.1,paid,2026-04-20T13:00:00
BKG-04598,FAR-098,TR-098,Nairobi,completed,Harvesting,32565.33,paid,2026-04-21T14:00:00
BKG-04599,FAR-099,TR-099,Embu,completed,Soil management,32888.24,paid,2026-04-22T15:00:00
BKG-04600,FAR-100,TR-100,Kiambu,pending,Land preparation,12631.34,pending,2026-04-23T16:00:00
BKG-04601,FAR-101,TR-001,Machakos,cancelled,Planting,46171.11,void,2026-04-24T17:00:00
BKG-04602,FAR-102,TR-002,Nakuru,completed,Weeding,11254.29,paid,2026-04-25T18:00:00
BKG-04603,FAR-103,TR-003,Nairobi,completed,Harvesting,33829.23,paid,2026-04-26T19:00:00
BKG-04604,FAR-104,TR-004,Embu,completed,Soil management,48780.92,pending,2026-04-27T20:00:00
BKG-04605,FAR-105,TR-005,Kiambu,completed,Land preparation,43736.81,paid,2026-04-28T21:00:00
BKG-04606,FAR-106,TR-006,Machakos,pending,Planting,18099.51,pending,2026-04-29T22:00:00
BKG-04607,FAR-107,TR-007,Nakuru,cancelled,Weeding,40357.33,void,2026-04-30T23:00:00
BKG-04608,FAR-108,TR-008,Nairobi,completed,Harvesting,35054.48,paid,2026-05-01T00:00:00
BKG-04609,FAR-109,TR-009,Embu,completed,Soil management,26705.6,paid,2026-05-02T01:00:00
BKG-04610,FAR-110,TR-010,Kiambu,completed,Land preparation,28232.62,paid,2026-05-03T02:00:00
BKG-04611,FAR-111,TR-011,Machakos,completed,Planting,31060.8,paid,2026-05-04T03:00:00
BKG-04612,FAR-112,TR-012,Nakuru,pending,Weeding,17861.28,pending,2026-05-05T04:00:00
BKG-04613,FAR-113,TR-013,Nairobi,cancelled,Harvesting,23542.66,void,2026-05-06T05:00:00
BKG-04614,FAR-114,TR-014,Embu,completed,Soil management,40506.12,paid,2026-05-07T06:00:00
BKG-04615,FAR-115,TR-015,Kiambu,completed,Land preparation,49603.79,paid,2026-05-08T07:00:00
BKG-04616,FAR-116,TR-016,Machakos,completed,Planting,16469.75,paid,2026-05-09T08:00:00
BKG-04617,FAR-117,TR-017,Nakuru,completed,Weeding,18918.12,paid,2026-05-10T09:00:00
BKG-04618,FAR-118,TR-018,Nairobi,pending,Harvesting,26078.54,pending,2026-05-11T10:00:00
BKG-04619,FAR-119,TR-019,Embu,cancelled,Soil management,52334.93,void,2026-05-12T11:00:00
BKG-04620,FAR-120,TR-020,Kiambu,completed,Land preparation,15160.49,paid,2026-05-13T12:00:00
BKG-04621,FAR-121,TR-021,Machakos,completed,Planting,25949.18,paid,2026-05-14T13:00:00
BKG-04622,FAR-122,TR-022,Nakuru,completed,Weeding,33435.32,paid,2026-05-15T14:00:00
BKG-04623,FAR-123,TR-023,Nairobi,completed,Harvesting,38911.31,pending,2026-05-16T15:00:00
BKG-04624,FAR-124,TR-024,Embu,pending,Soil management,37253.2,pending,2026-05-17T16:00:00
BKG-04625,FAR-125,TR-025,Kiambu,cancelled,Land preparation,20149.08,void,2026-05-18T17:00:00
BKG-04626,FAR-126,TR-026,Machakos,completed,Planting,31508.27,paid,2026-05-19T18:00:00
BKG-04627,FAR-127,TR-027,Nakuru,completed,Weeding,29782.47,paid,2026-05-20T19:00:00
BKG-04628,FAR-128,TR-028,Nairobi,completed,Harvesting,42048.11,paid,2026-05-21T20:00:00
BKG-04629,FAR-129,TR-029,Embu,completed,Soil management,41388.49,paid,2026-05-22T21:00:00
BKG-04630,FAR-130,TR-030,Kiambu,pending,Land preparation,15303.96,pending,2026-05-23T22:00:00
BKG-04631,FAR-131,TR-031,Machakos,cancelled,Planting,32828.68,void,2026-05-24T23:00:00
BKG-04632,FAR-132,TR-032,Nakuru,completed,Weeding,16845.51,pending,2026-05-25T00:00:00
BKG-04633,FAR-133,TR-033,Nairobi,completed,Harvesting,29358.92,paid,2026-05-26T01:00:00
BKG-04634,FAR-134,TR-034,Embu,completed,Soil management,19956.08,paid,2026-05-27T02:00:00
BKG-04635,FAR-135,TR-035,Kiambu,completed,Land preparation,49751.52,pending,2026-05-28T03:00:00
BKG-04636,FAR-136,TR-036,Machakos,pending,Planting,25374.92,pending,2026-05-29T04:00:00
BKG-04637,FAR-137,TR-037,Nakuru,cancelled,Weeding,10629.89,void,2026-05-30T05:00:00
BKG-04638,FAR-138,TR-038,Nairobi,completed,Harvesting,43319.99,paid,2026-05-31T06:00:00
BKG-04639,FAR-139,TR-039,Embu,completed,Soil management,47336.26,paid,2026-06-01T07:00:00
BKG-04640,FAR-140,TR-040,Kiambu,completed,Land preparation,32451.69,paid,2026-06-02T08:00:00
BKG-04641,FAR-141,TR-041,Machakos,completed,Planting,22234.81,paid,2026-06-03T09:00:00
BKG-04642,FAR-142,TR-042,Nakuru,pending,Weeding,10602.66,pending,2026-06-04T10:00:00
BKG-04643,FAR-143,TR-043,Nairobi,cancelled,Harvesting,41902.28,void,2026-06-05T11:00:00
BKG-04644,FAR-144,TR-044,Embu,completed,Soil management,38590.17,paid,2026-06-06T12:00:00
BKG-04645,FAR-145,TR-045,Kiambu,completed,Land preparation,50526.33,paid,2026-06-07T13:00:00
BKG-04646,FAR-146,TR-046,Machakos,completed,Planting,19427.21,pending,2026-06-08T14:00:00
BKG-04647,FAR-147,TR-047,Nakuru,completed,Weeding,53646.32,paid,2026-06-09T15:00:00
BKG-04648,FAR-148,TR-048,Nairobi,pending,Harvesting,36053.54,pending,2026-06-10T16:00:00
BKG-04649,FAR-149,TR-049,Embu,cancelled,Soil management,18745.28,void,2026-06-11T17:00:00
BKG-04650,FAR-150,TR-050,Kiambu,completed,Land preparation,50922.03,paid,2026-06-12T18:00:00
BKG-04651,FAR-151,TR-051,Machakos,completed,Planting,18184.93,paid,2026-06-13T19:00:00
BKG-04652,FAR-152,TR-052,Nakuru,completed,Weeding,50515.6,pending,2026-06-14T20:00:00
BKG-04653,FAR-153,TR-053,Nairobi,completed,Harvesting,43657.52,paid,2026-06-15T21:00:00
BKG-04654,FAR-154,TR-054,Embu,pending,Soil management,52915.59,pending,2026-06-16T22:00:00
BKG-04655,FAR-155,TR-055,Kiambu,cancelled,Land preparation,18206.63,void,2026-06-17T23:00:00
BKG-04656,FAR-156,TR-056,Machakos,completed,Planting,30557.52,paid,2026-06-18T00:00:00
BKG-04657,FAR-157,TR-057,Nakuru,completed,Weeding,14413.68,paid,2026-06-19T01:00:00
BKG-04658,FAR-158,TR-058,Nairobi,completed,Harvesting,22508.29,paid,2026-06-20T02:00:00
BKG-04659,FAR-159,TR-059,Embu,completed,Soil management,47959.58,paid,2026-06-21T03:00:00
BKG-04660,FAR-160,TR-060,Kiambu,pending,Land preparation,12040.02,pending,2026-06-22T04:00:00
BKG-04661,FAR-161,TR-061,Machakos,cancelled,Planting,49621.15,void,2026-06-23T05:00:00
BKG-04662,FAR-162,TR-062,Nakuru,completed,Weeding,15476.56,paid,2026-06-24T06:00:00
BKG-04663,FAR-163,TR-063,Nairobi,completed,Harvesting,23425.99,paid,2026-06-25T07:00:00
BKG-04664,FAR-164,TR-064,Embu,completed,Soil management,34363.18,paid,2026-06-26T08:00:00
BKG-04665,FAR-165,TR-065,Kiambu,completed,Land preparation,37392.43,paid,2026-06-27T09:00:00
BKG-04666,FAR-166,TR-066,Machakos,pending,Planting,26868.14,pending,2026-06-28T10:00:00
BKG-04667,FAR-167,TR-067,Nakuru,cancelled,Weeding,11292.08,void,2026-06-29T11:00:00
BKG-04668,FAR-168,TR-068,Nairobi,completed,Harvesting,9078.45,pending,2026-06-30T12:00:00
BKG-04669,FAR-169,TR-069,Embu,completed,Soil management,16731.53,paid,2026-07-01T13:00:00
BKG-04670,FAR-170,TR-070,Kiambu,completed,Land preparation,34195.45,paid,2026-07-02T14:00:00
BKG-04671,FAR-171,TR-071,Machakos,completed,Planting,43073.44,pending,2026-07-03T15:00:00
BKG-04672,FAR-172,TR-072,Nakuru,pending,Weeding,45666.94,pending,2026-07-04T16:00:00
BKG-04673,FAR-173,TR-073,Nairobi,cancelled,Harvesting,42365.79,void,2026-07-05T17:00:00
BKG-04674,FAR-174,TR-074,Embu,completed,Soil management,10454.46,paid,2026-07-06T18:00:00
BKG-04675,FAR-175,TR-075,Kiambu,completed,Land preparation,35147.46,paid,2026-07-07T19:00:00
BKG-04676,FAR-176,TR-076,Machakos,completed,Planting,16713.12,pending,2026-07-08T20:00:00
BKG-04677,FAR-177,TR-077,Nakuru,completed,Weeding,40701.27,paid,2026-07-09T21:00:00
BKG-04678,FAR-178,TR-078,Nairobi,pending,Harvesting,37016.2,pending,2026-07-10T22:00:00
BKG-04679,FAR-179,TR-079,Embu,cancelled,Soil management,27698.57,void,2026-07-11T23:00:00
BKG-04680,FAR-180,TR-080,Kiambu,completed,Land preparation,41212.4,paid,2026-07-12T00:00:00
BKG-04681,FAR-181,TR-081,Machakos,completed,Planting,19846.04,paid,2026-07-13T01:00:00
BKG-04682,FAR-182,TR-082,Nakuru,completed,Weeding,18133.3,paid,2026-07-14T02:00:00
BKG-04683,FAR-183,TR-083,Nairobi,completed,Harvesting,27203.38,paid,2026-07-15T03:00:00
BKG-04684,FAR-184,TR-084,Embu,pending,Soil management,49309.96,pending,2026-07-16T04:00:00
BKG-04685,FAR-185,TR-085,Kiambu,cancelled,Land preparation,31598.38,void,2026-07-17T05:00:00
BKG-04686,FAR-186,TR-086,Machakos,completed,Planting,53037.35,pending,2026-07-18T06:00:00
BKG-04687,FAR-187,TR-087,Nakuru,completed,Weeding,10250.26,pending,2026-07-19T07:00:00
BKG-04688,FAR-188,TR-088,Nairobi,completed,Harvesting,26566.7,paid,2026-07-20T08:00:00
BKG-04689,FAR-189,TR-089,Embu,completed,Soil management,41714.69,paid,2026-07-21T09:00:00
BKG-04690,FAR-190,TR-090,Kiambu,pending,Land preparation,21914.71,pending,2026-07-22T10:00:00
BKG-04691,FAR-191,TR-091,Machakos,cancelled,Planting,50511.84,void,2026-07-23T11:00:00
BKG-04692,FAR-192,TR-092,Nakuru,completed,Weeding,53204.4,paid,2026-07-24T12:00:00
BKG-04693,FAR-193,TR-093,Nairobi,completed,Harvesting,15934.76,paid,2026-07-25T13:00:00
BKG-04694,FAR-194,TR-094,Embu,completed,Soil management,25164.65,paid,2026-07-26T14:00:00
BKG-04695,FAR-195,TR-095,Kiambu,completed,Land preparation,52617.73,paid,2026-07-27T15:00:00
BKG-04696,FAR-196,TR-096,Machakos,pending,Planting,37281.51,pending,2026-07-28T16:00:00
BKG-04697,FAR-197,TR-097,Nakuru,cancelled,Weeding,51975.03,void,2026-07-29T17:00:00
BKG-04698,FAR-198,TR-098,Nairobi,completed,Harvesting,14733.86,paid,2026-07-30T18:00:00
BKG-04699,FAR-199,TR-099,Embu,completed,Soil management,28363.5,paid,2026-07-31T19:00:00
BKG-04700,FAR-200,TR-100,Kiambu,completed,Land preparation,11671.71,paid,2026-08-01T20:00:00
BKG-04701,FAR-201,TR-001,Machakos,completed,Planting,53273.32,pending,2026-08-02T21:00:00
BKG-04702,FAR-202,TR-002,Nakuru,pending,Weeding,37628.6,pending,2026-08-03T22:00:00
BKG-04703,FAR-203,TR-003,Nairobi,cancelled,Harvesting,11857.08,void,2026-08-04T23:00:00
BKG-04704,FAR-204,TR-004,Embu,completed,Soil management,28940.59,pending,2026-08-05T00:00:00
BKG-04705,FAR-205,TR-005,Kiambu,completed,Land preparation,45135.6,pending,2026-08-06T01:00:00
BKG-04706,FAR-206,TR-006,Machakos,completed,Planting,23251.56,paid,2026-08-07T02:00:00
BKG-04707,FAR-207,TR-007,Nakuru,completed,Weeding,29491.65,paid,2026-08-08T03:00:00
BKG-04708,FAR-208,TR-008,Nairobi,pending,Harvesting,23840.59,pending,2026-08-09T04:00:00
BKG-04709,FAR-209,TR-009,Embu,cancelled,Soil management,50191.4,void,2026-08-10T05:00:00
BKG-04710,FAR-210,TR-010,Kiambu,completed,Land preparation,29936.17,paid,2026-08-11T06:00:00
BKG-04711,FAR-211,TR-011,Machakos,completed,Planting,49388.14,paid,2026-08-12T07:00:00
BKG-04712,FAR-212,TR-012,Nakuru,completed,Weeding,14631.71,paid,2026-08-13T08:00:00
BKG-04713,FAR-213,TR-013,Nairobi,completed,Harvesting,28165.12,paid,2026-08-14T09:00:00
BKG-04714,FAR-214,TR-014,Embu,pending,Soil management,20906.21,pending,2026-08-15T10:00:00
BKG-04715,FAR-215,TR-015,Kiambu,cancelled,Land preparation,32768.09,void,2026-08-16T11:00:00
BKG-04716,FAR-216,TR-016,Machakos,completed,Planting,22986.93,paid,2026-08-17T12:00:00
BKG-04717,FAR-217,TR-017,Nakuru,completed,Weeding,13314.51,pending,2026-08-18T13:00:00
BKG-04718,FAR-218,TR-018,Nairobi,completed,Harvesting,52397.18,paid,2026-08-19T14:00:00
BKG-04719,FAR-219,TR-019,Embu,completed,Soil management,45742.48,paid,2026-08-20T15:00:00
BKG-04720,FAR-220,TR-020,Kiambu,pending,Land preparation,39736.4,pending,2026-08-21T16:00:00
BKG-04721,FAR-221,TR-021,Machakos,cancelled,Planting,31072.22,void,2026-08-22T17:00:00
BKG-04722,FAR-222,TR-022,Nakuru,completed,Weeding,27383.78,pending,2026-08-23T18:00:00
BKG-04723,FAR-223,TR-023,Nairobi,completed,Harvesting,46628.0,paid,2026-08-24T19:00:00
BKG-04724,FAR-224,TR-024,Embu,completed,Soil management,20822.49,pending,2026-08-25T20:00:00
BKG-04725,FAR-225,TR-025,Kiambu,completed,Land preparation,25572.48,paid,2026-08-26T21:00:00
BKG-04726,FAR-226,TR-026,Machakos,pending,Planting,22798.92,pending,2026-08-27T22:00:00
BKG-04727,FAR-227,TR-027,Nakuru,cancelled,Weeding,47732.02,void,2026-08-28T23:00:00
BKG-04728,FAR-228,TR-028,Nairobi,completed,Harvesting,22494.89,paid,2026-08-29T00:00:00
BKG-04729,FAR-229,TR-029,Embu,completed,Soil management,10959.88,paid,2026-08-30T01:00:00
BKG-04730,FAR-230,TR-030,Kiambu,completed,Land preparation,33547.67,paid,2026-08-31T02:00:00
BKG-04731,FAR-231,TR-031,Machakos,completed,Planting,29799.81,paid,2026-09-01T03:00:00
BKG-04732,FAR-232,TR-032,Nakuru,pending,Weeding,27266.88,pending,2026-09-02T04:00:00
BKG-04733,FAR-233,TR-033,Nairobi,cancelled,Harvesting,50151.07,void,2026-09-03T05:00:00
BKG-04734,FAR-234,TR-034,Embu,completed,Soil management,52702.36,paid,2026-09-04T06:00:00
BKG-04735,FAR-235,TR-035,Kiambu,completed,Land preparation,35066.94,paid,2026-09-05T07:00:00
BKG-04736,FAR-236,TR-036,Machakos,completed,Planting,34872.68,pending,2026-09-06T08:00:00
BKG-04737,FAR-237,TR-037,Nakuru,completed,Weeding,16393.87,paid,2026-09-07T09:00:00
BKG-04738,FAR-238,TR-038,Nairobi,pending,Harvesting,23345.26,pending,2026-09-08T10:00:00
BKG-04739,FAR-239,TR-039,Embu,cancelled,Soil management,34690.22,void,2026-09-09T11:00:00
BKG-04740,FAR-240,TR-040,Kiambu,completed,Land preparation,21484.46,paid,2026-09-10T12:00:00
BKG-04741,FAR-241,TR-041,Machakos,completed,Planting,45806.47,pending,2026-09-11T13:00:00
BKG-04742,FAR-242,TR-042,Nakuru,completed,Weeding,24456.45,paid,2026-09-12T14:00:00
BKG-04743,FAR-243,TR-043,Nairobi,completed,Harvesting,41161.6,paid,2026-09-13T15:00:00
BKG-04744,FAR-244,TR-044,Embu,pending,Soil management,23210.34,pending,2026-09-14T16:00:00
BKG-04745,FAR-245,TR-045,Kiambu,cancelled,Land preparation,37935.8,void,2025-09-15T17:00:00
BKG-04746,FAR-246,TR-046,Machakos,completed,Planting,52677.48,paid,2025-09-16T18:00:00
BKG-04747,FAR-247,TR-047,Nakuru,completed,Weeding,18470.44,paid,2025-09-17T19:00:00
BKG-04748,FAR-248,TR-048,Nairobi,completed,Harvesting,22661.09,paid,2025-09-18T20:00:00
BKG-04749,FAR-249,TR-049,Embu,completed,Soil management,48132.6,paid,2025-09-19T21:00:00
BKG-04750,FAR-250,TR-050,Kiambu,pending,Land preparation,30040.12,pending,2025-09-20T22:00:00
BKG-04751,FAR-251,TR-051,Machakos,cancelled,Planting,35870.09,void,2025-09-21T23:00:00
BKG-04752,FAR-252,TR-052,Nakuru,completed,Weeding,9244.96,paid,2025-09-22T00:00:00
BKG-04753,FAR-253,TR-053,Nairobi,completed,Harvesting,28915.37,paid,2025-09-23T01:00:00
BKG-04754,FAR-254,TR-054,Embu,completed,Soil management,48770.3,paid,2025-09-24T02:00:00
BKG-04755,FAR-255,TR-055,Kiambu,completed,Land preparation,18643.83,paid,2025-09-25T03:00:00
BKG-04756,FAR-256,TR-056,Machakos,pending,Planting,14632.43,pending,2025-09-26T04:00:00
BKG-04757,FAR-257,TR-057,Nakuru,cancelled,Weeding,27541.36,void,2025-09-27T05:00:00
BKG-04758,FAR-258,TR-058,Nairobi,completed,Harvesting,25280.35,paid,2025-09-28T06:00:00
BKG-04759,FAR-259,TR-059,Embu,completed,Soil management,15594.81,paid,2025-09-29T07:00:00
BKG-04760,FAR-260,TR-060,Kiambu,completed,Land preparation,30091.65,paid,2025-09-30T08:00:00
BKG-04761,FAR-261,TR-061,Machakos,completed,Planting,36031.45,paid,2025-10-01T09:00:00
BKG-04762,FAR-262,TR-062,Nakuru,pending,Weeding,10936.57,pending,2025-10-02T10:00:00
BKG-04763,FAR-263,TR-063,Nairobi,cancelled,Harvesting,47284.48,void,2025-10-03T11:00:00
BKG-04764,FAR-264,TR-064,Embu,completed,Soil management,24927.93,paid,2025-10-04T12:00:00
BKG-04765,FAR-265,TR-065,Kiambu,completed,Land preparation,24120.65,paid,2025-10-05T13:00:00
BKG-04766,FAR-266,TR-066,Machakos,completed,Planting,17917.7,paid,2025-10-06T14:00:00
BKG-04767,FAR-267,TR-067,Nakuru,completed,Weeding,22855.34,paid,2025-10-07T15:00:00
BKG-04768,FAR-268,TR-068,Nairobi,pending,Harvesting,19322.14,pending,2025-10-08T16:00:00
BKG-04769,FAR-269,TR-069,Embu,cancelled,Soil management,28586.19,void,2025-10-09T17:00:00
BKG-04770,FAR-270,TR-070,Kiambu,completed,Land preparation,45360.45,paid,2025-10-10T18:00:00
BKG-04771,FAR-271,TR-071,Machakos,completed,Planting,22811.33,paid,2025-10-11T19:00:00
BKG-04772,FAR-272,TR-072,Nakuru,completed,Weeding,48013.98,pending,2025-10-12T20:00:00
BKG-04773,FAR-273,TR-073,Nairobi,completed,Harvesting,23584.27,paid,2025-10-13T21:00:00
BKG-04774,FAR-274,TR-074,Embu,pending,Soil management,40172.76,pending,2025-10-14T22:00:00
BKG-04775,FAR-275,TR-075,Kiambu,cancelled,Land preparation,25301.49,void,2025-10-15T23:00:00
BKG-04776,FAR-276,TR-076,Machakos,completed,Planting,38446.39,paid,2025-10-16T00:00:00
BKG-04777,FAR-277,TR-077,Nakuru,completed,Weeding,41582.79,paid,2025-10-17T01:00:00
BKG-04778,FAR-278,TR-078,Nairobi,completed,Harvesting,43209.87,paid,2025-10-18T02:00:00
BKG-04779,FAR-279,TR-079,Embu,completed,Soil management,31791.23,pending,2025-10-19T03:00:00
BKG-04780,FAR-280,TR-080,Kiambu,pending,Land preparation,37441.95,pending,2025-10-20T04:00:00
BKG-04781,FAR-281,TR-081,Machakos,cancelled,Planting,17702.56,void,2025-10-21T05:00:00
BKG-04782,FAR-282,TR-082,Nakuru,completed,Weeding,37426.21,pending,2025-10-22T06:00:00
BKG-04783,FAR-283,TR-083,Nairobi,completed,Harvesting,28773.85,pending,2025-10-23T07:00:00
BKG-04784,FAR-284,TR-084,Embu,completed,Soil management,15810.11,paid,2025-10-24T08:00:00
BKG-04785,FAR-285,TR-085,Kiambu,completed,Land preparation,21408.99,paid,2025-10-25T09:00:00
BKG-04786,FAR-286,TR-086,Machakos,pending,Planting,41905.71,pending,2025-10-26T10:00:00
BKG-04787,FAR-287,TR-087,Nakuru,cancelled,Weeding,19058.45,void,2025-10-27T11:00:00
BKG-04788,FAR-288,TR-088,Nairobi,completed,Harvesting,14425.97,paid,2025-10-28T12:00:00
BKG-04789,FAR-289,TR-089,Embu,completed,Soil management,44530.43,pending,2025-10-29T13:00:00
BKG-04790,FAR-290,TR-090,Kiambu,completed,Land preparation,49045.35,paid,2025-10-30T14:00:00
BKG-04791,FAR-291,TR-091,Machakos,completed,Planting,17240.76,pending,2025-10-31T15:00:00
BKG-04792,FAR-292,TR-092,Nakuru,pending,Weeding,39043.53,pending,2025-11-01T16:00:00
BKG-04793,FAR-293,TR-093,Nairobi,cancelled,Harvesting,47053.7,void,2025-11-02T17:00:00
BKG-04794,FAR-294,TR-094,Embu,completed,Soil management,42501.18,pending,2025-11-03T18:00:00
BKG-04795,FAR-295,TR-095,Kiambu,completed,Land preparation,25851.54,pending,2025-11-04T19:00:00
BKG-04796,FAR-296,TR-096,Machakos,completed,Planting,19205.71,paid,2025-11-05T20:00:00
BKG-04797,FAR-297,TR-097,Nakuru,completed,Weeding,41601.85,paid,2025-11-06T21:00:00
BKG-04798,FAR-298,TR-098,Nairobi,pending,Harvesting,33752.12,pending,2025-11-07T22:00:00
BKG-04799,FAR-299,TR-099,Embu,cancelled,Soil management,48361.57,void,2025-11-08T23:00:00
BKG-04800,FAR-300,TR-100,Kiambu,completed,Land preparation,13269.1,paid,2025-11-09T00:00:00
BKG-04801,FAR-301,TR-001,Machakos,completed,Planting,52655.65,pending,2025-11-10T01:00:00
BKG-04802,FAR-302,TR-002,Nakuru,completed,Weeding,26229.96,paid,2025-11-11T02:00:00
BKG-04803,FAR-303,TR-003,Nairobi,completed,Harvesting,12546.32,paid,2025-11-12T03:00:00
BKG-04804,FAR-304,TR-004,Embu,pending,Soil management,12055.64,pending,2025-11-13T04:00:00
BKG-04805,FAR-305,TR-005,Kiambu,cancelled,Land preparation,51533.53,void,2025-11-14T05:00:00
BKG-04806,FAR-306,TR-006,Machakos,completed,Planting,53508.98,paid,2025-11-15T06:00:00
BKG-04807,FAR-307,TR-007,Nakuru,completed,Weeding,49391.87,paid,2025-11-16T07:00:00
BKG-04808,FAR-308,TR-008,Nairobi,completed,Harvesting,29883.26,paid,2025-11-17T08:00:00
BKG-04809,FAR-309,TR-009,Embu,completed,Soil management,11424.77,pending,2025-11-18T09:00:00
BKG-04810,FAR-310,TR-010,Kiambu,pending,Land preparation,31768.23,pending,2025-11-19T10:00:00
BKG-04811,FAR-311,TR-011,Machakos,cancelled,Planting,44226.74,void,2025-11-20T11:00:00
BKG-04812,FAR-312,TR-012,Nakuru,completed,Weeding,17698.64,paid,2025-11-21T12:00:00
BKG-04813,FAR-313,TR-013,Nairobi,completed,Harvesting,52991.48,paid,2025-11-22T13:00:00
BKG-04814,FAR-314,TR-014,Embu,completed,Soil management,10149.84,paid,2025-11-23T14:00:00
BKG-04815,FAR-315,TR-015,Kiambu,completed,Land preparation,50084.66,paid,2025-11-24T15:00:00
BKG-04816,FAR-316,TR-016,Machakos,pending,Planting,38535.4,pending,2025-11-25T16:00:00
BKG-04817,FAR-317,TR-017,Nakuru,cancelled,Weeding,31324.72,void,2025-11-26T17:00:00
BKG-04818,FAR-318,TR-018,Nairobi,completed,Harvesting,41845.78,pending,2025-11-27T18:00:00
BKG-04819,FAR-319,TR-019,Embu,completed,Soil management,25867.64,paid,2025-11-28T19:00:00
BKG-04820,FAR-320,TR-020,Kiambu,completed,Land preparation,23113.75,paid,2025-11-29T20:00:00
BKG-04821,FAR-321,TR-021,Machakos,completed,Planting,27003.7,paid,2025-11-30T21:00:00
BKG-04822,FAR-322,TR-022,Nakuru,pending,Weeding,27725.24,pending,2025-12-01T22:00:00
BKG-04823,FAR-323,TR-023,Nairobi,cancelled,Harvesting,47312.42,void,2025-12-02T23:00:00
BKG-04824,FAR-324,TR-024,Embu,completed,Soil management,37443.71,paid,2025-12-03T00:00:00
BKG-04825,FAR-325,TR-025,Kiambu,completed,Land preparation,52653.52,paid,2025-12-04T01:00:00
BKG-04826,FAR-326,TR-026,Machakos,completed,Planting,26463.69,paid,2025-12-05T02:00:00
BKG-04827,FAR-327,TR-027,Nakuru,completed,Weeding,22616.39,paid,2025-12-06T03:00:00
BKG-04828,FAR-328,TR-028,Nairobi,pending,Harvesting,13850.09,pending,2025-12-07T04:00:00
BKG-04829,FAR-329,TR-029,Embu,cancelled,Soil management,40883.67,void,2025-12-08T05:00:00
BKG-04830,FAR-330,TR-030,Kiambu,completed,Land preparation,13279.78,paid,2025-12-09T06:00:00
BKG-04831,FAR-331,TR-031,Machakos,completed,Planting,14957.47,paid,2025-12-10T07:00:00
BKG-04832,FAR-332,TR-032,Nakuru,completed,Weeding,39296.47,paid,2025-12-11T08:00:00
BKG-04833,FAR-333,TR-033,Nairobi,completed,Harvesting,10420.41,paid,2025-12-12T09:00:00
BKG-04834,FAR-334,TR-034,Embu,pending,Soil management,19159.92,pending,2025-12-13T10:00:00
BKG-04835,FAR-335,TR-035,Kiambu,cancelled,Land preparation,17103.64,void,2025-12-14T11:00:00
BKG-04836,FAR-336,TR-036,Machakos,completed,Planting,41370.39,pending,2025-12-15T12:00:00
BKG-04837,FAR-337,TR-037,Nakuru,completed,Weeding,13556.4,paid,2025-12-16T13:00:00
BKG-04838,FAR-338,TR-038,Nairobi,completed,Harvesting,52477.42,paid,2025-12-17T14:00:00
BKG-04839,FAR-339,TR-039,Embu,completed,Soil management,16147.08,paid,2025-12-18T15:00:00
BKG-04840,FAR-340,TR-040,Kiambu,pending,Land preparation,31995.33,pending,2025-12-19T16:00:00
BKG-04841,FAR-341,TR-041,Machakos,cancelled,Planting,22576.16,void,2025-12-20T17:00:00
BKG-04842,FAR-342,TR-042,Nakuru,completed,Weeding,50700.6,paid,2025-12-21T18:00:00
BKG-04843,FAR-343,TR-043,Nairobi,completed,Harvesting,23935.49,paid,2025-12-22T19:00:00
BKG-04844,FAR-344,TR-044,Embu,completed,Soil management,43988.59,pending,2025-12-23T20:00:00
BKG-04845,FAR-345,TR-045,Kiambu,completed,Land preparation,53780.75,paid,2025-12-24T21:00:00
BKG-04846,FAR-346,TR-046,Machakos,pending,Planting,30979.37,pending,2025-12-25T22:00:00
BKG-04847,FAR-347,TR-047,Nakuru,cancelled,Weeding,37077.07,void,2025-12-26T23:00:00
BKG-04848,FAR-348,TR-048,Nairobi,completed,Harvesting,51912.77,paid,2025-12-27T00:00:00
BKG-04849,FAR-349,TR-049,Embu,completed,Soil management,39301.04,pending,2025-12-28T01:00:00
BKG-04850,FAR-350,TR-050,Kiambu,completed,Land preparation,12549.63,paid,2025-12-29T02:00:00
BKG-04851,FAR-351,TR-051,Machakos,completed,Planting,41843.94,paid,2025-12-30T03:00:00
BKG-04852,FAR-352,TR-052,Nakuru,pending,Weeding,44093.55,pending,2025-12-31T04:00:00
BKG-04853,FAR-353,TR-053,Nairobi,cancelled,Harvesting,45033.95,void,2026-01-01T05:00:00
BKG-04854,FAR-354,TR-054,Embu,completed,Soil management,25020.67,paid,2026-01-02T06:00:00
BKG-04855,FAR-355,TR-055,Kiambu,completed,Land preparation,20121.86,paid,2026-01-03T07:00:00
BKG-04856,FAR-356,TR-056,Machakos,completed,Planting,39893.44,paid,2026-01-04T08:00:00
BKG-04857,FAR-357,TR-057,Nakuru,completed,Weeding,52101.59,paid,2026-01-05T09:00:00
BKG-04858,FAR-358,TR-058,Nairobi,pending,Harvesting,18062.08,pending,2026-01-06T10:00:00
BKG-04859,FAR-359,TR-059,Embu,cancelled,Soil management,48439.15,void,2026-01-07T11:00:00
BKG-04860,FAR-360,TR-060,Kiambu,completed,Land preparation,20432.17,paid,2026-01-08T12:00:00
BKG-04861,FAR-361,TR-061,Machakos,completed,Planting,33642.15,paid,2026-01-09T13:00:00
BKG-04862,FAR-362,TR-062,Nakuru,completed,Weeding,36221.29,paid,2026-01-10T14:00:00
BKG-04863,FAR-363,TR-063,Nairobi,completed,Harvesting,28075.03,paid,2026-01-11T15:00:00
BKG-04864,FAR-364,TR-064,Embu,pending,Soil management,26435.8,pending,2026-01-12T16:00:00
BKG-04865,FAR-365,TR-065,Kiambu,cancelled,Land preparation,23311.53,void,2026-01-13T17:00:00
BKG-04866,FAR-366,TR-066,Machakos,completed,Planting,51922.98,pending,2026-01-14T18:00:00
BKG-04867,FAR-367,TR-067,Nakuru,completed,Weeding,20691.68,paid,2026-01-15T19:00:00
BKG-04868,FAR-368,TR-068,Nairobi,completed,Harvesting,34149.97,paid,2026-01-16T20:00:00
BKG-04869,FAR-369,TR-069,Embu,completed,Soil management,38484.67,paid,2026-01-17T21:00:00
BKG-04870,FAR-370,TR-070,Kiambu,pending,Land preparation,29590.62,pending,2026-01-18T22:00:00
BKG-04871,FAR-371,TR-071,Machakos,cancelled,Planting,24138.94,void,2026-01-19T23:00:00
BKG-04872,FAR-372,TR-072,Nakuru,completed,Weeding,32099.93,paid,2026-01-20T00:00:00
BKG-04873,FAR-373,TR-073,Nairobi,completed,Harvesting,46349.43,paid,2026-01-21T01:00:00
BKG-04874,FAR-374,TR-074,Embu,completed,Soil management,43595.7,paid,2026-01-22T02:00:00
BKG-04875,FAR-375,TR-075,Kiambu,completed,Land preparation,9579.21,paid,2026-01-23T03:00:00
BKG-04876,FAR-376,TR-076,Machakos,pending,Planting,35209.54,pending,2026-01-24T04:00:00
BKG-04877,FAR-377,TR-077,Nakuru,cancelled,Weeding,32975.97,void,2026-01-25T05:00:00
BKG-04878,FAR-378,TR-078,Nairobi,completed,Harvesting,34344.85,paid,2026-01-26T06:00:00
BKG-04879,FAR-379,TR-079,Embu,completed,Soil management,30453.94,paid,2026-01-27T07:00:00
BKG-04880,FAR-380,TR-080,Kiambu,completed,Land preparation,50559.35,paid,2026-01-28T08:00:00
BKG-04881,FAR-381,TR-081,Machakos,completed,Planting,39626.91,paid,2026-01-29T09:00:00
BKG-04882,FAR-382,TR-082,Nakuru,pending,Weeding,18839.49,pending,2026-01-30T10:00:00
BKG-04883,FAR-383,TR-083,Nairobi,cancelled,Harvesting,27366.07,void,2026-01-31T11:00:00
BKG-04884,FAR-384,TR-084,Embu,completed,Soil management,12325.84,paid,2026-02-01T12:00:00
BKG-04885,FAR-385,TR-085,Kiambu,completed,Land preparation,51663.84,paid,2026-02-02T13:00:00
BKG-04886,FAR-386,TR-086,Machakos,completed,Planting,9059.12,paid,2026-02-03T14:00:00
BKG-04887,FAR-387,TR-087,Nakuru,completed,Weeding,45179.01,paid,2026-02-04T15:00:00
BKG-04888,FAR-388,TR-088,Nairobi,pending,Harvesting,28689.37,pending,2026-02-05T16:00:00
BKG-04889,FAR-389,TR-089,Embu,cancelled,Soil management,28115.42,void,2026-02-06T17:00:00
BKG-04890,FAR-390,TR-090,Kiambu,completed,Land preparation,19772.76,paid,2026-02-07T18:00:00
BKG-04891,FAR-391,TR-091,Machakos,completed,Planting,47124.36,paid,2026-02-08T19:00:00
BKG-04892,FAR-392,TR-092,Nakuru,completed,Weeding,34263.64,pending,2026-02-09T20:00:00
BKG-04893,FAR-393,TR-093,Nairobi,completed,Harvesting,41624.83,paid,2026-02-10T21:00:00
BKG-04894,FAR-394,TR-094,Embu,pending,Soil management,36309.07,pending,2026-02-11T22:00:00
BKG-04895,FAR-395,TR-095,Kiambu,cancelled,Land preparation,39231.58,void,2026-02-12T23:00:00
BKG-04896,FAR-396,TR-096,Machakos,completed,Planting,50030.21,paid,2026-02-13T00:00:00
BKG-04897,FAR-397,TR-097,Nakuru,completed,Weeding,31344.0,paid,2026-02-14T01:00:00
BKG-04898,FAR-398,TR-098,Nairobi,completed,Harvesting,15251.44,paid,2026-02-15T02:00:00
BKG-04899,FAR-399,TR-099,Embu,completed,Soil management,52237.89,paid,2026-02-16T03:00:00
BKG-04900,FAR-400,TR-100,Kiambu,pending,Land preparation,10893.25,pending,2026-02-17T04:00:00
BKG-04901,FAR-401,TR-001,Machakos,cancelled,Planting,38603.23,void,2026-02-18T05:00:00
BKG-04902,FAR-402,TR-002,Nakuru,completed,Weeding,53511.24,paid,2026-02-19T06:00:00
BKG-04903,FAR-403,TR-003,Nairobi,completed,Harvesting,43854.21,paid,2026-02-20T07:00:00
BKG-04904,FAR-404,TR-004,Embu,completed,Soil management,43049.25,pending,2026-02-21T08:00:00
BKG-04905,FAR-405,TR-005,Kiambu,completed,Land preparation,16946.77,paid,2026-02-22T09:00:00
BKG-04906,FAR-406,TR-006,Machakos,pending,Planting,52939.65,pending,2026-02-23T10:00:00
BKG-04907,FAR-407,TR-007,Nakuru,cancelled,Weeding,13193.44,void,2026-02-24T11:00:00
BKG-04908,FAR-408,TR-008,Nairobi,completed,Harvesting,17821.84,pending,2026-02-25T12:00:00
BKG-04909,FAR-409,TR-009,Embu,completed,Soil management,32972.19,pending,2026-02-26T13:00:00
BKG-04910,FAR-410,TR-010,Kiambu,completed,Land preparation,41605.01,paid,2026-02-27T14:00:00
BKG-04911,FAR-411,TR-011,Machakos,completed,Planting,35050.7,pending,2026-02-28T15:00:00
BKG-04912,FAR-412,TR-012,Nakuru,pending,Weeding,27258.53,pending,2026-03-01T16:00:00
BKG-04913,FAR-413,TR-013,Nairobi,cancelled,Harvesting,18998.86,void,2026-03-02T17:00:00
BKG-04914,FAR-414,TR-014,Embu,completed,Soil management,18444.93,paid,2026-03-03T18:00:00
BKG-04915,FAR-415,TR-015,Kiambu,completed,Land preparation,46252.78,paid,2026-03-04T19:00:00
BKG-04916,FAR-416,TR-016,Machakos,completed,Planting,49547.45,paid,2026-03-05T20:00:00
BKG-04917,FAR-417,TR-017,Nakuru,completed,Weeding,27101.17,paid,2026-03-06T21:00:00
BKG-04918,FAR-418,TR-018,Nairobi,pending,Harvesting,25130.43,pending,2026-03-07T22:00:00
BKG-04919,FAR-419,TR-019,Embu,cancelled,Soil management,42445.63,void,2026-03-08T23:00:00
BKG-04920,FAR-420,TR-020,Kiambu,completed,Land preparation,38402.1,paid,2026-03-09T00:00:00
BKG-04921,FAR-421,TR-021,Machakos,completed,Planting,37427.33,paid,2026-03-10T01:00:00
BKG-04922,FAR-422,TR-022,Nakuru,completed,Weeding,49017.16,paid,2026-03-11T02:00:00
BKG-04923,FAR-423,TR-023,Nairobi,completed,Harvesting,17215.72,paid,2026-03-12T03:00:00
BKG-04924,FAR-424,TR-024,Embu,pending,Soil management,48679.61,pending,2026-03-13T04:00:00
BKG-04925,FAR-425,TR-025,Kiambu,cancelled,Land preparation,34984.64,void,2026-03-14T05:00:00
BKG-04926,FAR-426,TR-026,Machakos,completed,Planting,39075.73,pending,2026-03-15T06:00:00
BKG-04927,FAR-427,TR-027,Nakuru,completed,Weeding,24225.84,paid,2026-03-16T07:00:00
BKG-04928,FAR-428,TR-028,Nairobi,completed,Harvesting,20550.22,paid,2026-03-17T08:00:00
BKG-04929,FAR-429,TR-029,Embu,completed,Soil management,40414.75,paid,2026-03-18T09:00:00
BKG-04930,FAR-430,TR-030,Kiambu,pending,Land preparation,26534.22,pending,2026-03-19T10:00:00
BKG-04931,FAR-431,TR-031,Machakos,cancelled,Planting,48941.87,void,2026-03-20T11:00:00
BKG-04932,FAR-432,TR-032,Nakuru,completed,Weeding,30228.09,paid,2026-03-21T12:00:00
BKG-04933,FAR-433,TR-033,Nairobi,completed,Harvesting,13741.75,paid,2026-03-22T13:00:00
BKG-04934,FAR-434,TR-034,Embu,completed,Soil management,46756.01,paid,2026-03-23T14:00:00
BKG-04935,FAR-435,TR-035,Kiambu,completed,Land preparation,16452.83,paid,2026-03-24T15:00:00
BKG-04936,FAR-436,TR-036,Machakos,pending,Planting,29486.19,pending,2026-03-25T16:00:00
BKG-04937,FAR-437,TR-037,Nakuru,cancelled,Weeding,11828.79,void,2026-03-26T17:00:00
BKG-04938,FAR-438,TR-038,Nairobi,completed,Harvesting,50342.31,paid,2026-03-27T18:00:00
BKG-04939,FAR-439,TR-039,Embu,completed,Soil management,42226.05,paid,2026-03-28T19:00:00
BKG-04940,FAR-440,TR-040,Kiambu,completed,Land preparation,16479.75,paid,2026-03-29T20:00:00
BKG-04941,FAR-441,TR-041,Machakos,completed,Planting,40816.86,paid,2026-03-30T21:00:00
BKG-04942,FAR-442,TR-042,Nakuru,pending,Weeding,27447.39,pending,2026-03-31T22:00:00
BKG-04943,FAR-443,TR-043,Nairobi,cancelled,Harvesting,12128.4,void,2026-04-01T23:00:00
BKG-04944,FAR-444,TR-044,Embu,completed,Soil management,17056.42,paid,2026-04-02T00:00:00
BKG-04945,FAR-445,TR-045,Kiambu,completed,Land preparation,20719.37,paid,2026-04-03T01:00:00
BKG-04946,FAR-446,TR-046,Machakos,completed,Planting,44780.47,paid,2026-04-04T02:00:00
BKG-04947,FAR-447,TR-047,Nakuru,completed,Weeding,20907.98,paid,2026-04-05T03:00:00
BKG-04948,FAR-448,TR-048,Nairobi,pending,Harvesting,15653.18,pending,2026-04-06T04:00:00
BKG-04949,FAR-449,TR-049,Embu,cancelled,Soil management,46698.07,void,2026-04-07T05:00:00
BKG-04950,FAR-450,TR-050,Kiambu,completed,Land preparation,22520.7,pending,2026-04-08T06:00:00
BKG-04951,FAR-451,TR-051,Machakos,completed,Planting,28529.95,paid,2026-04-09T07:00:00
BKG-04952,FAR-452,TR-052,Nakuru,completed,Weeding,25650.3,paid,2026-04-10T08:00:00
BKG-04953,FAR-453,TR-053,Nairobi,completed,Harvesting,41752.34,paid,2026-04-11T09:00:00
BKG-04954,FAR-454,TR-054,Embu,pending,Soil management,38655.97,pending,2026-04-12T10:00:00
BKG-04955,FAR-455,TR-055,Kiambu,cancelled,Land preparation,20334.9,void,2026-04-13T11:00:00
BKG-04956,FAR-456,TR-056,Machakos,completed,Planting,28602.89,paid,2026-04-14T12:00:00
BKG-04957,FAR-457,TR-057,Nakuru,completed,Weeding,25915.46,paid,2026-04-15T13:00:00
BKG-04958,FAR-458,TR-058,Nairobi,completed,Harvesting,19857.1,paid,2026-04-16T14:00:00
BKG-04959,FAR-459,TR-059,Embu,completed,Soil management,21175.13,paid,2026-04-17T15:00:00
BKG-04960,FAR-460,TR-060,Kiambu,pending,Land preparation,49060.12,pending,2026-04-18T16:00:00
BKG-04961,FAR-461,TR-061,Machakos,cancelled,Planting,19723.6,void,2026-04-19T17:00:00
BKG-04962,FAR-462,TR-062,Nakuru,completed,Weeding,49571.02,paid,2026-04-20T18:00:00
BKG-04963,FAR-463,TR-063,Nairobi,completed,Harvesting,26466.7,paid,2026-04-21T19:00:00
BKG-04964,FAR-464,TR-064,Embu,completed,Soil management,33946.46,paid,2026-04-22T20:00:00
BKG-04965,FAR-465,TR-065,Kiambu,completed,Land preparation,10536.35,paid,2026-04-23T21:00:00
BKG-04966,FAR-466,TR-066,Machakos,pending,Planting,31419.74,pending,2026-04-24T22:00:00
BKG-04967,FAR-467,TR-067,Nakuru,cancelled,Weeding,40863.54,void,2026-04-25T23:00:00
BKG-04968,FAR-468,TR-068,Nairobi,completed,Harvesting,38272.22,paid,2026-04-26T00:00:00
BKG-04969,FAR-469,TR-069,Embu,completed,Soil management,12995.18,paid,2026-04-27T01:00:00
BKG-04970,FAR-470,TR-070,Kiambu,completed,Land preparation,14966.05,paid,2026-04-28T02:00:00
BKG-04971,FAR-471,TR-071,Machakos,completed,Planting,50814.93,paid,2026-04-29T03:00:00
BKG-04972,FAR-472,TR-072,Nakuru,pending,Weeding,16230.65,pending,2026-04-30T04:00:00
BKG-04973,FAR-473,TR-073,Nairobi,cancelled,Harvesting,23939.03,void,2026-05-01T05:00:00
BKG-04974,FAR-474,TR-074,Embu,completed,Soil management,26194.28,paid,2026-05-02T06:00:00
BKG-04975,FAR-475,TR-075,Kiambu,completed,Land preparation,23982.74,paid,2026-05-03T07:00:00
BKG-04976,FAR-476,TR-076,Machakos,completed,Planting,14238.24,paid,2026-05-04T08:00:00
BKG-04977,FAR-477,TR-077,Nakuru,completed,Weeding,47698.21,paid,2026-05-05T09:00:00
BKG-04978,FAR-478,TR-078,Nairobi,pending,Harvesting,18543.61,pending,2026-05-06T10:00:00
BKG-04979,FAR-479,TR-079,Embu,cancelled,Soil management,27580.35,void,2026-05-07T11:00:00
BKG-04980,FAR-480,TR-080,Kiambu,completed,Land preparation,13313.54,paid,2026-05-08T12:00:00
BKG-04981,FAR-481,TR-081,Machakos,completed,Planting,28842.47,pending,2026-05-09T13:00:00
BKG-04982,FAR-482,TR-082,Nakuru,completed,Weeding,41441.25,paid,2026-05-10T14:00:00
BKG-04983,FAR-483,TR-083,Nairobi,completed,Harvesting,43449.26,paid,2026-05-11T15:00:00
BKG-04984,FAR-484,TR-084,Embu,pending,Soil management,36597.35,pending,2026-05-12T16:00:00
BKG-04985,FAR-485,TR-085,Kiambu,cancelled,Land preparation,38574.74,void,2026-05-13T17:00:00
BKG-04986,FAR-486,TR-086,Machakos,completed,Planting,46718.72,paid,2026-05-14T18:00:00
BKG-04987,FAR-487,TR-087,Nakuru,completed,Weeding,50243.28,pending,2026-05-15T19:00:00
BKG-04988,FAR-488,TR-088,Nairobi,completed,Harvesting,40303.93,paid,2026-05-16T20:00:00
BKG-04989,FAR-489,TR-089,Embu,completed,Soil management,32149.07,paid,2026-05-17T21:00:00
BKG-04990,FAR-490,TR-090,Kiambu,pending,Land preparation,23566.82,pending,2026-05-18T22:00:00
BKG-04991,FAR-491,TR-091,Machakos,cancelled,Planting,46348.73,void,2026-05-19T23:00:00
BKG-04992,FAR-492,TR-092,Nakuru,completed,Weeding,18912.39,paid,2026-05-20T00:00:00
BKG-04993,FAR-493,TR-093,Nairobi,completed,Harvesting,40524.88,paid,2026-05-21T01:00:00
BKG-04994,FAR-494,TR-094,Embu,completed,Soil management,27782.6,paid,2026-05-22T02:00:00
BKG-04995,FAR-495,TR-095,Kiambu,completed,Land preparation,48883.75,paid,2026-05-23T03:00:00
BKG-04996,FAR-496,TR-096,Machakos,pending,Planting,51337.47,pending,2026-05-24T04:00:00
BKG-04997,FAR-497,TR-097,Nakuru,cancelled,Weeding,46978.42,void,2026-05-25T05:00:00
BKG-04998,FAR-498,TR-098,Nairobi,completed,Harvesting,20044.83,paid,2026-05-26T06:00:00
BKG-04999,FAR-499,TR-099,Embu,completed,Soil management,44294.85,paid,2026-05-27T07:00:00
BKG-05000,FAR-500,TR-100,Kiambu,completed,Land preparation,46479.99,paid,2026-05-28T08:00:00
BKG-05001,FAR-001,TR-001,Machakos,completed,Planting,12336.29,paid,2026-05-29T09:00:00
BKG-05002,FAR-002,TR-002,Nakuru,pending,Weeding,22254.97,pending,2026-05-30T10:00:00
BKG-05003,FAR-003,TR-003,Nairobi,cancelled,Harvesting,28164.41,void,2026-05-31T11:00:00
BKG-05004,FAR-004,TR-004,Embu,completed,Soil management,30072.67,paid,2026-06-01T12:00:00
BKG-05005,FAR-005,TR-005,Kiambu,completed,Land preparation,12277.38,paid,2026-06-02T13:00:00
BKG-05006,FAR-006,TR-006,Machakos,completed,Planting,24508.86,paid,2026-06-03T14:00:00
BKG-05007,FAR-007,TR-007,Nakuru,completed,Weeding,47703.82,pending,2026-06-04T15:00:00
BKG-05008,FAR-008,TR-008,Nairobi,pending,Harvesting,30771.82,pending,2026-06-05T16:00:00
BKG-05009,FAR-009,TR-009,Embu,cancelled,Soil management,10719.91,void,2026-06-06T17:00:00
BKG-05010,FAR-010,TR-010,Kiambu,completed,Land preparation,11846.9,paid,2026-06-07T18:00:00
BKG-05011,FAR-011,TR-011,Machakos,completed,Planting,43919.12,paid,2026-06-08T19:00:00
BKG-05012,FAR-012,TR-012,Nakuru,completed,Weeding,10008.83,pending,2026-06-09T20:00:00
BKG-05013,FAR-013,TR-013,Nairobi,completed,Harvesting,53699.85,paid,2026-06-10T21:00:00
BKG-05014,FAR-014,TR-014,Embu,pending,Soil management,49561.41,pending,2026-06-11T22:00:00
BKG-05015,FAR-015,TR-015,Kiambu,cancelled,Land preparation,42223.3,void,2026-06-12T23:00:00
BKG-05016,FAR-016,TR-016,Machakos,completed,Planting,48508.07,paid,2026-06-13T00:00:00
BKG-05017,FAR-017,TR-017,Nakuru,completed,Weeding,46750.03,paid,2026-06-14T01:00:00
BKG-05018,FAR-018,TR-018,Nairobi,completed,Harvesting,12797.04,paid,2026-06-15T02:00:00
BKG-05019,FAR-019,TR-019,Embu,completed,Soil management,11334.24,paid,2026-06-16T03:00:00
BKG-05020,FAR-020,TR-020,Kiambu,pending,Land preparation,26027.83,pending,2026-06-17T04:00:00
BKG-05021,FAR-021,TR-021,Machakos,cancelled,Planting,30154.1,void,2026-06-18T05:00:00
BKG-05022,FAR-022,TR-022,Nakuru,completed,Weeding,35309.98,pending,2026-06-19T06:00:00
BKG-05023,FAR-023,TR-023,Nairobi,completed,Harvesting,32883.82,paid,2026-06-20T07:00:00
BKG-05024,FAR-024,TR-024,Embu,completed,Soil management,50917.86,paid,2026-06-21T08:00:00
BKG-05025,FAR-025,TR-025,Kiambu,completed,Land preparation,35090.95,paid,2026-06-22T09:00:00
BKG-05026,FAR-026,TR-026,Machakos,pending,Planting,53032.98,pending,2026-06-23T10:00:00
BKG-05027,FAR-027,TR-027,Nakuru,cancelled,Weeding,15370.1,void,2026-06-24T11:00:00
BKG-05028,FAR-028,TR-028,Nairobi,completed,Harvesting,25989.69,paid,2026-06-25T12:00:00
BKG-05029,FAR-029,TR-029,Embu,completed,Soil management,36709.92,pending,2026-06-26T13:00:00
BKG-05030,FAR-030,TR-030,Kiambu,completed,Land preparation,16337.72,paid,2026-06-27T14:00:00
BKG-05031,FAR-031,TR-031,Machakos,completed,Planting,37528.98,paid,2026-06-28T15:00:00
BKG-05032,FAR-032,TR-032,Nakuru,pending,Weeding,44126.78,pending,2026-06-29T16:00:00
BKG-05033,FAR-033,TR-033,Nairobi,cancelled,Harvesting,53630.21,void,2026-06-30T17:00:00
BKG-05034,FAR-034,TR-034,Embu,completed,Soil management,15160.32,paid,2026-07-01T18:00:00
BKG-05035,FAR-035,TR-035,Kiambu,completed,Land preparation,48984.96,paid,2026-07-02T19:00:00
BKG-05036,FAR-036,TR-036,Machakos,completed,Planting,41194.5,pending,2026-07-03T20:00:00
BKG-05037,FAR-037,TR-037,Nakuru,completed,Weeding,50984.72,paid,2026-07-04T21:00:00
BKG-05038,FAR-038,TR-038,Nairobi,pending,Harvesting,52829.2,pending,2026-07-05T22:00:00
BKG-05039,FAR-039,TR-039,Embu,cancelled,Soil management,15954.92,void,2026-07-06T23:00:00
BKG-05040,FAR-040,TR-040,Kiambu,completed,Land preparation,21860.54,pending,2026-07-07T00:00:00
BKG-05041,FAR-041,TR-041,Machakos,completed,Planting,45031.3,paid,2026-07-08T01:00:00
BKG-05042,FAR-042,TR-042,Nakuru,completed,Weeding,35052.7,paid,2026-07-09T02:00:00
BKG-05043,FAR-043,TR-043,Nairobi,completed,Harvesting,33244.11,paid,2026-07-10T03:00:00
BKG-05044,FAR-044,TR-044,Embu,pending,Soil management,42662.52,pending,2026-07-11T04:00:00
BKG-05045,FAR-045,TR-045,Kiambu,cancelled,Land preparation,34311.55,void,2026-07-12T05:00:00
BKG-05046,FAR-046,TR-046,Machakos,completed,Planting,29041.49,paid,2026-07-13T06:00:00
BKG-05047,FAR-047,TR-047,Nakuru,completed,Weeding,39381.21,paid,2026-07-14T07:00:00
BKG-05048,FAR-048,TR-048,Nairobi,completed,Harvesting,41320.0,paid,2026-07-15T08:00:00
BKG-05049,FAR-049,TR-049,Embu,completed,Soil management,10087.48,paid,2026-07-16T09:00:00
BKG-05050,FAR-050,TR-050,Kiambu,pending,Land preparation,44067.49,pending,2026-07-17T10:00:00
BKG-05051,FAR-051,TR-051,Machakos,cancelled,Planting,36076.39,void,2026-07-18T11:00:00
BKG-05052,FAR-052,TR-052,Nakuru,completed,Weeding,33881.39,paid,2026-07-19T12:00:00
BKG-05053,FAR-053,TR-053,Nairobi,completed,Harvesting,43417.9,paid,2026-07-20T13:00:00
BKG-05054,FAR-054,TR-054,Embu,completed,Soil management,28399.82,paid,2026-07-21T14:00:00
BKG-05055,FAR-055,TR-055,Kiambu,completed,Land preparation,31301.06,paid,2026-07-22T15:00:00
BKG-05056,FAR-056,TR-056,Machakos,pending,Planting,48490.63,pending,2026-07-23T16:00:00
BKG-05057,FAR-057,TR-057,Nakuru,cancelled,Weeding,12276.34,void,2026-07-24T17:00:00
BKG-05058,FAR-058,TR-058,Nairobi,completed,Harvesting,49136.09,paid,2026-07-25T18:00:00
BKG-05059,FAR-059,TR-059,Embu,completed,Soil management,46381.17,paid,2026-07-26T19:00:00
BKG-05060,FAR-060,TR-060,Kiambu,completed,Land preparation,28657.48,paid,2026-07-27T20:00:00
BKG-05061,FAR-061,TR-061,Machakos,completed,Planting,37252.98,paid,2026-07-28T21:00:00
BKG-05062,FAR-062,TR-062,Nakuru,pending,Weeding,30897.34,pending,2026-07-29T22:00:00
BKG-05063,FAR-063,TR-063,Nairobi,cancelled,Harvesting,52821.56,void,2026-07-30T23:00:00
BKG-05064,FAR-064,TR-064,Embu,completed,Soil management,53352.85,paid,2026-07-31T00:00:00
BKG-05065,FAR-065,TR-065,Kiambu,completed,Land preparation,10961.91,paid,2026-08-01T01:00:00
BKG-05066,FAR-066,TR-066,Machakos,completed,Planting,23879.64,pending,2026-08-02T02:00:00
BKG-05067,FAR-067,TR-067,Nakuru,completed,Weeding,21727.44,paid,2026-08-03T03:00:00
BKG-05068,FAR-068,TR-068,Nairobi,pending,Harvesting,20647.03,pending,2026-08-04T04:00:00
BKG-05069,FAR-069,TR-069,Embu,cancelled,Soil management,50557.64,void,2026-08-05T05:00:00
BKG-05070,FAR-070,TR-070,Kiambu,completed,Land preparation,21953.19,paid,2026-08-06T06:00:00
BKG-05071,FAR-071,TR-071,Machakos,completed,Planting,25628.36,paid,2026-08-07T07:00:00
BKG-05072,FAR-072,TR-072,Nakuru,completed,Weeding,50208.61,pending,2026-08-08T08:00:00
BKG-05073,FAR-073,TR-073,Nairobi,completed,Harvesting,15231.66,paid,2026-08-09T09:00:00
BKG-05074,FAR-074,TR-074,Embu,pending,Soil management,29873.57,pending,2026-08-10T10:00:00
BKG-05075,FAR-075,TR-075,Kiambu,cancelled,Land preparation,43585.37,void,2026-08-11T11:00:00
BKG-05076,FAR-076,TR-076,Machakos,completed,Planting,47182.05,paid,2026-08-12T12:00:00
BKG-05077,FAR-077,TR-077,Nakuru,completed,Weeding,25251.0,paid,2026-08-13T13:00:00
BKG-05078,FAR-078,TR-078,Nairobi,completed,Harvesting,31951.54,paid,2026-08-14T14:00:00
BKG-05079,FAR-079,TR-079,Embu,completed,Soil management,19892.11,paid,2026-08-15T15:00:00
BKG-05080,FAR-080,TR-080,Kiambu,pending,Land preparation,9616.56,pending,2026-08-16T16:00:00
BKG-05081,FAR-081,TR-081,Machakos,cancelled,Planting,41109.11,void,2026-08-17T17:00:00
BKG-05082,FAR-082,TR-082,Nakuru,completed,Weeding,52961.62,paid,2026-08-18T18:00:00
BKG-05083,FAR-083,TR-083,Nairobi,completed,Harvesting,23359.11,paid,2026-08-19T19:00:00
BKG-05084,FAR-084,TR-084,Embu,completed,Soil management,15181.36,pending,2026-08-20T20:00:00
BKG-05085,FAR-085,TR-085,Kiambu,completed,Land preparation,38534.22,paid,2026-08-21T21:00:00
BKG-05086,FAR-086,TR-086,Machakos,pending,Planting,39346.32,pending,2026-08-22T22:00:00
BKG-05087,FAR-087,TR-087,Nakuru,cancelled,Weeding,38174.74,void,2026-08-23T23:00:00
BKG-05088,FAR-088,TR-088,Nairobi,completed,Harvesting,53861.95,paid,2026-08-24T00:00:00
BKG-05089,FAR-089,TR-089,Embu,completed,Soil management,9828.35,paid,2026-08-25T01:00:00
BKG-05090,FAR-090,TR-090,Kiambu,completed,Land preparation,38556.3,paid,2026-08-26T02:00:00
BKG-05091,FAR-091,TR-091,Machakos,completed,Planting,33217.75,paid,2026-08-27T03:00:00
BKG-05092,FAR-092,TR-092,Nakuru,pending,Weeding,21143.95,pending,2026-08-28T04:00:00
BKG-05093,FAR-093,TR-093,Nairobi,cancelled,Harvesting,52652.51,void,2026-08-29T05:00:00
BKG-05094,FAR-094,TR-094,Embu,completed,Soil management,48133.69,paid,2026-08-30T06:00:00
BKG-05095,FAR-095,TR-095,Kiambu,completed,Land preparation,29634.56,paid,2026-08-31T07:00:00
BKG-05096,FAR-096,TR-096,Machakos,completed,Planting,29187.82,paid,2026-09-01T08:00:00
BKG-05097,FAR-097,TR-097,Nakuru,completed,Weeding,11880.52,paid,2026-09-02T09:00:00
BKG-05098,FAR-098,TR-098,Nairobi,pending,Harvesting,21886.83,pending,2026-09-03T10:00:00
BKG-05099,FAR-099,TR-099,Embu,cancelled,Soil management,37034.49,void,2026-09-04T11:00:00
BKG-05100,FAR-100,TR-100,Kiambu,completed,Land preparation,12227.77,paid,2026-09-05T12:00:00
BKG-05101,FAR-101,TR-001,Machakos,completed,Planting,25084.36,pending,2026-09-06T13:00:00
BKG-05102,FAR-102,TR-002,Nakuru,completed,Weeding,16236.45,paid,2026-09-07T14:00:00
BKG-05103,FAR-103,TR-003,Nairobi,completed,Harvesting,12935.17,paid,2026-09-08T15:00:00
BKG-05104,FAR-104,TR-004,Embu,pending,Soil management,41283.2,pending,2026-09-09T16:00:00
BKG-05105,FAR-105,TR-005,Kiambu,cancelled,Land preparation,31694.65,void,2026-09-10T17:00:00
BKG-05106,FAR-106,TR-006,Machakos,completed,Planting,10819.45,paid,2026-09-11T18:00:00
BKG-05107,FAR-107,TR-007,Nakuru,completed,Weeding,39230.44,paid,2026-09-12T19:00:00
BKG-05108,FAR-108,TR-008,Nairobi,completed,Harvesting,21719.33,paid,2026-09-13T20:00:00
BKG-05109,FAR-109,TR-009,Embu,completed,Soil management,32027.52,paid,2026-09-14T21:00:00
BKG-05110,FAR-110,TR-010,Kiambu,pending,Land preparation,27852.85,pending,2025-09-15T22:00:00
BKG-05111,FAR-111,TR-011,Machakos,cancelled,Planting,51214.19,void,2025-09-16T23:00:00
BKG-05112,FAR-112,TR-012,Nakuru,completed,Weeding,20782.76,paid,2025-09-17T00:00:00
BKG-05113,FAR-113,TR-013,Nairobi,completed,Harvesting,10151.68,paid,2025-09-18T01:00:00
BKG-05114,FAR-114,TR-014,Embu,completed,Soil management,22109.03,paid,2025-09-19T02:00:00
BKG-05115,FAR-115,TR-015,Kiambu,completed,Land preparation,17621.54,paid,2025-09-20T03:00:00
BKG-05116,FAR-116,TR-016,Machakos,pending,Planting,53635.15,pending,2025-09-21T04:00:00
BKG-05117,FAR-117,TR-017,Nakuru,cancelled,Weeding,38672.67,void,2025-09-22T05:00:00
BKG-05118,FAR-118,TR-018,Nairobi,completed,Harvesting,30366.33,paid,2025-09-23T06:00:00
BKG-05119,FAR-119,TR-019,Embu,completed,Soil management,24855.66,paid,2025-09-24T07:00:00
BKG-05120,FAR-120,TR-020,Kiambu,completed,Land preparation,9560.64,paid,2025-09-25T08:00:00
BKG-05121,FAR-121,TR-021,Machakos,completed,Planting,31497.67,paid,2025-09-26T09:00:00
BKG-05122,FAR-122,TR-022,Nakuru,pending,Weeding,9795.65,pending,2025-09-27T10:00:00
BKG-05123,FAR-123,TR-023,Nairobi,cancelled,Harvesting,20438.75,void,2025-09-28T11:00:00
BKG-05124,FAR-124,TR-024,Embu,completed,Soil management,41436.48,paid,2025-09-29T12:00:00
BKG-05125,FAR-125,TR-025,Kiambu,completed,Land preparation,37777.33,paid,2025-09-30T13:00:00
BKG-05126,FAR-126,TR-026,Machakos,completed,Planting,17138.79,paid,2025-10-01T14:00:00
BKG-05127,FAR-127,TR-027,Nakuru,completed,Weeding,35782.11,paid,2025-10-02T15:00:00
BKG-05128,FAR-128,TR-028,Nairobi,pending,Harvesting,36020.52,pending,2025-10-03T16:00:00
BKG-05129,FAR-129,TR-029,Embu,cancelled,Soil management,18268.8,void,2025-10-04T17:00:00
BKG-05130,FAR-130,TR-030,Kiambu,completed,Land preparation,13769.73,paid,2025-10-05T18:00:00
BKG-05131,FAR-131,TR-031,Machakos,completed,Planting,44731.68,paid,2025-10-06T19:00:00
BKG-05132,FAR-132,TR-032,Nakuru,completed,Weeding,42484.11,paid,2025-10-07T20:00:00
BKG-05133,FAR-133,TR-033,Nairobi,completed,Harvesting,17929.1,paid,2025-10-08T21:00:00
BKG-05134,FAR-134,TR-034,Embu,pending,Soil management,32116.51,pending,2025-10-09T22:00:00
BKG-05135,FAR-135,TR-035,Kiambu,cancelled,Land preparation,20041.13,void,2025-10-10T23:00:00
BKG-05136,FAR-136,TR-036,Machakos,completed,Planting,33347.93,paid,2025-10-11T00:00:00
BKG-05137,FAR-137,TR-037,Nakuru,completed,Weeding,37461.5,paid,2025-10-12T01:00:00
BKG-05138,FAR-138,TR-038,Nairobi,completed,Harvesting,14660.19,paid,2025-10-13T02:00:00
BKG-05139,FAR-139,TR-039,Embu,completed,Soil management,38140.71,paid,2025-10-14T03:00:00
BKG-05140,FAR-140,TR-040,Kiambu,pending,Land preparation,22785.23,pending,2025-10-15T04:00:00
BKG-05141,FAR-141,TR-041,Machakos,cancelled,Planting,10634.96,void,2025-10-16T05:00:00
BKG-05142,FAR-142,TR-042,Nakuru,completed,Weeding,23438.95,paid,2025-10-17T06:00:00
BKG-05143,FAR-143,TR-043,Nairobi,completed,Harvesting,51622.18,paid,2025-10-18T07:00:00
BKG-05144,FAR-144,TR-044,Embu,completed,Soil management,13514.26,paid,2025-10-19T08:00:00
BKG-05145,FAR-145,TR-045,Kiambu,completed,Land preparation,47411.07,pending,2025-10-20T09:00:00
BKG-05146,FAR-146,TR-046,Machakos,pending,Planting,37356.7,pending,2025-10-21T10:00:00
BKG-05147,FAR-147,TR-047,Nakuru,cancelled,Weeding,43822.46,void,2025-10-22T11:00:00
BKG-05148,FAR-148,TR-048,Nairobi,completed,Harvesting,41429.87,paid,2025-10-23T12:00:00
BKG-05149,FAR-149,TR-049,Embu,completed,Soil management,21920.5,pending,2025-10-24T13:00:00
BKG-05150,FAR-150,TR-050,Kiambu,completed,Land preparation,31601.33,paid,2025-10-25T14:00:00
BKG-05151,FAR-151,TR-051,Machakos,completed,Planting,28164.91,paid,2025-10-26T15:00:00
BKG-05152,FAR-152,TR-052,Nakuru,pending,Weeding,52894.91,pending,2025-10-27T16:00:00
BKG-05153,FAR-153,TR-053,Nairobi,cancelled,Harvesting,40210.71,void,2025-10-28T17:00:00
BKG-05154,FAR-154,TR-054,Embu,completed,Soil management,22904.69,paid,2025-10-29T18:00:00
BKG-05155,FAR-155,TR-055,Kiambu,completed,Land preparation,46345.89,paid,2025-10-30T19:00:00
BKG-05156,FAR-156,TR-056,Machakos,completed,Planting,30828.77,pending,2025-10-31T20:00:00
BKG-05157,FAR-157,TR-057,Nakuru,completed,Weeding,32139.2,paid,2025-11-01T21:00:00
BKG-05158,FAR-158,TR-058,Nairobi,pending,Harvesting,30925.36,pending,2025-11-02T22:00:00
BKG-05159,FAR-159,TR-059,Embu,cancelled,Soil management,34009.96,void,2025-11-03T23:00:00
BKG-05160,FAR-160,TR-060,Kiambu,completed,Land preparation,32000.45,paid,2025-11-04T00:00:00
BKG-05161,FAR-161,TR-061,Machakos,completed,Planting,39142.06,paid,2025-11-05T01:00:00
BKG-05162,FAR-162,TR-062,Nakuru,completed,Weeding,50956.99,paid,2025-11-06T02:00:00
BKG-05163,FAR-163,TR-063,Nairobi,completed,Harvesting,18646.41,paid,2025-11-07T03:00:00
BKG-05164,FAR-164,TR-064,Embu,pending,Soil management,14934.02,pending,2025-11-08T04:00:00
BKG-05165,FAR-165,TR-065,Kiambu,cancelled,Land preparation,44713.13,void,2025-11-09T05:00:00
BKG-05166,FAR-166,TR-066,Machakos,completed,Planting,33484.69,paid,2025-11-10T06:00:00
BKG-05167,FAR-167,TR-067,Nakuru,completed,Weeding,50381.59,pending,2025-11-11T07:00:00
BKG-05168,FAR-168,TR-068,Nairobi,completed,Harvesting,43419.48,paid,2025-11-12T08:00:00
BKG-05169,FAR-169,TR-069,Embu,completed,Soil management,24604.69,paid,2025-11-13T09:00:00
BKG-05170,FAR-170,TR-070,Kiambu,pending,Land preparation,45499.78,pending,2025-11-14T10:00:00
BKG-05171,FAR-171,TR-071,Machakos,cancelled,Planting,14916.89,void,2025-11-15T11:00:00
BKG-05172,FAR-172,TR-072,Nakuru,completed,Weeding,11176.99,paid,2025-11-16T12:00:00
BKG-05173,FAR-173,TR-073,Nairobi,completed,Harvesting,35406.89,paid,2025-11-17T13:00:00
BKG-05174,FAR-174,TR-074,Embu,completed,Soil management,40044.69,paid,2025-11-18T14:00:00
BKG-05175,FAR-175,TR-075,Kiambu,completed,Land preparation,26229.93,pending,2025-11-19T15:00:00
BKG-05176,FAR-176,TR-076,Machakos,pending,Planting,12931.72,pending,2025-11-20T16:00:00
BKG-05177,FAR-177,TR-077,Nakuru,cancelled,Weeding,44464.81,void,2025-11-21T17:00:00
BKG-05178,FAR-178,TR-078,Nairobi,completed,Harvesting,48409.75,paid,2025-11-22T18:00:00
BKG-05179,FAR-179,TR-079,Embu,completed,Soil management,34688.89,paid,2025-11-23T19:00:00
BKG-05180,FAR-180,TR-080,Kiambu,completed,Land preparation,37389.18,paid,2025-11-24T20:00:00
BKG-05181,FAR-181,TR-081,Machakos,completed,Planting,37749.0,paid,2025-11-25T21:00:00
BKG-05182,FAR-182,TR-082,Nakuru,pending,Weeding,39016.77,pending,2025-11-26T22:00:00
BKG-05183,FAR-183,TR-083,Nairobi,cancelled,Harvesting,51636.57,void,2025-11-27T23:00:00
BKG-05184,FAR-184,TR-084,Embu,completed,Soil management,38994.98,paid,2025-11-28T00:00:00
BKG-05185,FAR-185,TR-085,Kiambu,completed,Land preparation,9341.19,paid,2025-11-29T01:00:00
BKG-05186,FAR-186,TR-086,Machakos,completed,Planting,26077.29,paid,2025-11-30T02:00:00
BKG-05187,FAR-187,TR-087,Nakuru,completed,Weeding,22713.16,paid,2025-12-01T03:00:00
BKG-05188,FAR-188,TR-088,Nairobi,pending,Harvesting,20613.68,pending,2025-12-02T04:00:00
BKG-05189,FAR-189,TR-089,Embu,cancelled,Soil management,25865.43,void,2025-12-03T05:00:00
BKG-05190,FAR-190,TR-090,Kiambu,completed,Land preparation,44973.8,pending,2025-12-04T06:00:00
BKG-05191,FAR-191,TR-091,Machakos,completed,Planting,9066.93,paid,2025-12-05T07:00:00
BKG-05192,FAR-192,TR-092,Nakuru,completed,Weeding,34743.56,paid,2025-12-06T08:00:00
BKG-05193,FAR-193,TR-093,Nairobi,completed,Harvesting,16166.12,paid,2025-12-07T09:00:00
BKG-05194,FAR-194,TR-094,Embu,pending,Soil management,22976.08,pending,2025-12-08T10:00:00
BKG-05195,FAR-195,TR-095,Kiambu,cancelled,Land preparation,43953.95,void,2025-12-09T11:00:00
BKG-05196,FAR-196,TR-096,Machakos,completed,Planting,46542.6,paid,2025-12-10T12:00:00
BKG-05197,FAR-197,TR-097,Nakuru,completed,Weeding,52658.2,paid,2025-12-11T13:00:00
BKG-05198,FAR-198,TR-098,Nairobi,completed,Harvesting,33364.38,paid,2025-12-12T14:00:00
BKG-05199,FAR-199,TR-099,Embu,completed,Soil management,35785.62,paid,2025-12-13T15:00:00
BKG-05200,FAR-200,TR-100,Kiambu,pending,Land preparation,26977.95,pending,2025-12-14T16:00:00
BKG-05201,FAR-201,TR-001,Machakos,cancelled,Planting,18177.51,void,2025-12-15T17:00:00
BKG-05202,FAR-202,TR-002,Nakuru,completed,Weeding,21684.24,paid,2025-12-16T18:00:00
BKG-05203,FAR-203,TR-003,Nairobi,completed,Harvesting,25523.22,paid,2025-12-17T19:00:00
BKG-05204,FAR-204,TR-004,Embu,completed,Soil management,47399.84,paid,2025-12-18T20:00:00
BKG-05205,FAR-205,TR-005,Kiambu,completed,Land preparation,21382.74,paid,2025-12-19T21:00:00
BKG-05206,FAR-206,TR-006,Machakos,pending,Planting,44534.97,pending,2025-12-20T22:00:00
BKG-05207,FAR-207,TR-007,Nakuru,cancelled,Weeding,21220.3,void,2025-12-21T23:00:00
BKG-05208,FAR-208,TR-008,Nairobi,completed,Harvesting,14259.28,pending,2025-12-22T00:00:00
BKG-05209,FAR-209,TR-009,Embu,completed,Soil management,43522.08,paid,2025-12-23T01:00:00
BKG-05210,FAR-210,TR-010,Kiambu,completed,Land preparation,11795.29,paid,2025-12-24T02:00:00
BKG-05211,FAR-211,TR-011,Machakos,completed,Planting,10358.6,paid,2025-12-25T03:00:00
BKG-05212,FAR-212,TR-012,Nakuru,pending,Weeding,22217.27,pending,2025-12-26T04:00:00
BKG-05213,FAR-213,TR-013,Nairobi,cancelled,Harvesting,13968.86,void,2025-12-27T05:00:00
BKG-05214,FAR-214,TR-014,Embu,completed,Soil management,27610.29,pending,2025-12-28T06:00:00
BKG-05215,FAR-215,TR-015,Kiambu,completed,Land preparation,42568.25,paid,2025-12-29T07:00:00
BKG-05216,FAR-216,TR-016,Machakos,completed,Planting,20342.33,paid,2025-12-30T08:00:00
BKG-05217,FAR-217,TR-017,Nakuru,completed,Weeding,13493.85,paid,2025-12-31T09:00:00
BKG-05218,FAR-218,TR-018,Nairobi,pending,Harvesting,16709.57,pending,2026-01-01T10:00:00
BKG-05219,FAR-219,TR-019,Embu,cancelled,Soil management,26581.6,void,2026-01-02T11:00:00
BKG-05220,FAR-220,TR-020,Kiambu,completed,Land preparation,39347.05,paid,2026-01-03T12:00:00
BKG-05221,FAR-221,TR-021,Machakos,completed,Planting,40061.62,paid,2026-01-04T13:00:00
BKG-05222,FAR-222,TR-022,Nakuru,completed,Weeding,50837.06,pending,2026-01-05T14:00:00
BKG-05223,FAR-223,TR-023,Nairobi,completed,Harvesting,11353.97,paid,2026-01-06T15:00:00
BKG-05224,FAR-224,TR-024,Embu,pending,Soil management,41158.26,pending,2026-01-07T16:00:00
BKG-05225,FAR-225,TR-025,Kiambu,cancelled,Land preparation,18354.57,void,2026-01-08T17:00:00
BKG-05226,FAR-226,TR-026,Machakos,completed,Planting,37202.11,paid,2026-01-09T18:00:00
BKG-05227,FAR-227,TR-027,Nakuru,completed,Weeding,36620.68,paid,2026-01-10T19:00:00
BKG-05228,FAR-228,TR-028,Nairobi,completed,Harvesting,52760.94,paid,2026-01-11T20:00:00
BKG-05229,FAR-229,TR-029,Embu,completed,Soil management,31684.41,paid,2026-01-12T21:00:00
BKG-05230,FAR-230,TR-030,Kiambu,pending,Land preparation,28458.32,pending,2026-01-13T22:00:00
BKG-05231,FAR-231,TR-031,Machakos,cancelled,Planting,45955.52,void,2026-01-14T23:00:00
BKG-05232,FAR-232,TR-032,Nakuru,completed,Weeding,23213.98,paid,2026-01-15T00:00:00
BKG-05233,FAR-233,TR-033,Nairobi,completed,Harvesting,32845.22,paid,2026-01-16T01:00:00
BKG-05234,FAR-234,TR-034,Embu,completed,Soil management,33496.47,paid,2026-01-17T02:00:00
BKG-05235,FAR-235,TR-035,Kiambu,completed,Land preparation,41500.36,paid,2026-01-18T03:00:00
BKG-05236,FAR-236,TR-036,Machakos,pending,Planting,39450.27,pending,2026-01-19T04:00:00
BKG-05237,FAR-237,TR-037,Nakuru,cancelled,Weeding,25669.25,void,2026-01-20T05:00:00
BKG-05238,FAR-238,TR-038,Nairobi,completed,Harvesting,53393.49,pending,2026-01-21T06:00:00
BKG-05239,FAR-239,TR-039,Embu,completed,Soil management,52335.71,paid,2026-01-22T07:00:00
BKG-05240,FAR-240,TR-040,Kiambu,completed,Land preparation,53028.81,paid,2026-01-23T08:00:00
BKG-05241,FAR-241,TR-041,Machakos,completed,Planting,26001.79,paid,2026-01-24T09:00:00
BKG-05242,FAR-242,TR-042,Nakuru,pending,Weeding,45901.94,pending,2026-01-25T10:00:00
BKG-05243,FAR-243,TR-043,Nairobi,cancelled,Harvesting,24258.62,void,2026-01-26T11:00:00
BKG-05244,FAR-244,TR-044,Embu,completed,Soil management,32446.25,paid,2026-01-27T12:00:00
BKG-05245,FAR-245,TR-045,Kiambu,completed,Land preparation,51684.57,paid,2026-01-28T13:00:00
BKG-05246,FAR-246,TR-046,Machakos,completed,Planting,9961.59,paid,2026-01-29T14:00:00
BKG-05247,FAR-247,TR-047,Nakuru,completed,Weeding,51312.84,paid,2026-01-30T15:00:00
BKG-05248,FAR-248,TR-048,Nairobi,pending,Harvesting,31037.55,pending,2026-01-31T16:00:00
BKG-05249,FAR-249,TR-049,Embu,cancelled,Soil management,17910.24,void,2026-02-01T17:00:00
BKG-05250,FAR-250,TR-050,Kiambu,completed,Land preparation,34554.02,paid,2026-02-02T18:00:00
BKG-05251,FAR-251,TR-051,Machakos,completed,Planting,41593.64,paid,2026-02-03T19:00:00
BKG-05252,FAR-252,TR-052,Nakuru,completed,Weeding,10691.63,paid,2026-02-04T20:00:00
BKG-05253,FAR-253,TR-053,Nairobi,completed,Harvesting,52558.19,paid,2026-02-05T21:00:00
BKG-05254,FAR-254,TR-054,Embu,pending,Soil management,48539.34,pending,2026-02-06T22:00:00
BKG-05255,FAR-255,TR-055,Kiambu,cancelled,Land preparation,20280.23,void,2026-02-07T23:00:00
BKG-05256,FAR-256,TR-056,Machakos,completed,Planting,22367.15,paid,2026-02-08T00:00:00
BKG-05257,FAR-257,TR-057,Nakuru,completed,Weeding,44534.64,pending,2026-02-09T01:00:00
BKG-05258,FAR-258,TR-058,Nairobi,completed,Harvesting,17382.23,pending,2026-02-10T02:00:00
BKG-05259,FAR-259,TR-059,Embu,completed,Soil management,26923.96,paid,2026-02-11T03:00:00
BKG-05260,FAR-260,TR-060,Kiambu,pending,Land preparation,47159.3,pending,2026-02-12T04:00:00
BKG-05261,FAR-261,TR-061,Machakos,cancelled,Planting,50333.98,void,2026-02-13T05:00:00
BKG-05262,FAR-262,TR-062,Nakuru,completed,Weeding,39995.87,paid,2026-02-14T06:00:00
BKG-05263,FAR-263,TR-063,Nairobi,completed,Harvesting,11873.63,paid,2026-02-15T07:00:00
BKG-05264,FAR-264,TR-064,Embu,completed,Soil management,42103.34,pending,2026-02-16T08:00:00
BKG-05265,FAR-265,TR-065,Kiambu,completed,Land preparation,46269.86,paid,2026-02-17T09:00:00
BKG-05266,FAR-266,TR-066,Machakos,pending,Planting,37026.32,pending,2026-02-18T10:00:00
BKG-05267,FAR-267,TR-067,Nakuru,cancelled,Weeding,16733.32,void,2026-02-19T11:00:00
BKG-05268,FAR-268,TR-068,Nairobi,completed,Harvesting,30621.65,paid,2026-02-20T12:00:00
BKG-05269,FAR-269,TR-069,Embu,completed,Soil management,9165.57,paid,2026-02-21T13:00:00
BKG-05270,FAR-270,TR-070,Kiambu,completed,Land preparation,41396.36,paid,2026-02-22T14:00:00
BKG-05271,FAR-271,TR-071,Machakos,completed,Planting,11127.8,paid,2026-02-23T15:00:00
BKG-05272,FAR-272,TR-072,Nakuru,pending,Weeding,48508.85,pending,2026-02-24T16:00:00
BKG-05273,FAR-273,TR-073,Nairobi,cancelled,Harvesting,36690.52,void,2026-02-25T17:00:00
BKG-05274,FAR-274,TR-074,Embu,completed,Soil management,24061.77,paid,2026-02-26T18:00:00
BKG-05275,FAR-275,TR-075,Kiambu,completed,Land preparation,24707.09,paid,2026-02-27T19:00:00
BKG-05276,FAR-276,TR-076,Machakos,completed,Planting,19731.77,paid,2026-02-28T20:00:00
BKG-05277,FAR-277,TR-077,Nakuru,completed,Weeding,16606.83,pending,2026-03-01T21:00:00
BKG-05278,FAR-278,TR-078,Nairobi,pending,Harvesting,11893.72,pending,2026-03-02T22:00:00
BKG-05279,FAR-279,TR-079,Embu,cancelled,Soil management,30717.39,void,2026-03-03T23:00:00
BKG-05280,FAR-280,TR-080,Kiambu,completed,Land preparation,36172.97,paid,2026-03-04T00:00:00
BKG-05281,FAR-281,TR-081,Machakos,completed,Planting,22574.59,paid,2026-03-05T01:00:00
BKG-05282,FAR-282,TR-082,Nakuru,completed,Weeding,38451.22,paid,2026-03-06T02:00:00
BKG-05283,FAR-283,TR-083,Nairobi,completed,Harvesting,16689.84,paid,2026-03-07T03:00:00
BKG-05284,FAR-284,TR-084,Embu,pending,Soil management,47513.16,pending,2026-03-08T04:00:00
BKG-05285,FAR-285,TR-085,Kiambu,cancelled,Land preparation,9492.5,void,2026-03-09T05:00:00
BKG-05286,FAR-286,TR-086,Machakos,completed,Planting,9406.92,paid,2026-03-10T06:00:00
BKG-05287,FAR-287,TR-087,Nakuru,completed,Weeding,43484.65,paid,2026-03-11T07:00:00
BKG-05288,FAR-288,TR-088,Nairobi,completed,Harvesting,53341.24,paid,2026-03-12T08:00:00
BKG-05289,FAR-289,TR-089,Embu,completed,Soil management,17693.84,paid,2026-03-13T09:00:00
BKG-05290,FAR-290,TR-090,Kiambu,pending,Land preparation,37167.94,pending,2026-03-14T10:00:00
BKG-05291,FAR-291,TR-091,Machakos,cancelled,Planting,28859.29,void,2026-03-15T11:00:00
BKG-05292,FAR-292,TR-092,Nakuru,completed,Weeding,10134.31,paid,2026-03-16T12:00:00
BKG-05293,FAR-293,TR-093,Nairobi,completed,Harvesting,28432.4,paid,2026-03-17T13:00:00
BKG-05294,FAR-294,TR-094,Embu,completed,Soil management,23154.74,paid,2026-03-18T14:00:00
BKG-05295,FAR-295,TR-095,Kiambu,completed,Land preparation,9189.1,paid,2026-03-19T15:00:00
BKG-05296,FAR-296,TR-096,Machakos,pending,Planting,21556.25,pending,2026-03-20T16:00:00
BKG-05297,FAR-297,TR-097,Nakuru,cancelled,Weeding,22611.55,void,2026-03-21T17:00:00
BKG-05298,FAR-298,TR-098,Nairobi,completed,Harvesting,51977.85,paid,2026-03-22T18:00:00
BKG-05299,FAR-299,TR-099,Embu,completed,Soil management,53470.76,paid,2026-03-23T19:00:00
BKG-05300,FAR-300,TR-100,Kiambu,completed,Land preparation,45470.54,pending,2026-03-24T20:00:00
BKG-05301,FAR-301,TR-001,Machakos,completed,Planting,50962.73,paid,2026-03-25T21:00:00
BKG-05302,FAR-302,TR-002,Nakuru,pending,Weeding,43645.88,pending,2026-03-26T22:00:00
BKG-05303,FAR-303,TR-003,Nairobi,cancelled,Harvesting,9393.21,void,2026-03-27T23:00:00
BKG-05304,FAR-304,TR-004,Embu,completed,Soil management,20993.23,paid,2026-03-28T00:00:00
BKG-05305,FAR-305,TR-005,Kiambu,completed,Land preparation,17605.03,paid,2026-03-29T01:00:00
BKG-05306,FAR-306,TR-006,Machakos,completed,Planting,25829.87,paid,2026-03-30T02:00:00
BKG-05307,FAR-307,TR-007,Nakuru,completed,Weeding,30949.24,paid,2026-03-31T03:00:00
BKG-05308,FAR-308,TR-008,Nairobi,pending,Harvesting,13716.78,pending,2026-04-01T04:00:00
BKG-05309,FAR-309,TR-009,Embu,cancelled,Soil management,49010.66,void,2026-04-02T05:00:00
BKG-05310,FAR-310,TR-010,Kiambu,completed,Land preparation,41999.86,paid,2026-04-03T06:00:00
BKG-05311,FAR-311,TR-011,Machakos,completed,Planting,33726.19,paid,2026-04-04T07:00:00
BKG-05312,FAR-312,TR-012,Nakuru,completed,Weeding,31007.5,pending,2026-04-05T08:00:00
BKG-05313,FAR-313,TR-013,Nairobi,completed,Harvesting,35983.48,pending,2026-04-06T09:00:00
BKG-05314,FAR-314,TR-014,Embu,pending,Soil management,35287.42,pending,2026-04-07T10:00:00
BKG-05315,FAR-315,TR-015,Kiambu,cancelled,Land preparation,48053.73,void,2026-04-08T11:00:00
BKG-05316,FAR-316,TR-016,Machakos,completed,Planting,9553.29,paid,2026-04-09T12:00:00
BKG-05317,FAR-317,TR-017,Nakuru,completed,Weeding,51897.57,paid,2026-04-10T13:00:00
BKG-05318,FAR-318,TR-018,Nairobi,completed,Harvesting,45287.36,paid,2026-04-11T14:00:00
BKG-05319,FAR-319,TR-019,Embu,completed,Soil management,53679.61,paid,2026-04-12T15:00:00
BKG-05320,FAR-320,TR-020,Kiambu,pending,Land preparation,33331.73,pending,2026-04-13T16:00:00
BKG-05321,FAR-321,TR-021,Machakos,cancelled,Planting,22141.62,void,2026-04-14T17:00:00
BKG-05322,FAR-322,TR-022,Nakuru,completed,Weeding,31269.59,paid,2026-04-15T18:00:00
BKG-05323,FAR-323,TR-023,Nairobi,completed,Harvesting,12676.23,paid,2026-04-16T19:00:00
BKG-05324,FAR-324,TR-024,Embu,completed,Soil management,38136.77,paid,2026-04-17T20:00:00
BKG-05325,FAR-325,TR-025,Kiambu,completed,Land preparation,46512.77,paid,2026-04-18T21:00:00
BKG-05326,FAR-326,TR-026,Machakos,pending,Planting,52688.27,pending,2026-04-19T22:00:00
BKG-05327,FAR-327,TR-027,Nakuru,cancelled,Weeding,18864.05,void,2026-04-20T23:00:00
BKG-05328,FAR-328,TR-028,Nairobi,completed,Harvesting,16515.06,paid,2026-04-21T00:00:00
BKG-05329,FAR-329,TR-029,Embu,completed,Soil management,20169.59,paid,2026-04-22T01:00:00
BKG-05330,FAR-330,TR-030,Kiambu,completed,Land preparation,16099.51,paid,2026-04-23T02:00:00
BKG-05331,FAR-331,TR-031,Machakos,completed,Planting,11738.6,paid,2026-04-24T03:00:00
BKG-05332,FAR-332,TR-032,Nakuru,pending,Weeding,43975.79,pending,2026-04-25T04:00:00
BKG-05333,FAR-333,TR-033,Nairobi,cancelled,Harvesting,51929.82,void,2026-04-26T05:00:00
BKG-05334,FAR-334,TR-034,Embu,completed,Soil management,40563.05,paid,2026-04-27T06:00:00
BKG-05335,FAR-335,TR-035,Kiambu,completed,Land preparation,23572.89,paid,2026-04-28T07:00:00
BKG-05336,FAR-336,TR-036,Machakos,completed,Planting,35932.16,paid,2026-04-29T08:00:00
BKG-05337,FAR-337,TR-037,Nakuru,completed,Weeding,34914.33,pending,2026-04-30T09:00:00
BKG-05338,FAR-338,TR-038,Nairobi,pending,Harvesting,43350.66,pending,2026-05-01T10:00:00
BKG-05339,FAR-339,TR-039,Embu,cancelled,Soil management,20117.74,void,2026-05-02T11:00:00
BKG-05340,FAR-340,TR-040,Kiambu,completed,Land preparation,52885.72,paid,2026-05-03T12:00:00
BKG-05341,FAR-341,TR-041,Machakos,completed,Planting,24472.72,paid,2026-05-04T13:00:00
BKG-05342,FAR-342,TR-042,Nakuru,completed,Weeding,47508.34,paid,2026-05-05T14:00:00
BKG-05343,FAR-343,TR-043,Nairobi,completed,Harvesting,35317.65,paid,2026-05-06T15:00:00
BKG-05344,FAR-344,TR-044,Embu,pending,Soil management,35537.21,pending,2026-05-07T16:00:00
BKG-05345,FAR-345,TR-045,Kiambu,cancelled,Land preparation,10075.16,void,2026-05-08T17:00:00
BKG-05346,FAR-346,TR-046,Machakos,completed,Planting,27457.02,paid,2026-05-09T18:00:00
BKG-05347,FAR-347,TR-047,Nakuru,completed,Weeding,49130.85,paid,2026-05-10T19:00:00
BKG-05348,FAR-348,TR-048,Nairobi,completed,Harvesting,25504.67,paid,2026-05-11T20:00:00
BKG-05349,FAR-349,TR-049,Embu,completed,Soil management,30631.21,paid,2026-05-12T21:00:00
BKG-05350,FAR-350,TR-050,Kiambu,pending,Land preparation,38280.15,pending,2026-05-13T22:00:00
BKG-05351,FAR-351,TR-051,Machakos,cancelled,Planting,13211.02,void,2026-05-14T23:00:00
BKG-05352,FAR-352,TR-052,Nakuru,completed,Weeding,9546.61,paid,2026-05-15T00:00:00
BKG-05353,FAR-353,TR-053,Nairobi,completed,Harvesting,31371.93,paid,2026-05-16T01:00:00
BKG-05354,FAR-354,TR-054,Embu,completed,Soil management,52101.71,paid,2026-05-17T02:00:00
BKG-05355,FAR-355,TR-055,Kiambu,completed,Land preparation,18702.03,paid,2026-05-18T03:00:00
BKG-05356,FAR-356,TR-056,Machakos,pending,Planting,13134.9,pending,2026-05-19T04:00:00
BKG-05357,FAR-357,TR-057,Nakuru,cancelled,Weeding,20589.15,void,2026-05-20T05:00:00
BKG-05358,FAR-358,TR-058,Nairobi,completed,Harvesting,34960.65,paid,2026-05-21T06:00:00
BKG-05359,FAR-359,TR-059,Embu,completed,Soil management,25086.16,paid,2026-05-22T07:00:00
BKG-05360,FAR-360,TR-060,Kiambu,completed,Land preparation,25714.15,paid,2026-05-23T08:00:00
BKG-05361,FAR-361,TR-061,Machakos,completed,Planting,44869.44,pending,2026-05-24T09:00:00
BKG-05362,FAR-362,TR-062,Nakuru,pending,Weeding,21063.48,pending,2026-05-25T10:00:00
BKG-05363,FAR-363,TR-063,Nairobi,cancelled,Harvesting,43819.92,void,2026-05-26T11:00:00
BKG-05364,FAR-364,TR-064,Embu,completed,Soil management,34405.35,paid,2026-05-27T12:00:00
BKG-05365,FAR-365,TR-065,Kiambu,completed,Land preparation,13462.2,paid,2026-05-28T13:00:00
BKG-05366,FAR-366,TR-066,Machakos,completed,Planting,48141.53,paid,2026-05-29T14:00:00
BKG-05367,FAR-367,TR-067,Nakuru,completed,Weeding,31708.15,paid,2026-05-30T15:00:00
BKG-05368,FAR-368,TR-068,Nairobi,pending,Harvesting,48392.74,pending,2026-05-31T16:00:00
BKG-05369,FAR-369,TR-069,Embu,cancelled,Soil management,18796.56,void,2026-06-01T17:00:00
BKG-05370,FAR-370,TR-070,Kiambu,completed,Land preparation,36982.54,paid,2026-06-02T18:00:00
BKG-05371,FAR-371,TR-071,Machakos,completed,Planting,10497.67,paid,2026-06-03T19:00:00
BKG-05372,FAR-372,TR-072,Nakuru,completed,Weeding,50276.64,paid,2026-06-04T20:00:00
BKG-05373,FAR-373,TR-073,Nairobi,completed,Harvesting,15061.68,paid,2026-06-05T21:00:00
BKG-05374,FAR-374,TR-074,Embu,pending,Soil management,43715.03,pending,2026-06-06T22:00:00
BKG-05375,FAR-375,TR-075,Kiambu,cancelled,Land preparation,37472.03,void,2026-06-07T23:00:00
BKG-05376,FAR-376,TR-076,Machakos,completed,Planting,25823.26,paid,2026-06-08T00:00:00
BKG-05377,FAR-377,TR-077,Nakuru,completed,Weeding,20654.98,paid,2026-06-09T01:00:00
BKG-05378,FAR-378,TR-078,Nairobi,completed,Harvesting,41016.74,pending,2026-06-10T02:00:00
BKG-05379,FAR-379,TR-079,Embu,completed,Soil management,31595.57,paid,2026-06-11T03:00:00
BKG-05380,FAR-380,TR-080,Kiambu,pending,Land preparation,51618.92,pending,2026-06-12T04:00:00
BKG-05381,FAR-381,TR-081,Machakos,cancelled,Planting,40255.7,void,2026-06-13T05:00:00
BKG-05382,FAR-382,TR-082,Nakuru,completed,Weeding,14132.81,paid,2026-06-14T06:00:00
BKG-05383,FAR-383,TR-083,Nairobi,completed,Harvesting,25870.53,pending,2026-06-15T07:00:00
BKG-05384,FAR-384,TR-084,Embu,completed,Soil management,13907.86,paid,2026-06-16T08:00:00
BKG-05385,FAR-385,TR-085,Kiambu,completed,Land preparation,45231.44,paid,2026-06-17T09:00:00
BKG-05386,FAR-386,TR-086,Machakos,pending,Planting,43511.5,pending,2026-06-18T10:00:00
BKG-05387,FAR-387,TR-087,Nakuru,cancelled,Weeding,19491.27,void,2026-06-19T11:00:00
BKG-05388,FAR-388,TR-088,Nairobi,completed,Harvesting,38492.66,pending,2026-06-20T12:00:00
BKG-05389,FAR-389,TR-089,Embu,completed,Soil management,12958.0,paid,2026-06-21T13:00:00
BKG-05390,FAR-390,TR-090,Kiambu,completed,Land preparation,42466.14,paid,2026-06-22T14:00:00
BKG-05391,FAR-391,TR-091,Machakos,completed,Planting,44598.93,paid,2026-06-23T15:00:00
BKG-05392,FAR-392,TR-092,Nakuru,pending,Weeding,33434.76,pending,2026-06-24T16:00:00
BKG-05393,FAR-393,TR-093,Nairobi,cancelled,Harvesting,9112.73,void,2026-06-25T17:00:00
BKG-05394,FAR-394,TR-094,Embu,completed,Soil management,30957.81,paid,2026-06-26T18:00:00
BKG-05395,FAR-395,TR-095,Kiambu,completed,Land preparation,28956.53,paid,2026-06-27T19:00:00
BKG-05396,FAR-396,TR-096,Machakos,completed,Planting,9047.08,paid,2026-06-28T20:00:00
BKG-05397,FAR-397,TR-097,Nakuru,completed,Weeding,34796.56,pending,2026-06-29T21:00:00
BKG-05398,FAR-398,TR-098,Nairobi,pending,Harvesting,9284.15,pending,2026-06-30T22:00:00
BKG-05399,FAR-399,TR-099,Embu,cancelled,Soil management,44101.99,void,2026-07-01T23:00:00
BKG-05400,FAR-400,TR-100,Kiambu,completed,Land preparation,36745.64,paid,2026-07-02T00:00:00
BKG-05401,FAR-401,TR-001,Machakos,completed,Planting,11217.52,pending,2026-07-03T01:00:00
BKG-05402,FAR-402,TR-002,Nakuru,completed,Weeding,42455.13,paid,2026-07-04T02:00:00
BKG-05403,FAR-403,TR-003,Nairobi,completed,Harvesting,20062.69,paid,2026-07-05T03:00:00
BKG-05404,FAR-404,TR-004,Embu,pending,Soil management,37028.46,pending,2026-07-06T04:00:00
BKG-05405,FAR-405,TR-005,Kiambu,cancelled,Land preparation,11611.35,void,2026-07-07T05:00:00
BKG-05406,FAR-406,TR-006,Machakos,completed,Planting,33878.56,paid,2026-07-08T06:00:00
BKG-05407,FAR-407,TR-007,Nakuru,completed,Weeding,11290.11,paid,2026-07-09T07:00:00
BKG-05408,FAR-408,TR-008,Nairobi,completed,Harvesting,13596.47,paid,2026-07-10T08:00:00
BKG-05409,FAR-409,TR-009,Embu,completed,Soil management,25937.53,paid,2026-07-11T09:00:00
BKG-05410,FAR-410,TR-010,Kiambu,pending,Land preparation,26557.58,pending,2026-07-12T10:00:00
BKG-05411,FAR-411,TR-011,Machakos,cancelled,Planting,38926.73,void,2026-07-13T11:00:00
BKG-05412,FAR-412,TR-012,Nakuru,completed,Weeding,35072.42,pending,2026-07-14T12:00:00
BKG-05413,FAR-413,TR-013,Nairobi,completed,Harvesting,53323.18,paid,2026-07-15T13:00:00
BKG-05414,FAR-414,TR-014,Embu,completed,Soil management,38290.92,paid,2026-07-16T14:00:00
BKG-05415,FAR-415,TR-015,Kiambu,completed,Land preparation,37772.43,paid,2026-07-17T15:00:00
BKG-05416,FAR-416,TR-016,Machakos,pending,Planting,28578.74,pending,2026-07-18T16:00:00
BKG-05417,FAR-417,TR-017,Nakuru,cancelled,Weeding,36846.14,void,2026-07-19T17:00:00
BKG-05418,FAR-418,TR-018,Nairobi,completed,Harvesting,52087.02,paid,2026-07-20T18:00:00
BKG-05419,FAR-419,TR-019,Embu,completed,Soil management,15907.79,paid,2026-07-21T19:00:00
BKG-05420,FAR-420,TR-020,Kiambu,completed,Land preparation,42938.36,paid,2026-07-22T20:00:00
BKG-05421,FAR-421,TR-021,Machakos,completed,Planting,28023.75,paid,2026-07-23T21:00:00
BKG-05422,FAR-422,TR-022,Nakuru,pending,Weeding,29961.32,pending,2026-07-24T22:00:00
BKG-05423,FAR-423,TR-023,Nairobi,cancelled,Harvesting,9765.97,void,2026-07-25T23:00:00
BKG-05424,FAR-424,TR-024,Embu,completed,Soil management,35081.41,paid,2026-07-26T00:00:00
BKG-05425,FAR-425,TR-025,Kiambu,completed,Land preparation,13097.12,paid,2026-07-27T01:00:00
BKG-05426,FAR-426,TR-026,Machakos,completed,Planting,13205.9,paid,2026-07-28T02:00:00
BKG-05427,FAR-427,TR-027,Nakuru,completed,Weeding,31274.12,paid,2026-07-29T03:00:00
BKG-05428,FAR-428,TR-028,Nairobi,pending,Harvesting,24612.6,pending,2026-07-30T04:00:00
BKG-05429,FAR-429,TR-029,Embu,cancelled,Soil management,51217.35,void,2026-07-31T05:00:00
BKG-05430,FAR-430,TR-030,Kiambu,completed,Land preparation,43597.01,pending,2026-08-01T06:00:00
BKG-05431,FAR-431,TR-031,Machakos,completed,Planting,41122.19,paid,2026-08-02T07:00:00
BKG-05432,FAR-432,TR-032,Nakuru,completed,Weeding,11363.65,paid,2026-08-03T08:00:00
BKG-05433,FAR-433,TR-033,Nairobi,completed,Harvesting,43327.97,paid,2026-08-04T09:00:00
BKG-05434,FAR-434,TR-034,Embu,pending,Soil management,32412.85,pending,2026-08-05T10:00:00
BKG-05435,FAR-435,TR-035,Kiambu,cancelled,Land preparation,40466.99,void,2026-08-06T11:00:00
BKG-05436,FAR-436,TR-036,Machakos,completed,Planting,14815.32,paid,2026-08-07T12:00:00
BKG-05437,FAR-437,TR-037,Nakuru,completed,Weeding,26478.36,pending,2026-08-08T13:00:00
BKG-05438,FAR-438,TR-038,Nairobi,completed,Harvesting,35801.53,paid,2026-08-09T14:00:00
BKG-05439,FAR-439,TR-039,Embu,completed,Soil management,11343.0,paid,2026-08-10T15:00:00
BKG-05440,FAR-440,TR-040,Kiambu,pending,Land preparation,40078.83,pending,2026-08-11T16:00:00
BKG-05441,FAR-441,TR-041,Machakos,cancelled,Planting,35702.77,void,2026-08-12T17:00:00
BKG-05442,FAR-442,TR-042,Nakuru,completed,Weeding,11605.87,paid,2026-08-13T18:00:00
BKG-05443,FAR-443,TR-043,Nairobi,completed,Harvesting,21821.79,paid,2026-08-14T19:00:00
BKG-05444,FAR-444,TR-044,Embu,completed,Soil management,52532.15,paid,2026-08-15T20:00:00
BKG-05445,FAR-445,TR-045,Kiambu,completed,Land preparation,52138.63,pending,2026-08-16T21:00:00
BKG-05446,FAR-446,TR-046,Machakos,pending,Planting,48075.17,pending,2026-08-17T22:00:00
BKG-05447,FAR-447,TR-047,Nakuru,cancelled,Weeding,21606.18,void,2026-08-18T23:00:00
BKG-05448,FAR-448,TR-048,Nairobi,completed,Harvesting,18683.47,paid,2026-08-19T00:00:00
BKG-05449,FAR-449,TR-049,Embu,completed,Soil management,19318.77,paid,2026-08-20T01:00:00
BKG-05450,FAR-450,TR-050,Kiambu,completed,Land preparation,24397.64,paid,2026-08-21T02:00:00
BKG-05451,FAR-451,TR-051,Machakos,completed,Planting,14718.96,paid,2026-08-22T03:00:00
BKG-05452,FAR-452,TR-052,Nakuru,pending,Weeding,50454.37,pending,2026-08-23T04:00:00
BKG-05453,FAR-453,TR-053,Nairobi,cancelled,Harvesting,26668.31,void,2026-08-24T05:00:00
BKG-05454,FAR-454,TR-054,Embu,completed,Soil management,23709.63,paid,2026-08-25T06:00:00
BKG-05455,FAR-455,TR-055,Kiambu,completed,Land preparation,19059.55,paid,2026-08-26T07:00:00
BKG-05456,FAR-456,TR-056,Machakos,completed,Planting,23939.17,paid,2026-08-27T08:00:00
BKG-05457,FAR-457,TR-057,Nakuru,completed,Weeding,39371.16,pending,2026-08-28T09:00:00
BKG-05458,FAR-458,TR-058,Nairobi,pending,Harvesting,23978.82,pending,2026-08-29T10:00:00
BKG-05459,FAR-459,TR-059,Embu,cancelled,Soil management,13868.42,void,2026-08-30T11:00:00
BKG-05460,FAR-460,TR-060,Kiambu,completed,Land preparation,9533.23,pending,2026-08-31T12:00:00
BKG-05461,FAR-461,TR-061,Machakos,completed,Planting,53380.73,paid,2026-09-01T13:00:00
BKG-05462,FAR-462,TR-062,Nakuru,completed,Weeding,45547.59,pending,2026-09-02T14:00:00
BKG-05463,FAR-463,TR-063,Nairobi,completed,Harvesting,40686.57,paid,2026-09-03T15:00:00
BKG-05464,FAR-464,TR-064,Embu,pending,Soil management,34657.93,pending,2026-09-04T16:00:00
BKG-05465,FAR-465,TR-065,Kiambu,cancelled,Land preparation,32277.96,void,2026-09-05T17:00:00
BKG-05466,FAR-466,TR-066,Machakos,completed,Planting,39420.61,pending,2026-09-06T18:00:00
BKG-05467,FAR-467,TR-067,Nakuru,completed,Weeding,29365.21,pending,2026-09-07T19:00:00
BKG-05468,FAR-468,TR-068,Nairobi,completed,Harvesting,12568.04,paid,2026-09-08T20:00:00
BKG-05469,FAR-469,TR-069,Embu,completed,Soil management,37220.82,paid,2026-09-09T21:00:00
BKG-05470,FAR-470,TR-070,Kiambu,pending,Land preparation,12512.94,pending,2026-09-10T22:00:00
BKG-05471,FAR-471,TR-071,Machakos,cancelled,Planting,28269.35,void,2026-09-11T23:00:00
BKG-05472,FAR-472,TR-072,Nakuru,completed,Weeding,37481.03,paid,2026-09-12T00:00:00
BKG-05473,FAR-473,TR-073,Nairobi,completed,Harvesting,29380.31,paid,2026-09-13T01:00:00
BKG-05474,FAR-474,TR-074,Embu,completed,Soil management,53518.89,paid,2026-09-14T02:00:00
BKG-05475,FAR-475,TR-075,Kiambu,completed,Land preparation,50168.68,paid,2025-09-15T03:00:00
BKG-05476,FAR-476,TR-076,Machakos,pending,Planting,25220.15,pending,2025-09-16T04:00:00
BKG-05477,FAR-477,TR-077,Nakuru,cancelled,Weeding,35250.98,void,2025-09-17T05:00:00
BKG-05478,FAR-478,TR-078,Nairobi,completed,Harvesting,25010.86,pending,2025-09-18T06:00:00
BKG-05479,FAR-479,TR-079,Embu,completed,Soil management,21721.06,paid,2025-09-19T07:00:00
BKG-05480,FAR-480,TR-080,Kiambu,completed,Land preparation,41779.03,paid,2025-09-20T08:00:00
BKG-05481,FAR-481,TR-081,Machakos,completed,Planting,21748.93,paid,2025-09-21T09:00:00
BKG-05482,FAR-482,TR-082,Nakuru,pending,Weeding,48357.39,pending,2025-09-22T10:00:00
BKG-05483,FAR-483,TR-083,Nairobi,cancelled,Harvesting,15324.81,void,2025-09-23T11:00:00
BKG-05484,FAR-484,TR-084,Embu,completed,Soil management,30559.79,paid,2025-09-24T12:00:00
BKG-05485,FAR-485,TR-085,Kiambu,completed,Land preparation,33579.52,paid,2025-09-25T13:00:00
BKG-05486,FAR-486,TR-086,Machakos,completed,Planting,22044.68,paid,2025-09-26T14:00:00
BKG-05487,FAR-487,TR-087,Nakuru,completed,Weeding,22943.31,paid,2025-09-27T15:00:00
BKG-05488,FAR-488,TR-088,Nairobi,pending,Harvesting,29994.96,pending,2025-09-28T16:00:00
BKG-05489,FAR-489,TR-089,Embu,cancelled,Soil management,27471.71,void,2025-09-29T17:00:00
BKG-05490,FAR-490,TR-090,Kiambu,completed,Land preparation,48354.12,paid,2025-09-30T18:00:00
BKG-05491,FAR-491,TR-091,Machakos,completed,Planting,40888.13,paid,2025-10-01T19:00:00
BKG-05492,FAR-492,TR-092,Nakuru,completed,Weeding,15152.24,paid,2025-10-02T20:00:00
BKG-05493,FAR-493,TR-093,Nairobi,completed,Harvesting,32789.22,paid,2025-10-03T21:00:00
BKG-05494,FAR-494,TR-094,Embu,pending,Soil management,12189.7,pending,2025-10-04T22:00:00
BKG-05495,FAR-495,TR-095,Kiambu,cancelled,Land preparation,30308.77,void,2025-10-05T23:00:00
BKG-05496,FAR-496,TR-096,Machakos,completed,Planting,22527.23,pending,2025-10-06T00:00:00
BKG-05497,FAR-497,TR-097,Nakuru,completed,Weeding,35629.98,paid,2025-10-07T01:00:00
BKG-05498,FAR-498,TR-098,Nairobi,completed,Harvesting,46722.73,paid,2025-10-08T02:00:00
BKG-05499,FAR-499,TR-099,Embu,completed,Soil management,34402.09,paid,2025-10-09T03:00:00
BKG-05500,FAR-500,TR-100,Kiambu,pending,Land preparation,38853.31,pending,2025-10-10T04:00:00
BKG-05501,FAR-001,TR-001,Machakos,cancelled,Planting,35338.91,void,2025-10-11T05:00:00
BKG-05502,FAR-002,TR-002,Nakuru,completed,Weeding,28959.03,paid,2025-10-12T06:00:00
BKG-05503,FAR-003,TR-003,Nairobi,completed,Harvesting,45235.21,paid,2025-10-13T07:00:00
BKG-05504,FAR-004,TR-004,Embu,completed,Soil management,50163.74,paid,2025-10-14T08:00:00
BKG-05505,FAR-005,TR-005,Kiambu,completed,Land preparation,41785.37,paid,2025-10-15T09:00:00
BKG-05506,FAR-006,TR-006,Machakos,pending,Planting,17095.03,pending,2025-10-16T10:00:00
BKG-05507,FAR-007,TR-007,Nakuru,cancelled,Weeding,44291.41,void,2025-10-17T11:00:00
BKG-05508,FAR-008,TR-008,Nairobi,completed,Harvesting,39403.12,paid,2025-10-18T12:00:00
BKG-05509,FAR-009,TR-009,Embu,completed,Soil management,40837.09,paid,2025-10-19T13:00:00
BKG-05510,FAR-010,TR-010,Kiambu,completed,Land preparation,44847.01,paid,2025-10-20T14:00:00
BKG-05511,FAR-011,TR-011,Machakos,completed,Planting,12827.42,paid,2025-10-21T15:00:00
BKG-05512,FAR-012,TR-012,Nakuru,pending,Weeding,13925.8,pending,2025-10-22T16:00:00
BKG-05513,FAR-013,TR-013,Nairobi,cancelled,Harvesting,27877.34,void,2025-10-23T17:00:00
BKG-05514,FAR-014,TR-014,Embu,completed,Soil management,16342.55,paid,2025-10-24T18:00:00
BKG-05515,FAR-015,TR-015,Kiambu,completed,Land preparation,11957.41,paid,2025-10-25T19:00:00
BKG-05516,FAR-016,TR-016,Machakos,completed,Planting,45992.13,paid,2025-10-26T20:00:00
BKG-05517,FAR-017,TR-017,Nakuru,completed,Weeding,25041.64,paid,2025-10-27T21:00:00
BKG-05518,FAR-018,TR-018,Nairobi,pending,Harvesting,12524.28,pending,2025-10-28T22:00:00
BKG-05519,FAR-019,TR-019,Embu,cancelled,Soil management,51176.01,void,2025-10-29T23:00:00
BKG-05520,FAR-020,TR-020,Kiambu,completed,Land preparation,14993.34,paid,2025-10-30T00:00:00
BKG-05521,FAR-021,TR-021,Machakos,completed,Planting,47751.49,paid,2025-10-31T01:00:00
BKG-05522,FAR-022,TR-022,Nakuru,completed,Weeding,20466.38,paid,2025-11-01T02:00:00
BKG-05523,FAR-023,TR-023,Nairobi,completed,Harvesting,20552.1,paid,2025-11-02T03:00:00
BKG-05524,FAR-024,TR-024,Embu,pending,Soil management,26821.12,pending,2025-11-03T04:00:00
BKG-05525,FAR-025,TR-025,Kiambu,cancelled,Land preparation,49531.52,void,2025-11-04T05:00:00
BKG-05526,FAR-026,TR-026,Machakos,completed,Planting,21188.94,pending,2025-11-05T06:00:00
BKG-05527,FAR-027,TR-027,Nakuru,completed,Weeding,17389.85,paid,2025-11-06T07:00:00
BKG-05528,FAR-028,TR-028,Nairobi,completed,Harvesting,33615.58,paid,2025-11-07T08:00:00
BKG-05529,FAR-029,TR-029,Embu,completed,Soil management,30743.73,paid,2025-11-08T09:00:00
BKG-05530,FAR-030,TR-030,Kiambu,pending,Land preparation,51301.05,pending,2025-11-09T10:00:00
BKG-05531,FAR-031,TR-031,Machakos,cancelled,Planting,18441.32,void,2025-11-10T11:00:00
BKG-05532,FAR-032,TR-032,Nakuru,completed,Weeding,39056.86,paid,2025-11-11T12:00:00
BKG-05533,FAR-033,TR-033,Nairobi,completed,Harvesting,12761.11,paid,2025-11-12T13:00:00
BKG-05534,FAR-034,TR-034,Embu,completed,Soil management,10586.15,paid,2025-11-13T14:00:00
BKG-05535,FAR-035,TR-035,Kiambu,completed,Land preparation,36550.71,paid,2025-11-14T15:00:00
BKG-05536,FAR-036,TR-036,Machakos,pending,Planting,29975.56,pending,2025-11-15T16:00:00
BKG-05537,FAR-037,TR-037,Nakuru,cancelled,Weeding,43644.51,void,2025-11-16T17:00:00
BKG-05538,FAR-038,TR-038,Nairobi,completed,Harvesting,25416.12,paid,2025-11-17T18:00:00
BKG-05539,FAR-039,TR-039,Embu,completed,Soil management,9175.44,paid,2025-11-18T19:00:00
BKG-05540,FAR-040,TR-040,Kiambu,completed,Land preparation,43321.2,paid,2025-11-19T20:00:00
BKG-05541,FAR-041,TR-041,Machakos,completed,Planting,18981.22,paid,2025-11-20T21:00:00
BKG-05542,FAR-042,TR-042,Nakuru,pending,Weeding,42760.76,pending,2025-11-21T22:00:00
BKG-05543,FAR-043,TR-043,Nairobi,cancelled,Harvesting,18401.9,void,2025-11-22T23:00:00
BKG-05544,FAR-044,TR-044,Embu,completed,Soil management,38461.4,paid,2025-11-23T00:00:00
BKG-05545,FAR-045,TR-045,Kiambu,completed,Land preparation,31621.36,paid,2025-11-24T01:00:00
BKG-05546,FAR-046,TR-046,Machakos,completed,Planting,35136.18,paid,2025-11-25T02:00:00
BKG-05547,FAR-047,TR-047,Nakuru,completed,Weeding,36783.24,paid,2025-11-26T03:00:00
BKG-05548,FAR-048,TR-048,Nairobi,pending,Harvesting,45497.77,pending,2025-11-27T04:00:00
BKG-05549,FAR-049,TR-049,Embu,cancelled,Soil management,12874.29,void,2025-11-28T05:00:00
BKG-05550,FAR-050,TR-050,Kiambu,completed,Land preparation,18788.66,paid,2025-11-29T06:00:00
BKG-05551,FAR-051,TR-051,Machakos,completed,Planting,49226.94,paid,2025-11-30T07:00:00
BKG-05552,FAR-052,TR-052,Nakuru,completed,Weeding,36822.28,paid,2025-12-01T08:00:00
BKG-05553,FAR-053,TR-053,Nairobi,completed,Harvesting,27836.13,paid,2025-12-02T09:00:00
BKG-05554,FAR-054,TR-054,Embu,pending,Soil management,44599.6,pending,2025-12-03T10:00:00
BKG-05555,FAR-055,TR-055,Kiambu,cancelled,Land preparation,19509.46,void,2025-12-04T11:00:00
BKG-05556,FAR-056,TR-056,Machakos,completed,Planting,30607.76,paid,2025-12-05T12:00:00
BKG-05557,FAR-057,TR-057,Nakuru,completed,Weeding,17218.73,paid,2025-12-06T13:00:00
BKG-05558,FAR-058,TR-058,Nairobi,completed,Harvesting,13438.08,paid,2025-12-07T14:00:00
BKG-05559,FAR-059,TR-059,Embu,completed,Soil management,16008.46,paid,2025-12-08T15:00:00
BKG-05560,FAR-060,TR-060,Kiambu,pending,Land preparation,16670.07,pending,2025-12-09T16:00:00
BKG-05561,FAR-061,TR-061,Machakos,cancelled,Planting,44424.21,void,2025-12-10T17:00:00
BKG-05562,FAR-062,TR-062,Nakuru,completed,Weeding,46177.53,paid,2025-12-11T18:00:00
BKG-05563,FAR-063,TR-063,Nairobi,completed,Harvesting,23927.15,paid,2025-12-12T19:00:00
BKG-05564,FAR-064,TR-064,Embu,completed,Soil management,14027.41,paid,2025-12-13T20:00:00
BKG-05565,FAR-065,TR-065,Kiambu,completed,Land preparation,24258.92,paid,2025-12-14T21:00:00
BKG-05566,FAR-066,TR-066,Machakos,pending,Planting,27115.81,pending,2025-12-15T22:00:00
BKG-05567,FAR-067,TR-067,Nakuru,cancelled,Weeding,49464.75,void,2025-12-16T23:00:00
BKG-05568,FAR-068,TR-068,Nairobi,completed,Harvesting,37080.16,paid,2025-12-17T00:00:00
BKG-05569,FAR-069,TR-069,Embu,completed,Soil management,52933.01,paid,2025-12-18T01:00:00
BKG-05570,FAR-070,TR-070,Kiambu,completed,Land preparation,26735.26,paid,2025-12-19T02:00:00
BKG-05571,FAR-071,TR-071,Machakos,completed,Planting,11912.0,pending,2025-12-20T03:00:00
BKG-05572,FAR-072,TR-072,Nakuru,pending,Weeding,16074.07,pending,2025-12-21T04:00:00
BKG-05573,FAR-073,TR-073,Nairobi,cancelled,Harvesting,26225.79,void,2025-12-22T05:00:00
BKG-05574,FAR-074,TR-074,Embu,completed,Soil management,43747.73,paid,2025-12-23T06:00:00
BKG-05575,FAR-075,TR-075,Kiambu,completed,Land preparation,31733.34,paid,2025-12-24T07:00:00
BKG-05576,FAR-076,TR-076,Machakos,completed,Planting,37732.12,paid,2025-12-25T08:00:00
BKG-05577,FAR-077,TR-077,Nakuru,completed,Weeding,36482.76,paid,2025-12-26T09:00:00
BKG-05578,FAR-078,TR-078,Nairobi,pending,Harvesting,30222.12,pending,2025-12-27T10:00:00
BKG-05579,FAR-079,TR-079,Embu,cancelled,Soil management,12319.16,void,2025-12-28T11:00:00
BKG-05580,FAR-080,TR-080,Kiambu,completed,Land preparation,20750.79,paid,2025-12-29T12:00:00
BKG-05581,FAR-081,TR-081,Machakos,completed,Planting,13947.59,pending,2025-12-30T13:00:00
BKG-05582,FAR-082,TR-082,Nakuru,completed,Weeding,27702.86,paid,2025-12-31T14:00:00
BKG-05583,FAR-083,TR-083,Nairobi,completed,Harvesting,24718.57,paid,2026-01-01T15:00:00
BKG-05584,FAR-084,TR-084,Embu,pending,Soil management,11438.61,pending,2026-01-02T16:00:00
BKG-05585,FAR-085,TR-085,Kiambu,cancelled,Land preparation,23269.44,void,2026-01-03T17:00:00
BKG-05586,FAR-086,TR-086,Machakos,completed,Planting,9866.53,paid,2026-01-04T18:00:00
BKG-05587,FAR-087,TR-087,Nakuru,completed,Weeding,25107.62,paid,2026-01-05T19:00:00
BKG-05588,FAR-088,TR-088,Nairobi,completed,Harvesting,43820.54,paid,2026-01-06T20:00:00
BKG-05589,FAR-089,TR-089,Embu,completed,Soil management,53146.78,paid,2026-01-07T21:00:00
BKG-05590,FAR-090,TR-090,Kiambu,pending,Land preparation,39844.48,pending,2026-01-08T22:00:00
BKG-05591,FAR-091,TR-091,Machakos,cancelled,Planting,53872.74,void,2026-01-09T23:00:00
BKG-05592,FAR-092,TR-092,Nakuru,completed,Weeding,42485.45,paid,2026-01-10T00:00:00
BKG-05593,FAR-093,TR-093,Nairobi,completed,Harvesting,41593.26,paid,2026-01-11T01:00:00
BKG-05594,FAR-094,TR-094,Embu,completed,Soil management,33079.25,paid,2026-01-12T02:00:00
BKG-05595,FAR-095,TR-095,Kiambu,completed,Land preparation,36059.76,paid,2026-01-13T03:00:00
BKG-05596,FAR-096,TR-096,Machakos,pending,Planting,11493.13,pending,2026-01-14T04:00:00
BKG-05597,FAR-097,TR-097,Nakuru,cancelled,Weeding,15934.02,void,2026-01-15T05:00:00
BKG-05598,FAR-098,TR-098,Nairobi,completed,Harvesting,29341.1,paid,2026-01-16T06:00:00
BKG-05599,FAR-099,TR-099,Embu,completed,Soil management,36484.78,pending,2026-01-17T07:00:00
BKG-05600,FAR-100,TR-100,Kiambu,completed,Land preparation,25135.47,paid,2026-01-18T08:00:00
BKG-05601,FAR-101,TR-001,Machakos,completed,Planting,15720.65,paid,2026-01-19T09:00:00
BKG-05602,FAR-102,TR-002,Nakuru,pending,Weeding,50248.58,pending,2026-01-20T10:00:00
BKG-05603,FAR-103,TR-003,Nairobi,cancelled,Harvesting,35590.86,void,2026-01-21T11:00:00
BKG-05604,FAR-104,TR-004,Embu,completed,Soil management,43755.11,paid,2026-01-22T12:00:00
BKG-05605,FAR-105,TR-005,Kiambu,completed,Land preparation,32779.2,paid,2026-01-23T13:00:00
BKG-05606,FAR-106,TR-006,Machakos,completed,Planting,53375.62,paid,2026-01-24T14:00:00
BKG-05607,FAR-107,TR-007,Nakuru,completed,Weeding,9654.14,paid,2026-01-25T15:00:00
BKG-05608,FAR-108,TR-008,Nairobi,pending,Harvesting,33171.04,pending,2026-01-26T16:00:00
BKG-05609,FAR-109,TR-009,Embu,cancelled,Soil management,37919.15,void,2026-01-27T17:00:00
BKG-05610,FAR-110,TR-010,Kiambu,completed,Land preparation,20317.64,pending,2026-01-28T18:00:00
BKG-05611,FAR-111,TR-011,Machakos,completed,Planting,25470.85,paid,2026-01-29T19:00:00
BKG-05612,FAR-112,TR-012,Nakuru,completed,Weeding,19293.55,paid,2026-01-30T20:00:00
BKG-05613,FAR-113,TR-013,Nairobi,completed,Harvesting,45512.8,paid,2026-01-31T21:00:00
BKG-05614,FAR-114,TR-014,Embu,pending,Soil management,25501.95,pending,2026-02-01T22:00:00
BKG-05615,FAR-115,TR-015,Kiambu,cancelled,Land preparation,44309.99,void,2026-02-02T23:00:00
BKG-05616,FAR-116,TR-016,Machakos,completed,Planting,49696.53,paid,2026-02-03T00:00:00
BKG-05617,FAR-117,TR-017,Nakuru,completed,Weeding,9241.59,paid,2026-02-04T01:00:00
BKG-05618,FAR-118,TR-018,Nairobi,completed,Harvesting,36955.21,paid,2026-02-05T02:00:00
BKG-05619,FAR-119,TR-019,Embu,completed,Soil management,19531.71,paid,2026-02-06T03:00:00
BKG-05620,FAR-120,TR-020,Kiambu,pending,Land preparation,29298.58,pending,2026-02-07T04:00:00
BKG-05621,FAR-121,TR-021,Machakos,cancelled,Planting,14711.28,void,2026-02-08T05:00:00
BKG-05622,FAR-122,TR-022,Nakuru,completed,Weeding,40721.48,paid,2026-02-09T06:00:00
BKG-05623,FAR-123,TR-023,Nairobi,completed,Harvesting,13749.0,paid,2026-02-10T07:00:00
BKG-05624,FAR-124,TR-024,Embu,completed,Soil management,17944.21,paid,2026-02-11T08:00:00
BKG-05625,FAR-125,TR-025,Kiambu,completed,Land preparation,28640.27,pending,2026-02-12T09:00:00
BKG-05626,FAR-126,TR-026,Machakos,pending,Planting,31896.9,pending,2026-02-13T10:00:00
BKG-05627,FAR-127,TR-027,Nakuru,cancelled,Weeding,35537.23,void,2026-02-14T11:00:00
BKG-05628,FAR-128,TR-028,Nairobi,completed,Harvesting,37814.78,pending,2026-02-15T12:00:00
BKG-05629,FAR-129,TR-029,Embu,completed,Soil management,17196.97,paid,2026-02-16T13:00:00
BKG-05630,FAR-130,TR-030,Kiambu,completed,Land preparation,37767.87,paid,2026-02-17T14:00:00
BKG-05631,FAR-131,TR-031,Machakos,completed,Planting,43010.29,pending,2026-02-18T15:00:00
BKG-05632,FAR-132,TR-032,Nakuru,pending,Weeding,31315.84,pending,2026-02-19T16:00:00
BKG-05633,FAR-133,TR-033,Nairobi,cancelled,Harvesting,48130.43,void,2026-02-20T17:00:00
BKG-05634,FAR-134,TR-034,Embu,completed,Soil management,38930.73,paid,2026-02-21T18:00:00
BKG-05635,FAR-135,TR-035,Kiambu,completed,Land preparation,42492.8,paid,2026-02-22T19:00:00
BKG-05636,FAR-136,TR-036,Machakos,completed,Planting,30290.26,pending,2026-02-23T20:00:00
BKG-05637,FAR-137,TR-037,Nakuru,completed,Weeding,14974.73,pending,2026-02-24T21:00:00
BKG-05638,FAR-138,TR-038,Nairobi,pending,Harvesting,10729.38,pending,2026-02-25T22:00:00
BKG-05639,FAR-139,TR-039,Embu,cancelled,Soil management,39243.98,void,2026-02-26T23:00:00
BKG-05640,FAR-140,TR-040,Kiambu,completed,Land preparation,52744.98,paid,2026-02-27T00:00:00
BKG-05641,FAR-141,TR-041,Machakos,completed,Planting,17389.35,paid,2026-02-28T01:00:00
BKG-05642,FAR-142,TR-042,Nakuru,completed,Weeding,13194.07,paid,2026-03-01T02:00:00
BKG-05643,FAR-143,TR-043,Nairobi,completed,Harvesting,25598.97,paid,2026-03-02T03:00:00
BKG-05644,FAR-144,TR-044,Embu,pending,Soil management,22399.8,pending,2026-03-03T04:00:00
BKG-05645,FAR-145,TR-045,Kiambu,cancelled,Land preparation,32732.29,void,2026-03-04T05:00:00
BKG-05646,FAR-146,TR-046,Machakos,completed,Planting,43838.06,paid,2026-03-05T06:00:00
BKG-05647,FAR-147,TR-047,Nakuru,completed,Weeding,42836.25,paid,2026-03-06T07:00:00
BKG-05648,FAR-148,TR-048,Nairobi,completed,Harvesting,26315.97,paid,2026-03-07T08:00:00
BKG-05649,FAR-149,TR-049,Embu,completed,Soil management,30101.14,paid,2026-03-08T09:00:00
BKG-05650,FAR-150,TR-050,Kiambu,pending,Land preparation,40968.6,pending,2026-03-09T10:00:00
BKG-05651,FAR-151,TR-051,Machakos,cancelled,Planting,50435.04,void,2026-03-10T11:00:00
BKG-05652,FAR-152,TR-052,Nakuru,completed,Weeding,22771.8,paid,2026-03-11T12:00:00
BKG-05653,FAR-153,TR-053,Nairobi,completed,Harvesting,52282.54,pending,2026-03-12T13:00:00
BKG-05654,FAR-154,TR-054,Embu,completed,Soil management,28014.35,paid,2026-03-13T14:00:00
BKG-05655,FAR-155,TR-055,Kiambu,completed,Land preparation,35415.97,paid,2026-03-14T15:00:00
BKG-05656,FAR-156,TR-056,Machakos,pending,Planting,34644.11,pending,2026-03-15T16:00:00
BKG-05657,FAR-157,TR-057,Nakuru,cancelled,Weeding,30506.14,void,2026-03-16T17:00:00
BKG-05658,FAR-158,TR-058,Nairobi,completed,Harvesting,49637.32,pending,2026-03-17T18:00:00
BKG-05659,FAR-159,TR-059,Embu,completed,Soil management,42231.55,paid,2026-03-18T19:00:00
BKG-05660,FAR-160,TR-060,Kiambu,completed,Land preparation,20379.03,paid,2026-03-19T20:00:00
BKG-05661,FAR-161,TR-061,Machakos,completed,Planting,37442.8,paid,2026-03-20T21:00:00
BKG-05662,FAR-162,TR-062,Nakuru,pending,Weeding,19050.29,pending,2026-03-21T22:00:00
BKG-05663,FAR-163,TR-063,Nairobi,cancelled,Harvesting,12165.68,void,2026-03-22T23:00:00
BKG-05664,FAR-164,TR-064,Embu,completed,Soil management,48337.76,paid,2026-03-23T00:00:00
BKG-05665,FAR-165,TR-065,Kiambu,completed,Land preparation,34316.89,pending,2026-03-24T01:00:00
BKG-05666,FAR-166,TR-066,Machakos,completed,Planting,28508.2,paid,2026-03-25T02:00:00
BKG-05667,FAR-167,TR-067,Nakuru,completed,Weeding,38342.73,paid,2026-03-26T03:00:00
BKG-05668,FAR-168,TR-068,Nairobi,pending,Harvesting,50995.23,pending,2026-03-27T04:00:00
BKG-05669,FAR-169,TR-069,Embu,cancelled,Soil management,18254.06,void,2026-03-28T05:00:00
BKG-05670,FAR-170,TR-070,Kiambu,completed,Land preparation,43676.15,pending,2026-03-29T06:00:00
BKG-05671,FAR-171,TR-071,Machakos,completed,Planting,18874.55,paid,2026-03-30T07:00:00
BKG-05672,FAR-172,TR-072,Nakuru,completed,Weeding,19813.1,pending,2026-03-31T08:00:00
BKG-05673,FAR-173,TR-073,Nairobi,completed,Harvesting,23417.61,pending,2026-04-01T09:00:00
BKG-05674,FAR-174,TR-074,Embu,pending,Soil management,46481.1,pending,2026-04-02T10:00:00
BKG-05675,FAR-175,TR-075,Kiambu,cancelled,Land preparation,11396.71,void,2026-04-03T11:00:00
BKG-05676,FAR-176,TR-076,Machakos,completed,Planting,35169.7,paid,2026-04-04T12:00:00
BKG-05677,FAR-177,TR-077,Nakuru,completed,Weeding,18274.34,paid,2026-04-05T13:00:00
BKG-05678,FAR-178,TR-078,Nairobi,completed,Harvesting,33486.9,pending,2026-04-06T14:00:00
BKG-05679,FAR-179,TR-079,Embu,completed,Soil management,50329.49,paid,2026-04-07T15:00:00
BKG-05680,FAR-180,TR-080,Kiambu,pending,Land preparation,46085.52,pending,2026-04-08T16:00:00
BKG-05681,FAR-181,TR-081,Machakos,cancelled,Planting,42944.73,void,2026-04-09T17:00:00
BKG-05682,FAR-182,TR-082,Nakuru,completed,Weeding,31688.03,paid,2026-04-10T18:00:00
BKG-05683,FAR-183,TR-083,Nairobi,completed,Harvesting,48102.23,paid,2026-04-11T19:00:00
BKG-05684,FAR-184,TR-084,Embu,completed,Soil management,10604.86,paid,2026-04-12T20:00:00
BKG-05685,FAR-185,TR-085,Kiambu,completed,Land preparation,31213.19,paid,2026-04-13T21:00:00
BKG-05686,FAR-186,TR-086,Machakos,pending,Planting,32520.13,pending,2026-04-14T22:00:00
BKG-05687,FAR-187,TR-087,Nakuru,cancelled,Weeding,29761.56,void,2026-04-15T23:00:00
BKG-05688,FAR-188,TR-088,Nairobi,completed,Harvesting,43333.38,paid,2026-04-16T00:00:00
BKG-05689,FAR-189,TR-089,Embu,completed,Soil management,36222.62,paid,2026-04-17T01:00:00
BKG-05690,FAR-190,TR-090,Kiambu,completed,Land preparation,40978.38,paid,2026-04-18T02:00:00
BKG-05691,FAR-191,TR-091,Machakos,completed,Planting,15767.4,paid,2026-04-19T03:00:00
BKG-05692,FAR-192,TR-092,Nakuru,pending,Weeding,27381.21,pending,2026-04-20T04:00:00
BKG-05693,FAR-193,TR-093,Nairobi,cancelled,Harvesting,47168.25,void,2026-04-21T05:00:00
BKG-05694,FAR-194,TR-094,Embu,completed,Soil management,34114.72,paid,2026-04-22T06:00:00
BKG-05695,FAR-195,TR-095,Kiambu,completed,Land preparation,11263.82,paid,2026-04-23T07:00:00
BKG-05696,FAR-196,TR-096,Machakos,completed,Planting,41554.15,paid,2026-04-24T08:00:00
BKG-05697,FAR-197,TR-097,Nakuru,completed,Weeding,52638.46,paid,2026-04-25T09:00:00
BKG-05698,FAR-198,TR-098,Nairobi,pending,Harvesting,18374.02,pending,2026-04-26T10:00:00
BKG-05699,FAR-199,TR-099,Embu,cancelled,Soil management,52151.64,void,2026-04-27T11:00:00
BKG-05700,FAR-200,TR-100,Kiambu,completed,Land preparation,30567.97,paid,2026-04-28T12:00:00
BKG-05701,FAR-201,TR-001,Machakos,completed,Planting,9335.89,paid,2026-04-29T13:00:00
BKG-05702,FAR-202,TR-002,Nakuru,completed,Weeding,53423.93,pending,2026-04-30T14:00:00
BKG-05703,FAR-203,TR-003,Nairobi,completed,Harvesting,39656.0,paid,2026-05-01T15:00:00
BKG-05704,FAR-204,TR-004,Embu,pending,Soil management,37929.34,pending,2026-05-02T16:00:00
BKG-05705,FAR-205,TR-005,Kiambu,cancelled,Land preparation,16163.92,void,2026-05-03T17:00:00
BKG-05706,FAR-206,TR-006,Machakos,completed,Planting,23126.1,paid,2026-05-04T18:00:00
BKG-05707,FAR-207,TR-007,Nakuru,completed,Weeding,45033.69,paid,2026-05-05T19:00:00
BKG-05708,FAR-208,TR-008,Nairobi,completed,Harvesting,49937.55,paid,2026-05-06T20:00:00
BKG-05709,FAR-209,TR-009,Embu,completed,Soil management,43405.26,paid,2026-05-07T21:00:00
BKG-05710,FAR-210,TR-010,Kiambu,pending,Land preparation,49850.55,pending,2026-05-08T22:00:00
BKG-05711,FAR-211,TR-011,Machakos,cancelled,Planting,43006.92,void,2026-05-09T23:00:00
BKG-05712,FAR-212,TR-012,Nakuru,completed,Weeding,40747.42,paid,2026-05-10T00:00:00
BKG-05713,FAR-213,TR-013,Nairobi,completed,Harvesting,53694.08,paid,2026-05-11T01:00:00
BKG-05714,FAR-214,TR-014,Embu,completed,Soil management,12419.32,paid,2026-05-12T02:00:00
BKG-05715,FAR-215,TR-015,Kiambu,completed,Land preparation,9254.85,paid,2026-05-13T03:00:00
BKG-05716,FAR-216,TR-016,Machakos,pending,Planting,14700.45,pending,2026-05-14T04:00:00
BKG-05717,FAR-217,TR-017,Nakuru,cancelled,Weeding,14405.6,void,2026-05-15T05:00:00
BKG-05718,FAR-218,TR-018,Nairobi,completed,Harvesting,21319.91,paid,2026-05-16T06:00:00
BKG-05719,FAR-219,TR-019,Embu,completed,Soil management,30528.36,paid,2026-05-17T07:00:00
BKG-05720,FAR-220,TR-020,Kiambu,completed,Land preparation,35486.29,pending,2026-05-18T08:00:00
BKG-05721,FAR-221,TR-021,Machakos,completed,Planting,25690.29,paid,2026-05-19T09:00:00
BKG-05722,FAR-222,TR-022,Nakuru,pending,Weeding,29070.37,pending,2026-05-20T10:00:00
BKG-05723,FAR-223,TR-023,Nairobi,cancelled,Harvesting,24698.28,void,2026-05-21T11:00:00
BKG-05724,FAR-224,TR-024,Embu,completed,Soil management,22116.06,paid,2026-05-22T12:00:00
BKG-05725,FAR-225,TR-025,Kiambu,completed,Land preparation,16767.2,paid,2026-05-23T13:00:00
BKG-05726,FAR-226,TR-026,Machakos,completed,Planting,42650.15,paid,2026-05-24T14:00:00
BKG-05727,FAR-227,TR-027,Nakuru,completed,Weeding,28031.79,paid,2026-05-25T15:00:00
BKG-05728,FAR-228,TR-028,Nairobi,pending,Harvesting,44175.75,pending,2026-05-26T16:00:00
BKG-05729,FAR-229,TR-029,Embu,cancelled,Soil management,38730.24,void,2026-05-27T17:00:00
BKG-05730,FAR-230,TR-030,Kiambu,completed,Land preparation,12372.13,paid,2026-05-28T18:00:00
BKG-05731,FAR-231,TR-031,Machakos,completed,Planting,24351.54,paid,2026-05-29T19:00:00
BKG-05732,FAR-232,TR-032,Nakuru,completed,Weeding,31169.71,paid,2026-05-30T20:00:00
BKG-05733,FAR-233,TR-033,Nairobi,completed,Harvesting,43013.79,paid,2026-05-31T21:00:00
BKG-05734,FAR-234,TR-034,Embu,pending,Soil management,27150.97,pending,2026-06-01T22:00:00
BKG-05735,FAR-235,TR-035,Kiambu,cancelled,Land preparation,19320.51,void,2026-06-02T23:00:00
BKG-05736,FAR-236,TR-036,Machakos,completed,Planting,10270.53,paid,2026-06-03T00:00:00
BKG-05737,FAR-237,TR-037,Nakuru,completed,Weeding,13477.02,pending,2026-06-04T01:00:00
BKG-05738,FAR-238,TR-038,Nairobi,completed,Harvesting,24964.04,paid,2026-06-05T02:00:00
BKG-05739,FAR-239,TR-039,Embu,completed,Soil management,20097.54,paid,2026-06-06T03:00:00
BKG-05740,FAR-240,TR-040,Kiambu,pending,Land preparation,41058.45,pending,2026-06-07T04:00:00
BKG-05741,FAR-241,TR-041,Machakos,cancelled,Planting,25807.01,void,2026-06-08T05:00:00
BKG-05742,FAR-242,TR-042,Nakuru,completed,Weeding,32863.67,paid,2026-06-09T06:00:00
BKG-05743,FAR-243,TR-043,Nairobi,completed,Harvesting,33949.17,paid,2026-06-10T07:00:00
BKG-05744,FAR-244,TR-044,Embu,completed,Soil management,44875.54,paid,2026-06-11T08:00:00
BKG-05745,FAR-245,TR-045,Kiambu,completed,Land preparation,16156.14,paid,2026-06-12T09:00:00
BKG-05746,FAR-246,TR-046,Machakos,pending,Planting,41715.07,pending,2026-06-13T10:00:00
BKG-05747,FAR-247,TR-047,Nakuru,cancelled,Weeding,29382.14,void,2026-06-14T11:00:00
BKG-05748,FAR-248,TR-048,Nairobi,completed,Harvesting,30214.24,paid,2026-06-15T12:00:00
BKG-05749,FAR-249,TR-049,Embu,completed,Soil management,20068.8,pending,2026-06-16T13:00:00
BKG-05750,FAR-250,TR-050,Kiambu,completed,Land preparation,18707.51,paid,2026-06-17T14:00:00
BKG-05751,FAR-251,TR-051,Machakos,completed,Planting,42943.6,paid,2026-06-18T15:00:00
BKG-05752,FAR-252,TR-052,Nakuru,pending,Weeding,22716.5,pending,2026-06-19T16:00:00
BKG-05753,FAR-253,TR-053,Nairobi,cancelled,Harvesting,21938.07,void,2026-06-20T17:00:00
BKG-05754,FAR-254,TR-054,Embu,completed,Soil management,32755.35,paid,2026-06-21T18:00:00
BKG-05755,FAR-255,TR-055,Kiambu,completed,Land preparation,9784.94,paid,2026-06-22T19:00:00
BKG-05756,FAR-256,TR-056,Machakos,completed,Planting,48033.69,paid,2026-06-23T20:00:00
BKG-05757,FAR-257,TR-057,Nakuru,completed,Weeding,9910.91,pending,2026-06-24T21:00:00
BKG-05758,FAR-258,TR-058,Nairobi,pending,Harvesting,53105.11,pending,2026-06-25T22:00:00
BKG-05759,FAR-259,TR-059,Embu,cancelled,Soil management,28867.96,void,2026-06-26T23:00:00
BKG-05760,FAR-260,TR-060,Kiambu,completed,Land preparation,44928.49,paid,2026-06-27T00:00:00
BKG-05761,FAR-261,TR-061,Machakos,completed,Planting,11964.97,paid,2026-06-28T01:00:00
BKG-05762,FAR-262,TR-062,Nakuru,completed,Weeding,20092.32,pending,2026-06-29T02:00:00
BKG-05763,FAR-263,TR-063,Nairobi,completed,Harvesting,26447.87,paid,2026-06-30T03:00:00
BKG-05764,FAR-264,TR-064,Embu,pending,Soil management,48831.45,pending,2026-07-01T04:00:00
BKG-05765,FAR-265,TR-065,Kiambu,cancelled,Land preparation,17376.88,void,2026-07-02T05:00:00
BKG-05766,FAR-266,TR-066,Machakos,completed,Planting,35396.99,paid,2026-07-03T06:00:00
BKG-05767,FAR-267,TR-067,Nakuru,completed,Weeding,36766.48,paid,2026-07-04T07:00:00
BKG-05768,FAR-268,TR-068,Nairobi,completed,Harvesting,34793.72,paid,2026-07-05T08:00:00
BKG-05769,FAR-269,TR-069,Embu,completed,Soil management,25080.63,paid,2026-07-06T09:00:00
BKG-05770,FAR-270,TR-070,Kiambu,pending,Land preparation,24964.08,pending,2026-07-07T10:00:00
BKG-05771,FAR-271,TR-071,Machakos,cancelled,Planting,38042.42,void,2026-07-08T11:00:00
BKG-05772,FAR-272,TR-072,Nakuru,completed,Weeding,43799.16,paid,2026-07-09T12:00:00
BKG-05773,FAR-273,TR-073,Nairobi,completed,Harvesting,23067.55,paid,2026-07-10T13:00:00
BKG-05774,FAR-274,TR-074,Embu,completed,Soil management,31904.55,paid,2026-07-11T14:00:00
BKG-05775,FAR-275,TR-075,Kiambu,completed,Land preparation,37591.08,paid,2026-07-12T15:00:00
BKG-05776,FAR-276,TR-076,Machakos,pending,Planting,22615.25,pending,2026-07-13T16:00:00
BKG-05777,FAR-277,TR-077,Nakuru,cancelled,Weeding,51173.18,void,2026-07-14T17:00:00
BKG-05778,FAR-278,TR-078,Nairobi,completed,Harvesting,40184.7,paid,2026-07-15T18:00:00
BKG-05779,FAR-279,TR-079,Embu,completed,Soil management,9525.26,paid,2026-07-16T19:00:00
BKG-05780,FAR-280,TR-080,Kiambu,completed,Land preparation,52599.36,paid,2026-07-17T20:00:00
BKG-05781,FAR-281,TR-081,Machakos,completed,Planting,14334.44,paid,2026-07-18T21:00:00
BKG-05782,FAR-282,TR-082,Nakuru,pending,Weeding,39533.51,pending,2026-07-19T22:00:00
BKG-05783,FAR-283,TR-083,Nairobi,cancelled,Harvesting,15494.06,void,2026-07-20T23:00:00
BKG-05784,FAR-284,TR-084,Embu,completed,Soil management,39942.56,paid,2026-07-21T00:00:00
BKG-05785,FAR-285,TR-085,Kiambu,completed,Land preparation,15643.62,pending,2026-07-22T01:00:00
BKG-05786,FAR-286,TR-086,Machakos,completed,Planting,16497.44,pending,2026-07-23T02:00:00
BKG-05787,FAR-287,TR-087,Nakuru,completed,Weeding,31501.79,paid,2026-07-24T03:00:00
BKG-05788,FAR-288,TR-088,Nairobi,pending,Harvesting,39769.57,pending,2026-07-25T04:00:00
BKG-05789,FAR-289,TR-089,Embu,cancelled,Soil management,35424.44,void,2026-07-26T05:00:00
BKG-05790,FAR-290,TR-090,Kiambu,completed,Land preparation,42701.28,paid,2026-07-27T06:00:00
BKG-05791,FAR-291,TR-091,Machakos,completed,Planting,11939.34,paid,2026-07-28T07:00:00
BKG-05792,FAR-292,TR-092,Nakuru,completed,Weeding,12023.51,paid,2026-07-29T08:00:00
BKG-05793,FAR-293,TR-093,Nairobi,completed,Harvesting,10170.3,paid,2026-07-30T09:00:00
BKG-05794,FAR-294,TR-094,Embu,pending,Soil management,41211.0,pending,2026-07-31T10:00:00
BKG-05795,FAR-295,TR-095,Kiambu,cancelled,Land preparation,13028.2,void,2026-08-01T11:00:00
BKG-05796,FAR-296,TR-096,Machakos,completed,Planting,20629.47,paid,2026-08-02T12:00:00
BKG-05797,FAR-297,TR-097,Nakuru,completed,Weeding,11087.8,paid,2026-08-03T13:00:00
BKG-05798,FAR-298,TR-098,Nairobi,completed,Harvesting,38376.93,paid,2026-08-04T14:00:00
BKG-05799,FAR-299,TR-099,Embu,completed,Soil management,19722.64,paid,2026-08-05T15:00:00
BKG-05800,FAR-300,TR-100,Kiambu,pending,Land preparation,38055.09,pending,2026-08-06T16:00:00
BKG-05801,FAR-301,TR-001,Machakos,cancelled,Planting,38541.76,void,2026-08-07T17:00:00
BKG-05802,FAR-302,TR-002,Nakuru,completed,Weeding,15531.46,paid,2026-08-08T18:00:00
BKG-05803,FAR-303,TR-003,Nairobi,completed,Harvesting,34040.98,paid,2026-08-09T19:00:00
BKG-05804,FAR-304,TR-004,Embu,completed,Soil management,22240.46,paid,2026-08-10T20:00:00
BKG-05805,FAR-305,TR-005,Kiambu,completed,Land preparation,40300.99,paid,2026-08-11T21:00:00
BKG-05806,FAR-306,TR-006,Machakos,pending,Planting,23342.1,pending,2026-08-12T22:00:00
BKG-05807,FAR-307,TR-007,Nakuru,cancelled,Weeding,17522.08,void,2026-08-13T23:00:00
BKG-05808,FAR-308,TR-008,Nairobi,completed,Harvesting,28685.03,paid,2026-08-14T00:00:00
BKG-05809,FAR-309,TR-009,Embu,completed,Soil management,32241.45,paid,2026-08-15T01:00:00
BKG-05810,FAR-310,TR-010,Kiambu,completed,Land preparation,25648.73,paid,2026-08-16T02:00:00
BKG-05811,FAR-311,TR-011,Machakos,completed,Planting,41100.3,pending,2026-08-17T03:00:00
BKG-05812,FAR-312,TR-012,Nakuru,pending,Weeding,41886.75,pending,2026-08-18T04:00:00
BKG-05813,FAR-313,TR-013,Nairobi,cancelled,Harvesting,29486.66,void,2026-08-19T05:00:00
BKG-05814,FAR-314,TR-014,Embu,completed,Soil management,31051.01,paid,2026-08-20T06:00:00
BKG-05815,FAR-315,TR-015,Kiambu,completed,Land preparation,46890.87,paid,2026-08-21T07:00:00
BKG-05816,FAR-316,TR-016,Machakos,completed,Planting,45078.76,paid,2026-08-22T08:00:00
BKG-05817,FAR-317,TR-017,Nakuru,completed,Weeding,24462.06,paid,2026-08-23T09:00:00
BKG-05818,FAR-318,TR-018,Nairobi,pending,Harvesting,18339.59,pending,2026-08-24T10:00:00
BKG-05819,FAR-319,TR-019,Embu,cancelled,Soil management,36939.44,void,2026-08-25T11:00:00
BKG-05820,FAR-320,TR-020,Kiambu,completed,Land preparation,51403.0,pending,2026-08-26T12:00:00
BKG-05821,FAR-321,TR-021,Machakos,completed,Planting,48146.92,pending,2026-08-27T13:00:00
BKG-05822,FAR-322,TR-022,Nakuru,completed,Weeding,24395.82,paid,2026-08-28T14:00:00
BKG-05823,FAR-323,TR-023,Nairobi,completed,Harvesting,27177.57,paid,2026-08-29T15:00:00
BKG-05824,FAR-324,TR-024,Embu,pending,Soil management,27887.08,pending,2026-08-30T16:00:00
BKG-05825,FAR-325,TR-025,Kiambu,cancelled,Land preparation,48631.29,void,2026-08-31T17:00:00
BKG-05826,FAR-326,TR-026,Machakos,completed,Planting,53450.59,paid,2026-09-01T18:00:00
BKG-05827,FAR-327,TR-027,Nakuru,completed,Weeding,42646.45,paid,2026-09-02T19:00:00
BKG-05828,FAR-328,TR-028,Nairobi,completed,Harvesting,16973.32,paid,2026-09-03T20:00:00
BKG-05829,FAR-329,TR-029,Embu,completed,Soil management,32103.24,paid,2026-09-04T21:00:00
BKG-05830,FAR-330,TR-030,Kiambu,pending,Land preparation,41345.5,pending,2026-09-05T22:00:00
BKG-05831,FAR-331,TR-031,Machakos,cancelled,Planting,28384.29,void,2026-09-06T23:00:00
BKG-05832,FAR-332,TR-032,Nakuru,completed,Weeding,21187.72,paid,2026-09-07T00:00:00
BKG-05833,FAR-333,TR-033,Nairobi,completed,Harvesting,40875.54,paid,2026-09-08T01:00:00
BKG-05834,FAR-334,TR-034,Embu,completed,Soil management,44108.46,paid,2026-09-09T02:00:00
BKG-05835,FAR-335,TR-035,Kiambu,completed,Land preparation,11028.45,paid,2026-09-10T03:00:00
BKG-05836,FAR-336,TR-036,Machakos,pending,Planting,48277.61,pending,2026-09-11T04:00:00
BKG-05837,FAR-337,TR-037,Nakuru,cancelled,Weeding,21810.26,void,2026-09-12T05:00:00
BKG-05838,FAR-338,TR-038,Nairobi,completed,Harvesting,15399.81,paid,2026-09-13T06:00:00
BKG-05839,FAR-339,TR-039,Embu,completed,Soil management,9798.3,paid,2026-09-14T07:00:00
BKG-05840,FAR-340,TR-040,Kiambu,completed,Land preparation,16747.34,paid,2025-09-15T08:00:00
BKG-05841,FAR-341,TR-041,Machakos,completed,Planting,39186.63,paid,2025-09-16T09:00:00
BKG-05842,FAR-342,TR-042,Nakuru,pending,Weeding,28612.01,pending,2025-09-17T10:00:00
BKG-05843,FAR-343,TR-043,Nairobi,cancelled,Harvesting,44607.76,void,2025-09-18T11:00:00
BKG-05844,FAR-344,TR-044,Embu,completed,Soil management,38795.46,paid,2025-09-19T12:00:00
BKG-05845,FAR-345,TR-045,Kiambu,completed,Land preparation,15742.56,paid,2025-09-20T13:00:00
BKG-05846,FAR-346,TR-046,Machakos,completed,Planting,30852.27,paid,2025-09-21T14:00:00
BKG-05847,FAR-347,TR-047,Nakuru,completed,Weeding,47804.3,paid,2025-09-22T15:00:00
BKG-05848,FAR-348,TR-048,Nairobi,pending,Harvesting,31181.73,pending,2025-09-23T16:00:00
BKG-05849,FAR-349,TR-049,Embu,cancelled,Soil management,42709.49,void,2025-09-24T17:00:00
BKG-05850,FAR-350,TR-050,Kiambu,completed,Land preparation,40787.3,paid,2025-09-25T18:00:00
BKG-05851,FAR-351,TR-051,Machakos,completed,Planting,16778.91,paid,2025-09-26T19:00:00
BKG-05852,FAR-352,TR-052,Nakuru,completed,Weeding,18289.23,paid,2025-09-27T20:00:00
BKG-05853,FAR-353,TR-053,Nairobi,completed,Harvesting,31858.71,paid,2025-09-28T21:00:00
BKG-05854,FAR-354,TR-054,Embu,pending,Soil management,42766.61,pending,2025-09-29T22:00:00
BKG-05855,FAR-355,TR-055,Kiambu,cancelled,Land preparation,48993.49,void,2025-09-30T23:00:00
BKG-05856,FAR-356,TR-056,Machakos,completed,Planting,36559.81,paid,2025-10-01T00:00:00
BKG-05857,FAR-357,TR-057,Nakuru,completed,Weeding,21452.26,paid,2025-10-02T01:00:00
BKG-05858,FAR-358,TR-058,Nairobi,completed,Harvesting,9407.42,paid,2025-10-03T02:00:00
BKG-05859,FAR-359,TR-059,Embu,completed,Soil management,16315.88,paid,2025-10-04T03:00:00
BKG-05860,FAR-360,TR-060,Kiambu,pending,Land preparation,34454.64,pending,2025-10-05T04:00:00
BKG-05861,FAR-361,TR-061,Machakos,cancelled,Planting,50712.41,void,2025-10-06T05:00:00
BKG-05862,FAR-362,TR-062,Nakuru,completed,Weeding,40313.78,paid,2025-10-07T06:00:00
BKG-05863,FAR-363,TR-063,Nairobi,completed,Harvesting,48963.52,paid,2025-10-08T07:00:00
BKG-05864,FAR-364,TR-064,Embu,completed,Soil management,30990.03,paid,2025-10-09T08:00:00
BKG-05865,FAR-365,TR-065,Kiambu,completed,Land preparation,39264.26,paid,2025-10-10T09:00:00
BKG-05866,FAR-366,TR-066,Machakos,pending,Planting,18814.62,pending,2025-10-11T10:00:00
BKG-05867,FAR-367,TR-067,Nakuru,cancelled,Weeding,34562.53,void,2025-10-12T11:00:00
BKG-05868,FAR-368,TR-068,Nairobi,completed,Harvesting,23981.81,paid,2025-10-13T12:00:00
BKG-05869,FAR-369,TR-069,Embu,completed,Soil management,43053.7,paid,2025-10-14T13:00:00
BKG-05870,FAR-370,TR-070,Kiambu,completed,Land preparation,16961.71,paid,2025-10-15T14:00:00
BKG-05871,FAR-371,TR-071,Machakos,completed,Planting,28085.36,paid,2025-10-16T15:00:00
BKG-05872,FAR-372,TR-072,Nakuru,pending,Weeding,40094.17,pending,2025-10-17T16:00:00
BKG-05873,FAR-373,TR-073,Nairobi,cancelled,Harvesting,49731.66,void,2025-10-18T17:00:00
BKG-05874,FAR-374,TR-074,Embu,completed,Soil management,21336.63,paid,2025-10-19T18:00:00
BKG-05875,FAR-375,TR-075,Kiambu,completed,Land preparation,32902.26,paid,2025-10-20T19:00:00
BKG-05876,FAR-376,TR-076,Machakos,completed,Planting,43710.9,paid,2025-10-21T20:00:00
BKG-05877,FAR-377,TR-077,Nakuru,completed,Weeding,32118.0,paid,2025-10-22T21:00:00
BKG-05878,FAR-378,TR-078,Nairobi,pending,Harvesting,20674.29,pending,2025-10-23T22:00:00
BKG-05879,FAR-379,TR-079,Embu,cancelled,Soil management,38677.52,void,2025-10-24T23:00:00
BKG-05880,FAR-380,TR-080,Kiambu,completed,Land preparation,20374.11,paid,2025-10-25T00:00:00
BKG-05881,FAR-381,TR-081,Machakos,completed,Planting,52867.75,paid,2025-10-26T01:00:00
BKG-05882,FAR-382,TR-082,Nakuru,completed,Weeding,20815.13,paid,2025-10-27T02:00:00
BKG-05883,FAR-383,TR-083,Nairobi,completed,Harvesting,23628.63,paid,2025-10-28T03:00:00
BKG-05884,FAR-384,TR-084,Embu,pending,Soil management,15985.36,pending,2025-10-29T04:00:00
BKG-05885,FAR-385,TR-085,Kiambu,cancelled,Land preparation,16764.37,void,2025-10-30T05:00:00
BKG-05886,FAR-386,TR-086,Machakos,completed,Planting,13399.89,paid,2025-10-31T06:00:00
BKG-05887,FAR-387,TR-087,Nakuru,completed,Weeding,37098.03,paid,2025-11-01T07:00:00
BKG-05888,FAR-388,TR-088,Nairobi,completed,Harvesting,27650.03,paid,2025-11-02T08:00:00
BKG-05889,FAR-389,TR-089,Embu,completed,Soil management,36550.87,paid,2025-11-03T09:00:00
BKG-05890,FAR-390,TR-090,Kiambu,pending,Land preparation,17860.81,pending,2025-11-04T10:00:00
BKG-05891,FAR-391,TR-091,Machakos,cancelled,Planting,49158.54,void,2025-11-05T11:00:00
BKG-05892,FAR-392,TR-092,Nakuru,completed,Weeding,34737.29,paid,2025-11-06T12:00:00
BKG-05893,FAR-393,TR-093,Nairobi,completed,Harvesting,19669.44,paid,2025-11-07T13:00:00
BKG-05894,FAR-394,TR-094,Embu,completed,Soil management,42356.66,paid,2025-11-08T14:00:00
BKG-05895,FAR-395,TR-095,Kiambu,completed,Land preparation,18834.73,paid,2025-11-09T15:00:00
BKG-05896,FAR-396,TR-096,Machakos,pending,Planting,21844.73,pending,2025-11-10T16:00:00
BKG-05897,FAR-397,TR-097,Nakuru,cancelled,Weeding,18849.56,void,2025-11-11T17:00:00
BKG-05898,FAR-398,TR-098,Nairobi,completed,Harvesting,16917.78,paid,2025-11-12T18:00:00
BKG-05899,FAR-399,TR-099,Embu,completed,Soil management,11085.63,paid,2025-11-13T19:00:00
BKG-05900,FAR-400,TR-100,Kiambu,completed,Land preparation,27242.37,pending,2025-11-14T20:00:00
BKG-05901,FAR-401,TR-001,Machakos,completed,Planting,12462.97,paid,2025-11-15T21:00:00
BKG-05902,FAR-402,TR-002,Nakuru,pending,Weeding,33768.77,pending,2025-11-16T22:00:00
BKG-05903,FAR-403,TR-003,Nairobi,cancelled,Harvesting,23568.69,void,2025-11-17T23:00:00
BKG-05904,FAR-404,TR-004,Embu,completed,Soil management,32976.25,paid,2025-11-18T00:00:00
BKG-05905,FAR-405,TR-005,Kiambu,completed,Land preparation,23956.24,paid,2025-11-19T01:00:00
BKG-05906,FAR-406,TR-006,Machakos,completed,Planting,48476.25,pending,2025-11-20T02:00:00
BKG-05907,FAR-407,TR-007,Nakuru,completed,Weeding,50694.0,pending,2025-11-21T03:00:00
BKG-05908,FAR-408,TR-008,Nairobi,pending,Harvesting,36853.99,pending,2025-11-22T04:00:00
BKG-05909,FAR-409,TR-009,Embu,cancelled,Soil management,44233.38,void,2025-11-23T05:00:00
BKG-05910,FAR-410,TR-010,Kiambu,completed,Land preparation,46420.54,paid,2025-11-24T06:00:00
BKG-05911,FAR-411,TR-011,Machakos,completed,Planting,13922.91,paid,2025-11-25T07:00:00
BKG-05912,FAR-412,TR-012,Nakuru,completed,Weeding,53544.88,paid,2025-11-26T08:00:00
BKG-05913,FAR-413,TR-013,Nairobi,completed,Harvesting,51212.08,paid,2025-11-27T09:00:00
BKG-05914,FAR-414,TR-014,Embu,pending,Soil management,10699.15,pending,2025-11-28T10:00:00
BKG-05915,FAR-415,TR-015,Kiambu,cancelled,Land preparation,39539.31,void,2025-11-29T11:00:00
BKG-05916,FAR-416,TR-016,Machakos,completed,Planting,12832.94,paid,2025-11-30T12:00:00
BKG-05917,FAR-417,TR-017,Nakuru,completed,Weeding,27192.03,paid,2025-12-01T13:00:00
BKG-05918,FAR-418,TR-018,Nairobi,completed,Harvesting,30282.42,paid,2025-12-02T14:00:00
BKG-05919,FAR-419,TR-019,Embu,completed,Soil management,20856.9,paid,2025-12-03T15:00:00
BKG-05920,FAR-420,TR-020,Kiambu,pending,Land preparation,24095.75,pending,2025-12-04T16:00:00
BKG-05921,FAR-421,TR-021,Machakos,cancelled,Planting,9372.55,void,2025-12-05T17:00:00
BKG-05922,FAR-422,TR-022,Nakuru,completed,Weeding,41251.97,paid,2025-12-06T18:00:00
BKG-05923,FAR-423,TR-023,Nairobi,completed,Harvesting,29935.2,paid,2025-12-07T19:00:00
BKG-05924,FAR-424,TR-024,Embu,completed,Soil management,25291.99,paid,2025-12-08T20:00:00
BKG-05925,FAR-425,TR-025,Kiambu,completed,Land preparation,42996.76,paid,2025-12-09T21:00:00
BKG-05926,FAR-426,TR-026,Machakos,pending,Planting,52673.04,pending,2025-12-10T22:00:00
BKG-05927,FAR-427,TR-027,Nakuru,cancelled,Weeding,22364.11,void,2025-12-11T23:00:00
BKG-05928,FAR-428,TR-028,Nairobi,completed,Harvesting,26202.76,paid,2025-12-12T00:00:00
BKG-05929,FAR-429,TR-029,Embu,completed,Soil management,48635.73,paid,2025-12-13T01:00:00
BKG-05930,FAR-430,TR-030,Kiambu,completed,Land preparation,51568.63,paid,2025-12-14T02:00:00
BKG-05931,FAR-431,TR-031,Machakos,completed,Planting,41062.2,paid,2025-12-15T03:00:00
BKG-05932,FAR-432,TR-032,Nakuru,pending,Weeding,46284.43,pending,2025-12-16T04:00:00
BKG-05933,FAR-433,TR-033,Nairobi,cancelled,Harvesting,36997.32,void,2025-12-17T05:00:00
BKG-05934,FAR-434,TR-034,Embu,completed,Soil management,37375.01,paid,2025-12-18T06:00:00
BKG-05935,FAR-435,TR-035,Kiambu,completed,Land preparation,32519.74,paid,2025-12-19T07:00:00
BKG-05936,FAR-436,TR-036,Machakos,completed,Planting,19067.92,paid,2025-12-20T08:00:00
BKG-05937,FAR-437,TR-037,Nakuru,completed,Weeding,25802.84,paid,2025-12-21T09:00:00
BKG-05938,FAR-438,TR-038,Nairobi,pending,Harvesting,35580.1,pending,2025-12-22T10:00:00
BKG-05939,FAR-439,TR-039,Embu,cancelled,Soil management,21953.1,void,2025-12-23T11:00:00
BKG-05940,FAR-440,TR-040,Kiambu,completed,Land preparation,28549.51,paid,2025-12-24T12:00:00
BKG-05941,FAR-441,TR-041,Machakos,completed,Planting,23410.12,paid,2025-12-25T13:00:00
BKG-05942,FAR-442,TR-042,Nakuru,completed,Weeding,24551.48,paid,2025-12-26T14:00:00
BKG-05943,FAR-443,TR-043,Nairobi,completed,Harvesting,12758.55,pending,2025-12-27T15:00:00
BKG-05944,FAR-444,TR-044,Embu,pending,Soil management,49245.09,pending,2025-12-28T16:00:00
BKG-05945,FAR-445,TR-045,Kiambu,cancelled,Land preparation,13018.6,void,2025-12-29T17:00:00
BKG-05946,FAR-446,TR-046,Machakos,completed,Planting,43705.96,paid,2025-12-30T18:00:00
BKG-05947,FAR-447,TR-047,Nakuru,completed,Weeding,15765.69,paid,2025-12-31T19:00:00
BKG-05948,FAR-448,TR-048,Nairobi,completed,Harvesting,50023.04,paid,2026-01-01T20:00:00
BKG-05949,FAR-449,TR-049,Embu,completed,Soil management,21881.52,paid,2026-01-02T21:00:00
BKG-05950,FAR-450,TR-050,Kiambu,pending,Land preparation,44037.15,pending,2026-01-03T22:00:00
BKG-05951,FAR-451,TR-051,Machakos,cancelled,Planting,14235.98,void,2026-01-04T23:00:00
BKG-05952,FAR-452,TR-052,Nakuru,completed,Weeding,9335.54,paid,2026-01-05T00:00:00
BKG-05953,FAR-453,TR-053,Nairobi,completed,Harvesting,19803.02,paid,2026-01-06T01:00:00
BKG-05954,FAR-454,TR-054,Embu,completed,Soil management,41937.83,paid,2026-01-07T02:00:00
BKG-05955,FAR-455,TR-055,Kiambu,completed,Land preparation,49040.9,paid,2026-01-08T03:00:00
BKG-05956,FAR-456,TR-056,Machakos,pending,Planting,31064.48,pending,2026-01-09T04:00:00
BKG-05957,FAR-457,TR-057,Nakuru,cancelled,Weeding,45575.21,void,2026-01-10T05:00:00
BKG-05958,FAR-458,TR-058,Nairobi,completed,Harvesting,43859.05,paid,2026-01-11T06:00:00
BKG-05959,FAR-459,TR-059,Embu,completed,Soil management,30711.15,paid,2026-01-12T07:00:00
BKG-05960,FAR-460,TR-060,Kiambu,completed,Land preparation,49918.43,paid,2026-01-13T08:00:00
BKG-05961,FAR-461,TR-061,Machakos,completed,Planting,24718.06,paid,2026-01-14T09:00:00
BKG-05962,FAR-462,TR-062,Nakuru,pending,Weeding,37630.14,pending,2026-01-15T10:00:00
BKG-05963,FAR-463,TR-063,Nairobi,cancelled,Harvesting,40017.41,void,2026-01-16T11:00:00
BKG-05964,FAR-464,TR-064,Embu,completed,Soil management,19703.66,paid,2026-01-17T12:00:00
BKG-05965,FAR-465,TR-065,Kiambu,completed,Land preparation,48491.62,paid,2026-01-18T13:00:00
BKG-05966,FAR-466,TR-066,Machakos,completed,Planting,23706.15,paid,2026-01-19T14:00:00
BKG-05967,FAR-467,TR-067,Nakuru,completed,Weeding,14305.18,pending,2026-01-20T15:00:00
BKG-05968,FAR-468,TR-068,Nairobi,pending,Harvesting,24407.72,pending,2026-01-21T16:00:00
BKG-05969,FAR-469,TR-069,Embu,cancelled,Soil management,43631.6,void,2026-01-22T17:00:00
BKG-05970,FAR-470,TR-070,Kiambu,completed,Land preparation,52886.91,paid,2026-01-23T18:00:00
BKG-05971,FAR-471,TR-071,Machakos,completed,Planting,31779.6,paid,2026-01-24T19:00:00
BKG-05972,FAR-472,TR-072,Nakuru,completed,Weeding,52907.88,paid,2026-01-25T20:00:00
BKG-05973,FAR-473,TR-073,Nairobi,completed,Harvesting,24417.59,paid,2026-01-26T21:00:00
BKG-05974,FAR-474,TR-074,Embu,pending,Soil management,12459.61,pending,2026-01-27T22:00:00
BKG-05975,FAR-475,TR-075,Kiambu,cancelled,Land preparation,42084.14,void,2026-01-28T23:00:00
BKG-05976,FAR-476,TR-076,Machakos,completed,Planting,28546.61,paid,2026-01-29T00:00:00
BKG-05977,FAR-477,TR-077,Nakuru,completed,Weeding,47779.2,paid,2026-01-30T01:00:00
BKG-05978,FAR-478,TR-078,Nairobi,completed,Harvesting,16920.66,paid,2026-01-31T02:00:00
BKG-05979,FAR-479,TR-079,Embu,completed,Soil management,19810.2,paid,2026-02-01T03:00:00
BKG-05980,FAR-480,TR-080,Kiambu,pending,Land preparation,23195.41,pending,2026-02-02T04:00:00
BKG-05981,FAR-481,TR-081,Machakos,cancelled,Planting,10097.39,void,2026-02-03T05:00:00
BKG-05982,FAR-482,TR-082,Nakuru,completed,Weeding,10896.45,paid,2026-02-04T06:00:00
BKG-05983,FAR-483,TR-083,Nairobi,completed,Harvesting,21005.9,paid,2026-02-05T07:00:00
BKG-05984,FAR-484,TR-084,Embu,completed,Soil management,14056.06,pending,2026-02-06T08:00:00
BKG-05985,FAR-485,TR-085,Kiambu,completed,Land preparation,21492.59,paid,2026-02-07T09:00:00
BKG-05986,FAR-486,TR-086,Machakos,pending,Planting,13650.02,pending,2026-02-08T10:00:00
BKG-05987,FAR-487,TR-087,Nakuru,cancelled,Weeding,14452.05,void,2026-02-09T11:00:00
BKG-05988,FAR-488,TR-088,Nairobi,completed,Harvesting,43403.13,paid,2026-02-10T12:00:00
BKG-05989,FAR-489,TR-089,Embu,completed,Soil management,51943.6,paid,2026-02-11T13:00:00
BKG-05990,FAR-490,TR-090,Kiambu,completed,Land preparation,49304.88,paid,2026-02-12T14:00:00
BKG-05991,FAR-491,TR-091,Machakos,completed,Planting,48839.5,paid,2026-02-13T15:00:00
BKG-05992,FAR-492,TR-092,Nakuru,pending,Weeding,21671.95,pending,2026-02-14T16:00:00
BKG-05993,FAR-493,TR-093,Nairobi,cancelled,Harvesting,19795.49,void,2026-02-15T17:00:00
BKG-05994,FAR-494,TR-094,Embu,completed,Soil management,32810.92,paid,2026-02-16T18:00:00
BKG-05995,FAR-495,TR-095,Kiambu,completed,Land preparation,19612.25,paid,2026-02-17T19:00:00
BKG-05996,FAR-496,TR-096,Machakos,completed,Planting,29800.03,paid,2026-02-18T20:00:00
BKG-05997,FAR-497,TR-097,Nakuru,completed,Weeding,53104.34,paid,2026-02-19T21:00:00
BKG-05998,FAR-498,TR-098,Nairobi,pending,Harvesting,39272.07,pending,2026-02-20T22:00:00
BKG-05999,FAR-499,TR-099,Embu,cancelled,Soil management,24036.11,void,2026-02-21T23:00:00
BKG-06000,FAR-500,TR-100,Kiambu,completed,Land preparation,36174.53,paid,2026-02-22T00:00:00
BKG-06001,FAR-001,TR-001,Machakos,completed,Planting,17691.69,paid,2026-02-23T01:00:00
BKG-06002,FAR-002,TR-002,Nakuru,completed,Weeding,37123.42,paid,2026-02-24T02:00:00
BKG-06003,FAR-003,TR-003,Nairobi,completed,Harvesting,49194.16,paid,2026-02-25T03:00:00
BKG-06004,FAR-004,TR-004,Embu,pending,Soil management,45267.06,pending,2026-02-26T04:00:00
BKG-06005,FAR-005,TR-005,Kiambu,cancelled,Land preparation,18267.15,void,2026-02-27T05:00:00
BKG-06006,FAR-006,TR-006,Machakos,completed,Planting,23906.81,pending,2026-02-28T06:00:00
BKG-06007,FAR-007,TR-007,Nakuru,completed,Weeding,43781.74,paid,2026-03-01T07:00:00
BKG-06008,FAR-008,TR-008,Nairobi,completed,Harvesting,34945.97,paid,2026-03-02T08:00:00
BKG-06009,FAR-009,TR-009,Embu,completed,Soil management,12394.42,paid,2026-03-03T09:00:00
BKG-06010,FAR-010,TR-010,Kiambu,pending,Land preparation,41317.63,pending,2026-03-04T10:00:00
BKG-06011,FAR-011,TR-011,Machakos,cancelled,Planting,43118.55,void,2026-03-05T11:00:00
BKG-06012,FAR-012,TR-012,Nakuru,completed,Weeding,11175.98,paid,2026-03-06T12:00:00
BKG-06013,FAR-013,TR-013,Nairobi,completed,Harvesting,32745.08,paid,2026-03-07T13:00:00
BKG-06014,FAR-014,TR-014,Embu,completed,Soil management,27236.41,paid,2026-03-08T14:00:00
BKG-06015,FAR-015,TR-015,Kiambu,completed,Land preparation,43195.4,paid,2026-03-09T15:00:00
BKG-06016,FAR-016,TR-016,Machakos,pending,Planting,29804.25,pending,2026-03-10T16:00:00
BKG-06017,FAR-017,TR-017,Nakuru,cancelled,Weeding,9621.89,void,2026-03-11T17:00:00
BKG-06018,FAR-018,TR-018,Nairobi,completed,Harvesting,23917.56,paid,2026-03-12T18:00:00
BKG-06019,FAR-019,TR-019,Embu,completed,Soil management,35346.62,paid,2026-03-13T19:00:00
BKG-06020,FAR-020,TR-020,Kiambu,completed,Land preparation,9732.44,paid,2026-03-14T20:00:00
BKG-06021,FAR-021,TR-021,Machakos,completed,Planting,11238.02,paid,2026-03-15T21:00:00
BKG-06022,FAR-022,TR-022,Nakuru,pending,Weeding,16859.91,pending,2026-03-16T22:00:00
BKG-06023,FAR-023,TR-023,Nairobi,cancelled,Harvesting,11547.89,void,2026-03-17T23:00:00
BKG-06024,FAR-024,TR-024,Embu,completed,Soil management,48352.0,paid,2026-03-18T00:00:00
BKG-06025,FAR-025,TR-025,Kiambu,completed,Land preparation,13846.8,paid,2026-03-19T01:00:00
BKG-06026,FAR-026,TR-026,Machakos,completed,Planting,13440.0,paid,2026-03-20T02:00:00
BKG-06027,FAR-027,TR-027,Nakuru,completed,Weeding,52772.14,paid,2026-03-21T03:00:00
BKG-06028,FAR-028,TR-028,Nairobi,pending,Harvesting,25677.64,pending,2026-03-22T04:00:00
BKG-06029,FAR-029,TR-029,Embu,cancelled,Soil management,15243.58,void,2026-03-23T05:00:00
BKG-06030,FAR-030,TR-030,Kiambu,completed,Land preparation,12358.12,paid,2026-03-24T06:00:00
BKG-06031,FAR-031,TR-031,Machakos,completed,Planting,11842.64,paid,2026-03-25T07:00:00
BKG-06032,FAR-032,TR-032,Nakuru,completed,Weeding,12677.33,paid,2026-03-26T08:00:00
BKG-06033,FAR-033,TR-033,Nairobi,completed,Harvesting,9322.58,paid,2026-03-27T09:00:00
BKG-06034,FAR-034,TR-034,Embu,pending,Soil management,46392.42,pending,2026-03-28T10:00:00
BKG-06035,FAR-035,TR-035,Kiambu,cancelled,Land preparation,15273.97,void,2026-03-29T11:00:00
BKG-06036,FAR-036,TR-036,Machakos,completed,Planting,26105.99,pending,2026-03-30T12:00:00
BKG-06037,FAR-037,TR-037,Nakuru,completed,Weeding,43494.5,paid,2026-03-31T13:00:00
BKG-06038,FAR-038,TR-038,Nairobi,completed,Harvesting,11462.97,paid,2026-04-01T14:00:00
BKG-06039,FAR-039,TR-039,Embu,completed,Soil management,24237.39,paid,2026-04-02T15:00:00
BKG-06040,FAR-040,TR-040,Kiambu,pending,Land preparation,33628.61,pending,2026-04-03T16:00:00
BKG-06041,FAR-041,TR-041,Machakos,cancelled,Planting,13258.31,void,2026-04-04T17:00:00
BKG-06042,FAR-042,TR-042,Nakuru,completed,Weeding,28299.2,paid,2026-04-05T18:00:00
BKG-06043,FAR-043,TR-043,Nairobi,completed,Harvesting,39654.85,pending,2026-04-06T19:00:00
BKG-06044,FAR-044,TR-044,Embu,completed,Soil management,22825.97,paid,2026-04-07T20:00:00
BKG-06045,FAR-045,TR-045,Kiambu,completed,Land preparation,38954.91,pending,2026-04-08T21:00:00
BKG-06046,FAR-046,TR-046,Machakos,pending,Planting,40091.38,pending,2026-04-09T22:00:00
BKG-06047,FAR-047,TR-047,Nakuru,cancelled,Weeding,39224.94,void,2026-04-10T23:00:00
BKG-06048,FAR-048,TR-048,Nairobi,completed,Harvesting,13121.83,paid,2026-04-11T00:00:00
BKG-06049,FAR-049,TR-049,Embu,completed,Soil management,20792.72,paid,2026-04-12T01:00:00
BKG-06050,FAR-050,TR-050,Kiambu,completed,Land preparation,12680.63,paid,2026-04-13T02:00:00
BKG-06051,FAR-051,TR-051,Machakos,completed,Planting,31066.22,pending,2026-04-14T03:00:00
BKG-06052,FAR-052,TR-052,Nakuru,pending,Weeding,9100.66,pending,2026-04-15T04:00:00
BKG-06053,FAR-053,TR-053,Nairobi,cancelled,Harvesting,35400.51,void,2026-04-16T05:00:00
BKG-06054,FAR-054,TR-054,Embu,completed,Soil management,24021.95,paid,2026-04-17T06:00:00
BKG-06055,FAR-055,TR-055,Kiambu,completed,Land preparation,14352.8,paid,2026-04-18T07:00:00
BKG-06056,FAR-056,TR-056,Machakos,completed,Planting,35754.08,paid,2026-04-19T08:00:00
BKG-06057,FAR-057,TR-057,Nakuru,completed,Weeding,46280.62,paid,2026-04-20T09:00:00
BKG-06058,FAR-058,TR-058,Nairobi,pending,Harvesting,29672.81,pending,2026-04-21T10:00:00
BKG-06059,FAR-059,TR-059,Embu,cancelled,Soil management,53013.03,void,2026-04-22T11:00:00
BKG-06060,FAR-060,TR-060,Kiambu,completed,Land preparation,53925.07,paid,2026-04-23T12:00:00
BKG-06061,FAR-061,TR-061,Machakos,completed,Planting,19742.5,pending,2026-04-24T13:00:00
BKG-06062,FAR-062,TR-062,Nakuru,completed,Weeding,9119.47,paid,2026-04-25T14:00:00
BKG-06063,FAR-063,TR-063,Nairobi,completed,Harvesting,29868.93,paid,2026-04-26T15:00:00
BKG-06064,FAR-064,TR-064,Embu,pending,Soil management,46976.91,pending,2026-04-27T16:00:00
BKG-06065,FAR-065,TR-065,Kiambu,cancelled,Land preparation,11286.47,void,2026-04-28T17:00:00
BKG-06066,FAR-066,TR-066,Machakos,completed,Planting,25223.21,paid,2026-04-29T18:00:00
BKG-06067,FAR-067,TR-067,Nakuru,completed,Weeding,13908.13,paid,2026-04-30T19:00:00
BKG-06068,FAR-068,TR-068,Nairobi,completed,Harvesting,20076.63,paid,2026-05-01T20:00:00
BKG-06069,FAR-069,TR-069,Embu,completed,Soil management,20455.1,paid,2026-05-02T21:00:00
BKG-06070,FAR-070,TR-070,Kiambu,pending,Land preparation,41706.98,pending,2026-05-03T22:00:00
BKG-06071,FAR-071,TR-071,Machakos,cancelled,Planting,13736.08,void,2026-05-04T23:00:00
BKG-06072,FAR-072,TR-072,Nakuru,completed,Weeding,9963.25,paid,2026-05-05T00:00:00
BKG-06073,FAR-073,TR-073,Nairobi,completed,Harvesting,21635.63,paid,2026-05-06T01:00:00
BKG-06074,FAR-074,TR-074,Embu,completed,Soil management,21885.62,paid,2026-05-07T02:00:00
BKG-06075,FAR-075,TR-075,Kiambu,completed,Land preparation,47768.51,paid,2026-05-08T03:00:00
BKG-06076,FAR-076,TR-076,Machakos,pending,Planting,26209.77,pending,2026-05-09T04:00:00
BKG-06077,FAR-077,TR-077,Nakuru,cancelled,Weeding,47474.03,void,2026-05-10T05:00:00
BKG-06078,FAR-078,TR-078,Nairobi,completed,Harvesting,39489.19,paid,2026-05-11T06:00:00
BKG-06079,FAR-079,TR-079,Embu,completed,Soil management,20836.93,paid,2026-05-12T07:00:00
BKG-06080,FAR-080,TR-080,Kiambu,completed,Land preparation,32346.26,pending,2026-05-13T08:00:00
BKG-06081,FAR-081,TR-081,Machakos,completed,Planting,38761.06,paid,2026-05-14T09:00:00
BKG-06082,FAR-082,TR-082,Nakuru,pending,Weeding,43708.05,pending,2026-05-15T10:00:00
BKG-06083,FAR-083,TR-083,Nairobi,cancelled,Harvesting,28929.83,void,2026-05-16T11:00:00
BKG-06084,FAR-084,TR-084,Embu,completed,Soil management,11117.52,paid,2026-05-17T12:00:00
BKG-06085,FAR-085,TR-085,Kiambu,completed,Land preparation,29398.68,paid,2026-05-18T13:00:00
BKG-06086,FAR-086,TR-086,Machakos,completed,Planting,21424.99,pending,2026-05-19T14:00:00
BKG-06087,FAR-087,TR-087,Nakuru,completed,Weeding,27533.89,paid,2026-05-20T15:00:00
BKG-06088,FAR-088,TR-088,Nairobi,pending,Harvesting,33439.62,pending,2026-05-21T16:00:00
BKG-06089,FAR-089,TR-089,Embu,cancelled,Soil management,19047.54,void,2026-05-22T17:00:00
BKG-06090,FAR-090,TR-090,Kiambu,completed,Land preparation,41010.19,pending,2026-05-23T18:00:00
BKG-06091,FAR-091,TR-091,Machakos,completed,Planting,52984.85,paid,2026-05-24T19:00:00
BKG-06092,FAR-092,TR-092,Nakuru,completed,Weeding,33982.15,pending,2026-05-25T20:00:00
BKG-06093,FAR-093,TR-093,Nairobi,completed,Harvesting,30319.51,paid,2026-05-26T21:00:00
BKG-06094,FAR-094,TR-094,Embu,pending,Soil management,46471.91,pending,2026-05-27T22:00:00
BKG-06095,FAR-095,TR-095,Kiambu,cancelled,Land preparation,31596.38,void,2026-05-28T23:00:00
BKG-06096,FAR-096,TR-096,Machakos,completed,Planting,43534.31,paid,2026-05-29T00:00:00
BKG-06097,FAR-097,TR-097,Nakuru,completed,Weeding,24725.92,paid,2026-05-30T01:00:00
BKG-06098,FAR-098,TR-098,Nairobi,completed,Harvesting,48655.96,paid,2026-05-31T02:00:00
BKG-06099,FAR-099,TR-099,Embu,completed,Soil management,39907.01,paid,2026-06-01T03:00:00
BKG-06100,FAR-100,TR-100,Kiambu,pending,Land preparation,26133.15,pending,2026-06-02T04:00:00
BKG-06101,FAR-101,TR-001,Machakos,cancelled,Planting,22494.41,void,2026-06-03T05:00:00
BKG-06102,FAR-102,TR-002,Nakuru,completed,Weeding,31302.2,paid,2026-06-04T06:00:00
BKG-06103,FAR-103,TR-003,Nairobi,completed,Harvesting,14215.16,paid,2026-06-05T07:00:00
BKG-06104,FAR-104,TR-004,Embu,completed,Soil management,40803.51,paid,2026-06-06T08:00:00
BKG-06105,FAR-105,TR-005,Kiambu,completed,Land preparation,38024.41,paid,2026-06-07T09:00:00
BKG-06106,FAR-106,TR-006,Machakos,pending,Planting,25708.44,pending,2026-06-08T10:00:00
BKG-06107,FAR-107,TR-007,Nakuru,cancelled,Weeding,15935.39,void,2026-06-09T11:00:00
BKG-06108,FAR-108,TR-008,Nairobi,completed,Harvesting,18273.92,paid,2026-06-10T12:00:00
BKG-06109,FAR-109,TR-009,Embu,completed,Soil management,49765.53,paid,2026-06-11T13:00:00
BKG-06110,FAR-110,TR-010,Kiambu,completed,Land preparation,41535.73,paid,2026-06-12T14:00:00
BKG-06111,FAR-111,TR-011,Machakos,completed,Planting,40596.05,paid,2026-06-13T15:00:00
BKG-06112,FAR-112,TR-012,Nakuru,pending,Weeding,33252.51,pending,2026-06-14T16:00:00
BKG-06113,FAR-113,TR-013,Nairobi,cancelled,Harvesting,24824.12,void,2026-06-15T17:00:00
BKG-06114,FAR-114,TR-014,Embu,completed,Soil management,52336.52,paid,2026-06-16T18:00:00
BKG-06115,FAR-115,TR-015,Kiambu,completed,Land preparation,51654.92,paid,2026-06-17T19:00:00
BKG-06116,FAR-116,TR-016,Machakos,completed,Planting,25617.12,paid,2026-06-18T20:00:00
BKG-06117,FAR-117,TR-017,Nakuru,completed,Weeding,49771.33,paid,2026-06-19T21:00:00
BKG-06118,FAR-118,TR-018,Nairobi,pending,Harvesting,9895.47,pending,2026-06-20T22:00:00
BKG-06119,FAR-119,TR-019,Embu,cancelled,Soil management,30220.95,void,2026-06-21T23:00:00
BKG-06120,FAR-120,TR-020,Kiambu,completed,Land preparation,20424.55,paid,2026-06-22T00:00:00
BKG-06121,FAR-121,TR-021,Machakos,completed,Planting,14138.21,paid,2026-06-23T01:00:00
BKG-06122,FAR-122,TR-022,Nakuru,completed,Weeding,12267.56,paid,2026-06-24T02:00:00
BKG-06123,FAR-123,TR-023,Nairobi,completed,Harvesting,46437.16,paid,2026-06-25T03:00:00
BKG-06124,FAR-124,TR-024,Embu,pending,Soil management,10172.52,pending,2026-06-26T04:00:00
BKG-06125,FAR-125,TR-025,Kiambu,cancelled,Land preparation,34176.06,void,2026-06-27T05:00:00
BKG-06126,FAR-126,TR-026,Machakos,completed,Planting,14996.41,paid,2026-06-28T06:00:00
BKG-06127,FAR-127,TR-027,Nakuru,completed,Weeding,30536.0,paid,2026-06-29T07:00:00
BKG-06128,FAR-128,TR-028,Nairobi,completed,Harvesting,28590.22,paid,2026-06-30T08:00:00
BKG-06129,FAR-129,TR-029,Embu,completed,Soil management,31971.84,paid,2026-07-01T09:00:00
BKG-06130,FAR-130,TR-030,Kiambu,pending,Land preparation,38995.24,pending,2026-07-02T10:00:00
BKG-06131,FAR-131,TR-031,Machakos,cancelled,Planting,32554.29,void,2026-07-03T11:00:00
BKG-06132,FAR-132,TR-032,Nakuru,completed,Weeding,26077.36,paid,2026-07-04T12:00:00
BKG-06133,FAR-133,TR-033,Nairobi,completed,Harvesting,10674.4,paid,2026-07-05T13:00:00
BKG-06134,FAR-134,TR-034,Embu,completed,Soil management,31550.81,paid,2026-07-06T14:00:00
BKG-06135,FAR-135,TR-035,Kiambu,completed,Land preparation,47819.89,paid,2026-07-07T15:00:00
BKG-06136,FAR-136,TR-036,Machakos,pending,Planting,45909.6,pending,2026-07-08T16:00:00
BKG-06137,FAR-137,TR-037,Nakuru,cancelled,Weeding,32475.27,void,2026-07-09T17:00:00
BKG-06138,FAR-138,TR-038,Nairobi,completed,Harvesting,10355.5,paid,2026-07-10T18:00:00
BKG-06139,FAR-139,TR-039,Embu,completed,Soil management,35577.87,paid,2026-07-11T19:00:00
BKG-06140,FAR-140,TR-040,Kiambu,completed,Land preparation,40027.56,paid,2026-07-12T20:00:00
BKG-06141,FAR-141,TR-041,Machakos,completed,Planting,51939.05,paid,2026-07-13T21:00:00
BKG-06142,FAR-142,TR-042,Nakuru,pending,Weeding,50139.05,pending,2026-07-14T22:00:00
BKG-06143,FAR-143,TR-043,Nairobi,cancelled,Harvesting,23351.37,void,2026-07-15T23:00:00
BKG-06144,FAR-144,TR-044,Embu,completed,Soil management,35789.1,paid,2026-07-16T00:00:00
BKG-06145,FAR-145,TR-045,Kiambu,completed,Land preparation,34812.57,paid,2026-07-17T01:00:00
BKG-06146,FAR-146,TR-046,Machakos,completed,Planting,38576.02,paid,2026-07-18T02:00:00
BKG-06147,FAR-147,TR-047,Nakuru,completed,Weeding,26115.72,paid,2026-07-19T03:00:00
BKG-06148,FAR-148,TR-048,Nairobi,pending,Harvesting,27378.93,pending,2026-07-20T04:00:00
BKG-06149,FAR-149,TR-049,Embu,cancelled,Soil management,17733.43,void,2026-07-21T05:00:00
BKG-06150,FAR-150,TR-050,Kiambu,completed,Land preparation,53610.27,paid,2026-07-22T06:00:00
BKG-06151,FAR-151,TR-051,Machakos,completed,Planting,46338.76,paid,2026-07-23T07:00:00
BKG-06152,FAR-152,TR-052,Nakuru,completed,Weeding,46281.92,paid,2026-07-24T08:00:00
BKG-06153,FAR-153,TR-053,Nairobi,completed,Harvesting,19691.03,paid,2026-07-25T09:00:00
BKG-06154,FAR-154,TR-054,Embu,pending,Soil management,37990.22,pending,2026-07-26T10:00:00
BKG-06155,FAR-155,TR-055,Kiambu,cancelled,Land preparation,36219.8,void,2026-07-27T11:00:00
BKG-06156,FAR-156,TR-056,Machakos,completed,Planting,33119.08,paid,2026-07-28T12:00:00
BKG-06157,FAR-157,TR-057,Nakuru,completed,Weeding,48219.47,paid,2026-07-29T13:00:00
BKG-06158,FAR-158,TR-058,Nairobi,completed,Harvesting,17895.7,paid,2026-07-30T14:00:00
BKG-06159,FAR-159,TR-059,Embu,completed,Soil management,32760.19,paid,2026-07-31T15:00:00
BKG-06160,FAR-160,TR-060,Kiambu,pending,Land preparation,49789.89,pending,2026-08-01T16:00:00
BKG-06161,FAR-161,TR-061,Machakos,cancelled,Planting,44274.92,void,2026-08-02T17:00:00
BKG-06162,FAR-162,TR-062,Nakuru,completed,Weeding,53402.32,paid,2026-08-03T18:00:00
BKG-06163,FAR-163,TR-063,Nairobi,completed,Harvesting,10042.28,paid,2026-08-04T19:00:00
BKG-06164,FAR-164,TR-064,Embu,completed,Soil management,36742.04,paid,2026-08-05T20:00:00
BKG-06165,FAR-165,TR-065,Kiambu,completed,Land preparation,20299.91,paid,2026-08-06T21:00:00
BKG-06166,FAR-166,TR-066,Machakos,pending,Planting,27475.68,pending,2026-08-07T22:00:00
BKG-06167,FAR-167,TR-067,Nakuru,cancelled,Weeding,39207.16,void,2026-08-08T23:00:00
BKG-06168,FAR-168,TR-068,Nairobi,completed,Harvesting,45737.22,paid,2026-08-09T00:00:00
BKG-06169,FAR-169,TR-069,Embu,completed,Soil management,52829.0,paid,2026-08-10T01:00:00
BKG-06170,FAR-170,TR-070,Kiambu,completed,Land preparation,13889.22,pending,2026-08-11T02:00:00
BKG-06171,FAR-171,TR-071,Machakos,completed,Planting,39275.64,paid,2026-08-12T03:00:00
BKG-06172,FAR-172,TR-072,Nakuru,pending,Weeding,9614.45,pending,2026-08-13T04:00:00
BKG-06173,FAR-173,TR-073,Nairobi,cancelled,Harvesting,51676.83,void,2026-08-14T05:00:00
BKG-06174,FAR-174,TR-074,Embu,completed,Soil management,38133.67,pending,2026-08-15T06:00:00
BKG-06175,FAR-175,TR-075,Kiambu,completed,Land preparation,52581.44,paid,2026-08-16T07:00:00
BKG-06176,FAR-176,TR-076,Machakos,completed,Planting,14488.03,paid,2026-08-17T08:00:00
BKG-06177,FAR-177,TR-077,Nakuru,completed,Weeding,47152.62,paid,2026-08-18T09:00:00
BKG-06178,FAR-178,TR-078,Nairobi,pending,Harvesting,27638.43,pending,2026-08-19T10:00:00
BKG-06179,FAR-179,TR-079,Embu,cancelled,Soil management,22411.58,void,2026-08-20T11:00:00
BKG-06180,FAR-180,TR-080,Kiambu,completed,Land preparation,43165.82,paid,2026-08-21T12:00:00
BKG-06181,FAR-181,TR-081,Machakos,completed,Planting,21897.67,paid,2026-08-22T13:00:00
BKG-06182,FAR-182,TR-082,Nakuru,completed,Weeding,40267.93,paid,2026-08-23T14:00:00
BKG-06183,FAR-183,TR-083,Nairobi,completed,Harvesting,36641.76,paid,2026-08-24T15:00:00
BKG-06184,FAR-184,TR-084,Embu,pending,Soil management,20969.93,pending,2026-08-25T16:00:00
BKG-06185,FAR-185,TR-085,Kiambu,cancelled,Land preparation,39002.13,void,2026-08-26T17:00:00
BKG-06186,FAR-186,TR-086,Machakos,completed,Planting,36468.59,paid,2026-08-27T18:00:00
BKG-06187,FAR-187,TR-087,Nakuru,completed,Weeding,13638.36,paid,2026-08-28T19:00:00
BKG-06188,FAR-188,TR-088,Nairobi,completed,Harvesting,41546.82,paid,2026-08-29T20:00:00
BKG-06189,FAR-189,TR-089,Embu,completed,Soil management,43448.41,paid,2026-08-30T21:00:00
BKG-06190,FAR-190,TR-090,Kiambu,pending,Land preparation,20306.28,pending,2026-08-31T22:00:00
BKG-06191,FAR-191,TR-091,Machakos,cancelled,Planting,15287.57,void,2026-09-01T23:00:00
BKG-06192,FAR-192,TR-092,Nakuru,completed,Weeding,22272.62,paid,2026-09-02T00:00:00
BKG-06193,FAR-193,TR-093,Nairobi,completed,Harvesting,13745.39,paid,2026-09-03T01:00:00
BKG-06194,FAR-194,TR-094,Embu,completed,Soil management,43500.77,paid,2026-09-04T02:00:00
BKG-06195,FAR-195,TR-095,Kiambu,completed,Land preparation,17580.43,paid,2026-09-05T03:00:00
BKG-06196,FAR-196,TR-096,Machakos,pending,Planting,11692.91,pending,2026-09-06T04:00:00
BKG-06197,FAR-197,TR-097,Nakuru,cancelled,Weeding,46009.98,void,2026-09-07T05:00:00
BKG-06198,FAR-198,TR-098,Nairobi,completed,Harvesting,22643.09,paid,2026-09-08T06:00:00
BKG-06199,FAR-199,TR-099,Embu,completed,Soil management,37456.07,paid,2026-09-09T07:00:00
BKG-06200,FAR-200,TR-100,Kiambu,completed,Land preparation,28841.65,paid,2026-09-10T08:00:00
BKG-06201,FAR-201,TR-001,Machakos,completed,Planting,39484.04,paid,2026-09-11T09:00:00
BKG-06202,FAR-202,TR-002,Nakuru,pending,Weeding,22548.75,pending,2026-09-12T10:00:00
BKG-06203,FAR-203,TR-003,Nairobi,cancelled,Harvesting,50644.47,void,2026-09-13T11:00:00
BKG-06204,FAR-204,TR-004,Embu,completed,Soil management,18261.47,paid,2026-09-14T12:00:00
BKG-06205,FAR-205,TR-005,Kiambu,completed,Land preparation,29627.87,paid,2025-09-15T13:00:00
BKG-06206,FAR-206,TR-006,Machakos,completed,Planting,24233.6,paid,2025-09-16T14:00:00
BKG-06207,FAR-207,TR-007,Nakuru,completed,Weeding,31448.91,paid,2025-09-17T15:00:00
BKG-06208,FAR-208,TR-008,Nairobi,pending,Harvesting,52533.14,pending,2025-09-18T16:00:00
BKG-06209,FAR-209,TR-009,Embu,cancelled,Soil management,32916.1,void,2025-09-19T17:00:00
BKG-06210,FAR-210,TR-010,Kiambu,completed,Land preparation,19163.59,paid,2025-09-20T18:00:00
BKG-06211,FAR-211,TR-011,Machakos,completed,Planting,44547.49,paid,2025-09-21T19:00:00
BKG-06212,FAR-212,TR-012,Nakuru,completed,Weeding,20124.84,paid,2025-09-22T20:00:00
BKG-06213,FAR-213,TR-013,Nairobi,completed,Harvesting,38078.77,paid,2025-09-23T21:00:00
BKG-06214,FAR-214,TR-014,Embu,pending,Soil management,28403.49,pending,2025-09-24T22:00:00
BKG-06215,FAR-215,TR-015,Kiambu,cancelled,Land preparation,14748.93,void,2025-09-25T23:00:00
BKG-06216,FAR-216,TR-016,Machakos,completed,Planting,28609.68,paid,2025-09-26T00:00:00
BKG-06217,FAR-217,TR-017,Nakuru,completed,Weeding,21020.86,paid,2025-09-27T01:00:00
BKG-06218,FAR-218,TR-018,Nairobi,completed,Harvesting,47988.52,paid,2025-09-28T02:00:00
BKG-06219,FAR-219,TR-019,Embu,completed,Soil management,45500.9,paid,2025-09-29T03:00:00
BKG-06220,FAR-220,TR-020,Kiambu,pending,Land preparation,41165.33,pending,2025-09-30T04:00:00
BKG-06221,FAR-221,TR-021,Machakos,cancelled,Planting,30343.19,void,2025-10-01T05:00:00
BKG-06222,FAR-222,TR-022,Nakuru,completed,Weeding,19789.11,paid,2025-10-02T06:00:00
BKG-06223,FAR-223,TR-023,Nairobi,completed,Harvesting,51116.29,paid,2025-10-03T07:00:00
BKG-06224,FAR-224,TR-024,Embu,completed,Soil management,24809.47,paid,2025-10-04T08:00:00
BKG-06225,FAR-225,TR-025,Kiambu,completed,Land preparation,27585.44,pending,2025-10-05T09:00:00
BKG-06226,FAR-226,TR-026,Machakos,pending,Planting,27754.6,pending,2025-10-06T10:00:00
BKG-06227,FAR-227,TR-027,Nakuru,cancelled,Weeding,24692.87,void,2025-10-07T11:00:00
BKG-06228,FAR-228,TR-028,Nairobi,completed,Harvesting,18762.07,paid,2025-10-08T12:00:00
BKG-06229,FAR-229,TR-029,Embu,completed,Soil management,52454.93,paid,2025-10-09T13:00:00
BKG-06230,FAR-230,TR-030,Kiambu,completed,Land preparation,27647.65,paid,2025-10-10T14:00:00
BKG-06231,FAR-231,TR-031,Machakos,completed,Planting,14697.51,paid,2025-10-11T15:00:00
BKG-06232,FAR-232,TR-032,Nakuru,pending,Weeding,16349.68,pending,2025-10-12T16:00:00
BKG-06233,FAR-233,TR-033,Nairobi,cancelled,Harvesting,18682.62,void,2025-10-13T17:00:00
BKG-06234,FAR-234,TR-034,Embu,completed,Soil management,31176.35,paid,2025-10-14T18:00:00
BKG-06235,FAR-235,TR-035,Kiambu,completed,Land preparation,50301.6,pending,2025-10-15T19:00:00
BKG-06236,FAR-236,TR-036,Machakos,completed,Planting,35173.66,paid,2025-10-16T20:00:00
BKG-06237,FAR-237,TR-037,Nakuru,completed,Weeding,25481.07,paid,2025-10-17T21:00:00
BKG-06238,FAR-238,TR-038,Nairobi,pending,Harvesting,52149.95,pending,2025-10-18T22:00:00
BKG-06239,FAR-239,TR-039,Embu,cancelled,Soil management,25612.27,void,2025-10-19T23:00:00
BKG-06240,FAR-240,TR-040,Kiambu,completed,Land preparation,24542.47,paid,2025-10-20T00:00:00
BKG-06241,FAR-241,TR-041,Machakos,completed,Planting,50776.08,paid,2025-10-21T01:00:00
BKG-06242,FAR-242,TR-042,Nakuru,completed,Weeding,29569.04,paid,2025-10-22T02:00:00
BKG-06243,FAR-243,TR-043,Nairobi,completed,Harvesting,51108.95,paid,2025-10-23T03:00:00
BKG-06244,FAR-244,TR-044,Embu,pending,Soil management,22617.66,pending,2025-10-24T04:00:00
BKG-06245,FAR-245,TR-045,Kiambu,cancelled,Land preparation,31364.26,void,2025-10-25T05:00:00
BKG-06246,FAR-246,TR-046,Machakos,completed,Planting,35730.31,paid,2025-10-26T06:00:00
BKG-06247,FAR-247,TR-047,Nakuru,completed,Weeding,37695.23,paid,2025-10-27T07:00:00
BKG-06248,FAR-248,TR-048,Nairobi,completed,Harvesting,29258.08,paid,2025-10-28T08:00:00
BKG-06249,FAR-249,TR-049,Embu,completed,Soil management,35208.6,paid,2025-10-29T09:00:00
BKG-06250,FAR-250,TR-050,Kiambu,pending,Land preparation,26095.57,pending,2025-10-30T10:00:00
BKG-06251,FAR-251,TR-051,Machakos,cancelled,Planting,22469.34,void,2025-10-31T11:00:00
BKG-06252,FAR-252,TR-052,Nakuru,completed,Weeding,21887.64,paid,2025-11-01T12:00:00
BKG-06253,FAR-253,TR-053,Nairobi,completed,Harvesting,28925.13,paid,2025-11-02T13:00:00
BKG-06254,FAR-254,TR-054,Embu,completed,Soil management,24613.66,paid,2025-11-03T14:00:00
BKG-06255,FAR-255,TR-055,Kiambu,completed,Land preparation,42060.53,paid,2025-11-04T15:00:00
BKG-06256,FAR-256,TR-056,Machakos,pending,Planting,19371.72,pending,2025-11-05T16:00:00
BKG-06257,FAR-257,TR-057,Nakuru,cancelled,Weeding,17378.57,void,2025-11-06T17:00:00
BKG-06258,FAR-258,TR-058,Nairobi,completed,Harvesting,10654.05,paid,2025-11-07T18:00:00
BKG-06259,FAR-259,TR-059,Embu,completed,Soil management,38241.41,pending,2025-11-08T19:00:00
BKG-06260,FAR-260,TR-060,Kiambu,completed,Land preparation,46285.79,paid,2025-11-09T20:00:00
BKG-06261,FAR-261,TR-061,Machakos,completed,Planting,11839.48,pending,2025-11-10T21:00:00
BKG-06262,FAR-262,TR-062,Nakuru,pending,Weeding,48841.13,pending,2025-11-11T22:00:00
BKG-06263,FAR-263,TR-063,Nairobi,cancelled,Harvesting,51781.5,void,2025-11-12T23:00:00
BKG-06264,FAR-264,TR-064,Embu,completed,Soil management,41122.62,paid,2025-11-13T00:00:00
BKG-06265,FAR-265,TR-065,Kiambu,completed,Land preparation,22629.59,paid,2025-11-14T01:00:00
BKG-06266,FAR-266,TR-066,Machakos,completed,Planting,40356.3,paid,2025-11-15T02:00:00
BKG-06267,FAR-267,TR-067,Nakuru,completed,Weeding,12968.83,paid,2025-11-16T03:00:00
BKG-06268,FAR-268,TR-068,Nairobi,pending,Harvesting,20230.66,pending,2025-11-17T04:00:00
BKG-06269,FAR-269,TR-069,Embu,cancelled,Soil management,21106.47,void,2025-11-18T05:00:00
BKG-06270,FAR-270,TR-070,Kiambu,completed,Land preparation,50794.9,paid,2025-11-19T06:00:00
BKG-06271,FAR-271,TR-071,Machakos,completed,Planting,13031.19,paid,2025-11-20T07:00:00
BKG-06272,FAR-272,TR-072,Nakuru,completed,Weeding,10175.89,paid,2025-11-21T08:00:00
BKG-06273,FAR-273,TR-073,Nairobi,completed,Harvesting,34749.71,pending,2025-11-22T09:00:00
BKG-06274,FAR-274,TR-074,Embu,pending,Soil management,52177.76,pending,2025-11-23T10:00:00
BKG-06275,FAR-275,TR-075,Kiambu,cancelled,Land preparation,27975.44,void,2025-11-24T11:00:00
BKG-06276,FAR-276,TR-076,Machakos,completed,Planting,51207.7,paid,2025-11-25T12:00:00
BKG-06277,FAR-277,TR-077,Nakuru,completed,Weeding,47581.25,paid,2025-11-26T13:00:00
BKG-06278,FAR-278,TR-078,Nairobi,completed,Harvesting,20165.85,paid,2025-11-27T14:00:00
BKG-06279,FAR-279,TR-079,Embu,completed,Soil management,46497.11,paid,2025-11-28T15:00:00
BKG-06280,FAR-280,TR-080,Kiambu,pending,Land preparation,10945.55,pending,2025-11-29T16:00:00
BKG-06281,FAR-281,TR-081,Machakos,cancelled,Planting,45578.22,void,2025-11-30T17:00:00
BKG-06282,FAR-282,TR-082,Nakuru,completed,Weeding,18739.75,paid,2025-12-01T18:00:00
BKG-06283,FAR-283,TR-083,Nairobi,completed,Harvesting,17935.31,paid,2025-12-02T19:00:00
BKG-06284,FAR-284,TR-084,Embu,completed,Soil management,33991.93,paid,2025-12-03T20:00:00
BKG-06285,FAR-285,TR-085,Kiambu,completed,Land preparation,52822.56,paid,2025-12-04T21:00:00
BKG-06286,FAR-286,TR-086,Machakos,pending,Planting,24388.34,pending,2025-12-05T22:00:00
BKG-06287,FAR-287,TR-087,Nakuru,cancelled,Weeding,28540.77,void,2025-12-06T23:00:00
BKG-06288,FAR-288,TR-088,Nairobi,completed,Harvesting,19389.45,paid,2025-12-07T00:00:00
BKG-06289,FAR-289,TR-089,Embu,completed,Soil management,43626.82,pending,2025-12-08T01:00:00
BKG-06290,FAR-290,TR-090,Kiambu,completed,Land preparation,9986.23,pending,2025-12-09T02:00:00
BKG-06291,FAR-291,TR-091,Machakos,completed,Planting,39608.1,paid,2025-12-10T03:00:00
BKG-06292,FAR-292,TR-092,Nakuru,pending,Weeding,13843.45,pending,2025-12-11T04:00:00
BKG-06293,FAR-293,TR-093,Nairobi,cancelled,Harvesting,27748.09,void,2025-12-12T05:00:00
BKG-06294,FAR-294,TR-094,Embu,completed,Soil management,52437.88,paid,2025-12-13T06:00:00
BKG-06295,FAR-295,TR-095,Kiambu,completed,Land preparation,13263.6,paid,2025-12-14T07:00:00
BKG-06296,FAR-296,TR-096,Machakos,completed,Planting,28779.9,paid,2025-12-15T08:00:00
BKG-06297,FAR-297,TR-097,Nakuru,completed,Weeding,38594.97,paid,2025-12-16T09:00:00
BKG-06298,FAR-298,TR-098,Nairobi,pending,Harvesting,50174.75,pending,2025-12-17T10:00:00
BKG-06299,FAR-299,TR-099,Embu,cancelled,Soil management,22801.88,void,2025-12-18T11:00:00
BKG-06300,FAR-300,TR-100,Kiambu,completed,Land preparation,17460.1,paid,2025-12-19T12:00:00
BKG-06301,FAR-301,TR-001,Machakos,completed,Planting,32976.99,paid,2025-12-20T13:00:00
BKG-06302,FAR-302,TR-002,Nakuru,completed,Weeding,31816.14,paid,2025-12-21T14:00:00
BKG-06303,FAR-303,TR-003,Nairobi,completed,Harvesting,26384.91,paid,2025-12-22T15:00:00
BKG-06304,FAR-304,TR-004,Embu,pending,Soil management,31873.15,pending,2025-12-23T16:00:00
BKG-06305,FAR-305,TR-005,Kiambu,cancelled,Land preparation,24636.08,void,2025-12-24T17:00:00
BKG-06306,FAR-306,TR-006,Machakos,completed,Planting,49054.22,paid,2025-12-25T18:00:00
BKG-06307,FAR-307,TR-007,Nakuru,completed,Weeding,39397.84,paid,2025-12-26T19:00:00
BKG-06308,FAR-308,TR-008,Nairobi,completed,Harvesting,23574.89,paid,2025-12-27T20:00:00
BKG-06309,FAR-309,TR-009,Embu,completed,Soil management,24956.76,paid,2025-12-28T21:00:00
BKG-06310,FAR-310,TR-010,Kiambu,pending,Land preparation,24139.17,pending,2025-12-29T22:00:00
BKG-06311,FAR-311,TR-011,Machakos,cancelled,Planting,33034.88,void,2025-12-30T23:00:00
BKG-06312,FAR-312,TR-012,Nakuru,completed,Weeding,39286.08,paid,2025-12-31T00:00:00
BKG-06313,FAR-313,TR-013,Nairobi,completed,Harvesting,30835.52,paid,2026-01-01T01:00:00
BKG-06314,FAR-314,TR-014,Embu,completed,Soil management,27066.6,paid,2026-01-02T02:00:00
BKG-06315,FAR-315,TR-015,Kiambu,completed,Land preparation,18548.22,paid,2026-01-03T03:00:00
BKG-06316,FAR-316,TR-016,Machakos,pending,Planting,24323.72,pending,2026-01-04T04:00:00
BKG-06317,FAR-317,TR-017,Nakuru,cancelled,Weeding,14115.1,void,2026-01-05T05:00:00
BKG-06318,FAR-318,TR-018,Nairobi,completed,Harvesting,14967.68,paid,2026-01-06T06:00:00
BKG-06319,FAR-319,TR-019,Embu,completed,Soil management,39954.11,paid,2026-01-07T07:00:00
BKG-06320,FAR-320,TR-020,Kiambu,completed,Land preparation,51972.16,paid,2026-01-08T08:00:00
BKG-06321,FAR-321,TR-021,Machakos,completed,Planting,49908.16,paid,2026-01-09T09:00:00
BKG-06322,FAR-322,TR-022,Nakuru,pending,Weeding,27750.21,pending,2026-01-10T10:00:00
BKG-06323,FAR-323,TR-023,Nairobi,cancelled,Harvesting,44626.12,void,2026-01-11T11:00:00
BKG-06324,FAR-324,TR-024,Embu,completed,Soil management,17395.1,paid,2026-01-12T12:00:00
BKG-06325,FAR-325,TR-025,Kiambu,completed,Land preparation,42792.09,paid,2026-01-13T13:00:00
BKG-06326,FAR-326,TR-026,Machakos,completed,Planting,32321.83,paid,2026-01-14T14:00:00
BKG-06327,FAR-327,TR-027,Nakuru,completed,Weeding,46519.43,pending,2026-01-15T15:00:00
BKG-06328,FAR-328,TR-028,Nairobi,pending,Harvesting,10999.99,pending,2026-01-16T16:00:00
BKG-06329,FAR-329,TR-029,Embu,cancelled,Soil management,48693.76,void,2026-01-17T17:00:00
BKG-06330,FAR-330,TR-030,Kiambu,completed,Land preparation,49508.33,paid,2026-01-18T18:00:00
BKG-06331,FAR-331,TR-031,Machakos,completed,Planting,36153.44,pending,2026-01-19T19:00:00
BKG-06332,FAR-332,TR-032,Nakuru,completed,Weeding,32301.46,paid,2026-01-20T20:00:00
BKG-06333,FAR-333,TR-033,Nairobi,completed,Harvesting,37679.26,pending,2026-01-21T21:00:00
BKG-06334,FAR-334,TR-034,Embu,pending,Soil management,37782.16,pending,2026-01-22T22:00:00
BKG-06335,FAR-335,TR-035,Kiambu,cancelled,Land preparation,53110.92,void,2026-01-23T23:00:00
BKG-06336,FAR-336,TR-036,Machakos,completed,Planting,18427.38,paid,2026-01-24T00:00:00
BKG-06337,FAR-337,TR-037,Nakuru,completed,Weeding,49683.06,paid,2026-01-25T01:00:00
BKG-06338,FAR-338,TR-038,Nairobi,completed,Harvesting,37455.96,paid,2026-01-26T02:00:00
BKG-06339,FAR-339,TR-039,Embu,completed,Soil management,33229.96,pending,2026-01-27T03:00:00
BKG-06340,FAR-340,TR-040,Kiambu,pending,Land preparation,44418.47,pending,2026-01-28T04:00:00
BKG-06341,FAR-341,TR-041,Machakos,cancelled,Planting,49750.21,void,2026-01-29T05:00:00
BKG-06342,FAR-342,TR-042,Nakuru,completed,Weeding,30585.79,paid,2026-01-30T06:00:00
BKG-06343,FAR-343,TR-043,Nairobi,completed,Harvesting,14832.77,paid,2026-01-31T07:00:00
BKG-06344,FAR-344,TR-044,Embu,completed,Soil management,31297.08,pending,2026-02-01T08:00:00
BKG-06345,FAR-345,TR-045,Kiambu,completed,Land preparation,25378.44,paid,2026-02-02T09:00:00
BKG-06346,FAR-346,TR-046,Machakos,pending,Planting,48944.75,pending,2026-02-03T10:00:00
BKG-06347,FAR-347,TR-047,Nakuru,cancelled,Weeding,32714.59,void,2026-02-04T11:00:00
BKG-06348,FAR-348,TR-048,Nairobi,completed,Harvesting,12797.04,paid,2026-02-05T12:00:00
BKG-06349,FAR-349,TR-049,Embu,completed,Soil management,46534.36,paid,2026-02-06T13:00:00
BKG-06350,FAR-350,TR-050,Kiambu,completed,Land preparation,10894.78,paid,2026-02-07T14:00:00
BKG-06351,FAR-351,TR-051,Machakos,completed,Planting,39362.53,paid,2026-02-08T15:00:00
BKG-06352,FAR-352,TR-052,Nakuru,pending,Weeding,12658.99,pending,2026-02-09T16:00:00
BKG-06353,FAR-353,TR-053,Nairobi,cancelled,Harvesting,15407.23,void,2026-02-10T17:00:00
BKG-06354,FAR-354,TR-054,Embu,completed,Soil management,30544.18,paid,2026-02-11T18:00:00
BKG-06355,FAR-355,TR-055,Kiambu,completed,Land preparation,25354.72,paid,2026-02-12T19:00:00
BKG-06356,FAR-356,TR-056,Machakos,completed,Planting,21250.24,paid,2026-02-13T20:00:00
BKG-06357,FAR-357,TR-057,Nakuru,completed,Weeding,13183.74,paid,2026-02-14T21:00:00
BKG-06358,FAR-358,TR-058,Nairobi,pending,Harvesting,18824.35,pending,2026-02-15T22:00:00
BKG-06359,FAR-359,TR-059,Embu,cancelled,Soil management,51892.48,void,2026-02-16T23:00:00
BKG-06360,FAR-360,TR-060,Kiambu,completed,Land preparation,30364.48,paid,2026-02-17T00:00:00
BKG-06361,FAR-361,TR-061,Machakos,completed,Planting,16400.21,paid,2026-02-18T01:00:00
BKG-06362,FAR-362,TR-062,Nakuru,completed,Weeding,48714.27,paid,2026-02-19T02:00:00
BKG-06363,FAR-363,TR-063,Nairobi,completed,Harvesting,47920.85,paid,2026-02-20T03:00:00
BKG-06364,FAR-364,TR-064,Embu,pending,Soil management,39883.98,pending,2026-02-21T04:00:00
BKG-06365,FAR-365,TR-065,Kiambu,cancelled,Land preparation,44402.67,void,2026-02-22T05:00:00
BKG-06366,FAR-366,TR-066,Machakos,completed,Planting,10475.28,pending,2026-02-23T06:00:00
BKG-06367,FAR-367,TR-067,Nakuru,completed,Weeding,26826.99,pending,2026-02-24T07:00:00
BKG-06368,FAR-368,TR-068,Nairobi,completed,Harvesting,12417.15,paid,2026-02-25T08:00:00
BKG-06369,FAR-369,TR-069,Embu,completed,Soil management,53186.18,pending,2026-02-26T09:00:00
BKG-06370,FAR-370,TR-070,Kiambu,pending,Land preparation,31055.07,pending,2026-02-27T10:00:00
BKG-06371,FAR-371,TR-071,Machakos,cancelled,Planting,14922.46,void,2026-02-28T11:00:00
BKG-06372,FAR-372,TR-072,Nakuru,completed,Weeding,11905.85,paid,2026-03-01T12:00:00
BKG-06373,FAR-373,TR-073,Nairobi,completed,Harvesting,31623.08,pending,2026-03-02T13:00:00
BKG-06374,FAR-374,TR-074,Embu,completed,Soil management,36993.7,paid,2026-03-03T14:00:00
BKG-06375,FAR-375,TR-075,Kiambu,completed,Land preparation,48379.94,paid,2026-03-04T15:00:00
BKG-06376,FAR-376,TR-076,Machakos,pending,Planting,44006.64,pending,2026-03-05T16:00:00
BKG-06377,FAR-377,TR-077,Nakuru,cancelled,Weeding,9962.51,void,2026-03-06T17:00:00
BKG-06378,FAR-378,TR-078,Nairobi,completed,Harvesting,26856.31,paid,2026-03-07T18:00:00
BKG-06379,FAR-379,TR-079,Embu,completed,Soil management,23432.78,paid,2026-03-08T19:00:00
BKG-06380,FAR-380,TR-080,Kiambu,completed,Land preparation,49398.57,pending,2026-03-09T20:00:00
BKG-06381,FAR-381,TR-081,Machakos,completed,Planting,50472.74,paid,2026-03-10T21:00:00
BKG-06382,FAR-382,TR-082,Nakuru,pending,Weeding,48274.05,pending,2026-03-11T22:00:00
BKG-06383,FAR-383,TR-083,Nairobi,cancelled,Harvesting,29805.47,void,2026-03-12T23:00:00
BKG-06384,FAR-384,TR-084,Embu,completed,Soil management,39810.22,paid,2026-03-13T00:00:00
BKG-06385,FAR-385,TR-085,Kiambu,completed,Land preparation,46499.75,paid,2026-03-14T01:00:00
BKG-06386,FAR-386,TR-086,Machakos,completed,Planting,29197.96,paid,2026-03-15T02:00:00
BKG-06387,FAR-387,TR-087,Nakuru,completed,Weeding,28110.71,paid,2026-03-16T03:00:00
BKG-06388,FAR-388,TR-088,Nairobi,pending,Harvesting,12368.81,pending,2026-03-17T04:00:00
BKG-06389,FAR-389,TR-089,Embu,cancelled,Soil management,43596.73,void,2026-03-18T05:00:00
BKG-06390,FAR-390,TR-090,Kiambu,completed,Land preparation,18854.76,paid,2026-03-19T06:00:00
BKG-06391,FAR-391,TR-091,Machakos,completed,Planting,14844.56,paid,2026-03-20T07:00:00
BKG-06392,FAR-392,TR-092,Nakuru,completed,Weeding,31068.82,pending,2026-03-21T08:00:00
BKG-06393,FAR-393,TR-093,Nairobi,completed,Harvesting,32678.19,paid,2026-03-22T09:00:00
BKG-06394,FAR-394,TR-094,Embu,pending,Soil management,43121.23,pending,2026-03-23T10:00:00
BKG-06395,FAR-395,TR-095,Kiambu,cancelled,Land preparation,45517.49,void,2026-03-24T11:00:00
BKG-06396,FAR-396,TR-096,Machakos,completed,Planting,10012.64,paid,2026-03-25T12:00:00
BKG-06397,FAR-397,TR-097,Nakuru,completed,Weeding,28570.51,paid,2026-03-26T13:00:00
BKG-06398,FAR-398,TR-098,Nairobi,completed,Harvesting,21665.93,paid,2026-03-27T14:00:00
BKG-06399,FAR-399,TR-099,Embu,completed,Soil management,14146.89,paid,2026-03-28T15:00:00
BKG-06400,FAR-400,TR-100,Kiambu,pending,Land preparation,38958.03,pending,2026-03-29T16:00:00
BKG-06401,FAR-401,TR-001,Machakos,cancelled,Planting,44862.8,void,2026-03-30T17:00:00
BKG-06402,FAR-402,TR-002,Nakuru,completed,Weeding,29860.7,paid,2026-03-31T18:00:00
BKG-06403,FAR-403,TR-003,Nairobi,completed,Harvesting,17820.19,pending,2026-04-01T19:00:00
BKG-06404,FAR-404,TR-004,Embu,completed,Soil management,28995.55,paid,2026-04-02T20:00:00
BKG-06405,FAR-405,TR-005,Kiambu,completed,Land preparation,39385.41,paid,2026-04-03T21:00:00
BKG-06406,FAR-406,TR-006,Machakos,pending,Planting,45379.71,pending,2026-04-04T22:00:00
BKG-06407,FAR-407,TR-007,Nakuru,cancelled,Weeding,33535.93,void,2026-04-05T23:00:00
BKG-06408,FAR-408,TR-008,Nairobi,completed,Harvesting,16440.08,paid,2026-04-06T00:00:00
BKG-06409,FAR-409,TR-009,Embu,completed,Soil management,38020.14,paid,2026-04-07T01:00:00
BKG-06410,FAR-410,TR-010,Kiambu,completed,Land preparation,31129.3,paid,2026-04-08T02:00:00
BKG-06411,FAR-411,TR-011,Machakos,completed,Planting,31030.44,paid,2026-04-09T03:00:00
BKG-06412,FAR-412,TR-012,Nakuru,pending,Weeding,46775.28,pending,2026-04-10T04:00:00
BKG-06413,FAR-413,TR-013,Nairobi,cancelled,Harvesting,19608.4,void,2026-04-11T05:00:00
BKG-06414,FAR-414,TR-014,Embu,completed,Soil management,10339.96,paid,2026-04-12T06:00:00
BKG-06415,FAR-415,TR-015,Kiambu,completed,Land preparation,42125.73,paid,2026-04-13T07:00:00
BKG-06416,FAR-416,TR-016,Machakos,completed,Planting,31443.57,paid,2026-04-14T08:00:00
BKG-06417,FAR-417,TR-017,Nakuru,completed,Weeding,36217.29,paid,2026-04-15T09:00:00
BKG-06418,FAR-418,TR-018,Nairobi,pending,Harvesting,18730.77,pending,2026-04-16T10:00:00
BKG-06419,FAR-419,TR-019,Embu,cancelled,Soil management,30759.43,void,2026-04-17T11:00:00
BKG-06420,FAR-420,TR-020,Kiambu,completed,Land preparation,17816.35,paid,2026-04-18T12:00:00
BKG-06421,FAR-421,TR-021,Machakos,completed,Planting,10045.91,paid,2026-04-19T13:00:00
BKG-06422,FAR-422,TR-022,Nakuru,completed,Weeding,34248.58,paid,2026-04-20T14:00:00
BKG-06423,FAR-423,TR-023,Nairobi,completed,Harvesting,52180.45,paid,2026-04-21T15:00:00
BKG-06424,FAR-424,TR-024,Embu,pending,Soil management,53766.32,pending,2026-04-22T16:00:00
BKG-06425,FAR-425,TR-025,Kiambu,cancelled,Land preparation,28994.9,void,2026-04-23T17:00:00
BKG-06426,FAR-426,TR-026,Machakos,completed,Planting,33328.13,paid,2026-04-24T18:00:00
BKG-06427,FAR-427,TR-027,Nakuru,completed,Weeding,49499.05,paid,2026-04-25T19:00:00
BKG-06428,FAR-428,TR-028,Nairobi,completed,Harvesting,51541.33,paid,2026-04-26T20:00:00
BKG-06429,FAR-429,TR-029,Embu,completed,Soil management,24968.9,pending,2026-04-27T21:00:00
BKG-06430,FAR-430,TR-030,Kiambu,pending,Land preparation,36206.73,pending,2026-04-28T22:00:00
BKG-06431,FAR-431,TR-031,Machakos,cancelled,Planting,49772.84,void,2026-04-29T23:00:00
BKG-06432,FAR-432,TR-032,Nakuru,completed,Weeding,37075.16,paid,2026-04-30T00:00:00
BKG-06433,FAR-433,TR-033,Nairobi,completed,Harvesting,32909.08,paid,2026-05-01T01:00:00
BKG-06434,FAR-434,TR-034,Embu,completed,Soil management,19577.41,paid,2026-05-02T02:00:00
BKG-06435,FAR-435,TR-035,Kiambu,completed,Land preparation,25963.04,paid,2026-05-03T03:00:00
BKG-06436,FAR-436,TR-036,Machakos,pending,Planting,36307.49,pending,2026-05-04T04:00:00
BKG-06437,FAR-437,TR-037,Nakuru,cancelled,Weeding,53233.11,void,2026-05-05T05:00:00
BKG-06438,FAR-438,TR-038,Nairobi,completed,Harvesting,44142.63,paid,2026-05-06T06:00:00
BKG-06439,FAR-439,TR-039,Embu,completed,Soil management,44318.44,pending,2026-05-07T07:00:00
BKG-06440,FAR-440,TR-040,Kiambu,completed,Land preparation,21729.95,paid,2026-05-08T08:00:00
BKG-06441,FAR-441,TR-041,Machakos,completed,Planting,23768.4,paid,2026-05-09T09:00:00
BKG-06442,FAR-442,TR-042,Nakuru,pending,Weeding,24973.92,pending,2026-05-10T10:00:00
BKG-06443,FAR-443,TR-043,Nairobi,cancelled,Harvesting,36731.38,void,2026-05-11T11:00:00
BKG-06444,FAR-444,TR-044,Embu,completed,Soil management,12661.63,paid,2026-05-12T12:00:00
BKG-06445,FAR-445,TR-045,Kiambu,completed,Land preparation,30654.38,paid,2026-05-13T13:00:00
BKG-06446,FAR-446,TR-046,Machakos,completed,Planting,45903.61,paid,2026-05-14T14:00:00
BKG-06447,FAR-447,TR-047,Nakuru,completed,Weeding,51751.81,paid,2026-05-15T15:00:00
BKG-06448,FAR-448,TR-048,Nairobi,pending,Harvesting,19403.42,pending,2026-05-16T16:00:00
BKG-06449,FAR-449,TR-049,Embu,cancelled,Soil management,36226.15,void,2026-05-17T17:00:00
BKG-06450,FAR-450,TR-050,Kiambu,completed,Land preparation,40403.08,paid,2026-05-18T18:00:00
BKG-06451,FAR-451,TR-051,Machakos,completed,Planting,18919.26,paid,2026-05-19T19:00:00
BKG-06452,FAR-452,TR-052,Nakuru,completed,Weeding,31086.74,paid,2026-05-20T20:00:00
BKG-06453,FAR-453,TR-053,Nairobi,completed,Harvesting,34868.87,paid,2026-05-21T21:00:00
BKG-06454,FAR-454,TR-054,Embu,pending,Soil management,21537.43,pending,2026-05-22T22:00:00
BKG-06455,FAR-455,TR-055,Kiambu,cancelled,Land preparation,12364.79,void,2026-05-23T23:00:00
BKG-06456,FAR-456,TR-056,Machakos,completed,Planting,31684.61,paid,2026-05-24T00:00:00
BKG-06457,FAR-457,TR-057,Nakuru,completed,Weeding,36136.15,paid,2026-05-25T01:00:00
BKG-06458,FAR-458,TR-058,Nairobi,completed,Harvesting,29839.61,paid,2026-05-26T02:00:00
BKG-06459,FAR-459,TR-059,Embu,completed,Soil management,26065.51,paid,2026-05-27T03:00:00
BKG-06460,FAR-460,TR-060,Kiambu,pending,Land preparation,15666.71,pending,2026-05-28T04:00:00
BKG-06461,FAR-461,TR-061,Machakos,cancelled,Planting,10918.48,void,2026-05-29T05:00:00
BKG-06462,FAR-462,TR-062,Nakuru,completed,Weeding,49535.41,paid,2026-05-30T06:00:00
BKG-06463,FAR-463,TR-063,Nairobi,completed,Harvesting,40519.44,pending,2026-05-31T07:00:00
BKG-06464,FAR-464,TR-064,Embu,completed,Soil management,25843.59,paid,2026-06-01T08:00:00
BKG-06465,FAR-465,TR-065,Kiambu,completed,Land preparation,40672.3,paid,2026-06-02T09:00:00
BKG-06466,FAR-466,TR-066,Machakos,pending,Planting,18331.72,pending,2026-06-03T10:00:00
BKG-06467,FAR-467,TR-067,Nakuru,cancelled,Weeding,45673.63,void,2026-06-04T11:00:00
BKG-06468,FAR-468,TR-068,Nairobi,completed,Harvesting,11641.98,paid,2026-06-05T12:00:00
BKG-06469,FAR-469,TR-069,Embu,completed,Soil management,39983.71,pending,2026-06-06T13:00:00
BKG-06470,FAR-470,TR-070,Kiambu,completed,Land preparation,31531.26,paid,2026-06-07T14:00:00
BKG-06471,FAR-471,TR-071,Machakos,completed,Planting,30432.68,paid,2026-06-08T15:00:00
BKG-06472,FAR-472,TR-072,Nakuru,pending,Weeding,24772.9,pending,2026-06-09T16:00:00
BKG-06473,FAR-473,TR-073,Nairobi,cancelled,Harvesting,23842.46,void,2026-06-10T17:00:00
BKG-06474,FAR-474,TR-074,Embu,completed,Soil management,42367.76,paid,2026-06-11T18:00:00
BKG-06475,FAR-475,TR-075,Kiambu,completed,Land preparation,46726.81,paid,2026-06-12T19:00:00
BKG-06476,FAR-476,TR-076,Machakos,completed,Planting,22174.36,paid,2026-06-13T20:00:00
BKG-06477,FAR-477,TR-077,Nakuru,completed,Weeding,12579.38,paid,2026-06-14T21:00:00
BKG-06478,FAR-478,TR-078,Nairobi,pending,Harvesting,37984.91,pending,2026-06-15T22:00:00
BKG-06479,FAR-479,TR-079,Embu,cancelled,Soil management,47143.08,void,2026-06-16T23:00:00
BKG-06480,FAR-480,TR-080,Kiambu,completed,Land preparation,42009.12,pending,2026-06-17T00:00:00
BKG-06481,FAR-481,TR-081,Machakos,completed,Planting,24283.63,paid,2026-06-18T01:00:00
BKG-06482,FAR-482,TR-082,Nakuru,completed,Weeding,11384.18,paid,2026-06-19T02:00:00
BKG-06483,FAR-483,TR-083,Nairobi,completed,Harvesting,53217.74,paid,2026-06-20T03:00:00
BKG-06484,FAR-484,TR-084,Embu,pending,Soil management,29404.07,pending,2026-06-21T04:00:00
BKG-06485,FAR-485,TR-085,Kiambu,cancelled,Land preparation,50624.23,void,2026-06-22T05:00:00
BKG-06486,FAR-486,TR-086,Machakos,completed,Planting,13865.02,paid,2026-06-23T06:00:00
BKG-06487,FAR-487,TR-087,Nakuru,completed,Weeding,17076.99,paid,2026-06-24T07:00:00
BKG-06488,FAR-488,TR-088,Nairobi,completed,Harvesting,15640.28,pending,2026-06-25T08:00:00
BKG-06489,FAR-489,TR-089,Embu,completed,Soil management,18435.88,paid,2026-06-26T09:00:00
BKG-06490,FAR-490,TR-090,Kiambu,pending,Land preparation,22254.69,pending,2026-06-27T10:00:00
BKG-06491,FAR-491,TR-091,Machakos,cancelled,Planting,46572.72,void,2026-06-28T11:00:00
BKG-06492,FAR-492,TR-092,Nakuru,completed,Weeding,26746.24,paid,2026-06-29T12:00:00
BKG-06493,FAR-493,TR-093,Nairobi,completed,Harvesting,27208.36,paid,2026-06-30T13:00:00
BKG-06494,FAR-494,TR-094,Embu,completed,Soil management,23430.39,paid,2026-07-01T14:00:00
BKG-06495,FAR-495,TR-095,Kiambu,completed,Land preparation,44828.75,paid,2026-07-02T15:00:00
BKG-06496,FAR-496,TR-096,Machakos,pending,Planting,37409.38,pending,2026-07-03T16:00:00
BKG-06497,FAR-497,TR-097,Nakuru,cancelled,Weeding,30594.71,void,2026-07-04T17:00:00
BKG-06498,FAR-498,TR-098,Nairobi,completed,Harvesting,19494.64,paid,2026-07-05T18:00:00
BKG-06499,FAR-499,TR-099,Embu,completed,Soil management,35066.52,paid,2026-07-06T19:00:00
BKG-06500,FAR-500,TR-100,Kiambu,completed,Land preparation,9697.35,pending,2026-07-07T20:00:00
BKG-06501,FAR-001,TR-001,Machakos,completed,Planting,10346.91,paid,2026-07-08T21:00:00
BKG-06502,FAR-002,TR-002,Nakuru,pending,Weeding,16474.42,pending,2026-07-09T22:00:00
BKG-06503,FAR-003,TR-003,Nairobi,cancelled,Harvesting,22402.01,void,2026-07-10T23:00:00
BKG-06504,FAR-004,TR-004,Embu,completed,Soil management,13868.92,paid,2026-07-11T00:00:00
BKG-06505,FAR-005,TR-005,Kiambu,completed,Land preparation,45102.03,paid,2026-07-12T01:00:00
BKG-06506,FAR-006,TR-006,Machakos,completed,Planting,34152.46,paid,2026-07-13T02:00:00
BKG-06507,FAR-007,TR-007,Nakuru,completed,Weeding,29523.36,paid,2026-07-14T03:00:00
BKG-06508,FAR-008,TR-008,Nairobi,pending,Harvesting,40049.72,pending,2026-07-15T04:00:00
BKG-06509,FAR-009,TR-009,Embu,cancelled,Soil management,17810.09,void,2026-07-16T05:00:00
BKG-06510,FAR-010,TR-010,Kiambu,completed,Land preparation,16713.61,paid,2026-07-17T06:00:00
BKG-06511,FAR-011,TR-011,Machakos,completed,Planting,45299.17,paid,2026-07-18T07:00:00
BKG-06512,FAR-012,TR-012,Nakuru,completed,Weeding,14152.66,paid,2026-07-19T08:00:00
BKG-06513,FAR-013,TR-013,Nairobi,completed,Harvesting,11479.17,paid,2026-07-20T09:00:00
BKG-06514,FAR-014,TR-014,Embu,pending,Soil management,24384.3,pending,2026-07-21T10:00:00
BKG-06515,FAR-015,TR-015,Kiambu,cancelled,Land preparation,12502.08,void,2026-07-22T11:00:00
BKG-06516,FAR-016,TR-016,Machakos,completed,Planting,39512.88,paid,2026-07-23T12:00:00
BKG-06517,FAR-017,TR-017,Nakuru,completed,Weeding,36594.41,paid,2026-07-24T13:00:00
BKG-06518,FAR-018,TR-018,Nairobi,completed,Harvesting,51924.59,pending,2026-07-25T14:00:00
BKG-06519,FAR-019,TR-019,Embu,completed,Soil management,12566.87,paid,2026-07-26T15:00:00
BKG-06520,FAR-020,TR-020,Kiambu,pending,Land preparation,48056.63,pending,2026-07-27T16:00:00
BKG-06521,FAR-021,TR-021,Machakos,cancelled,Planting,41133.08,void,2026-07-28T17:00:00
BKG-06522,FAR-022,TR-022,Nakuru,completed,Weeding,22791.66,paid,2026-07-29T18:00:00
BKG-06523,FAR-023,TR-023,Nairobi,completed,Harvesting,16565.74,paid,2026-07-30T19:00:00
BKG-06524,FAR-024,TR-024,Embu,completed,Soil management,11950.27,paid,2026-07-31T20:00:00
BKG-06525,FAR-025,TR-025,Kiambu,completed,Land preparation,10335.85,paid,2026-08-01T21:00:00
BKG-06526,FAR-026,TR-026,Machakos,pending,Planting,10751.06,pending,2026-08-02T22:00:00
BKG-06527,FAR-027,TR-027,Nakuru,cancelled,Weeding,48614.03,void,2026-08-03T23:00:00
BKG-06528,FAR-028,TR-028,Nairobi,completed,Harvesting,48224.43,paid,2026-08-04T00:00:00
BKG-06529,FAR-029,TR-029,Embu,completed,Soil management,43607.77,paid,2026-08-05T01:00:00
BKG-06530,FAR-030,TR-030,Kiambu,completed,Land preparation,42360.12,paid,2026-08-06T02:00:00
BKG-06531,FAR-031,TR-031,Machakos,completed,Planting,11887.02,pending,2026-08-07T03:00:00
BKG-06532,FAR-032,TR-032,Nakuru,pending,Weeding,53332.52,pending,2026-08-08T04:00:00
BKG-06533,FAR-033,TR-033,Nairobi,cancelled,Harvesting,51458.34,void,2026-08-09T05:00:00
BKG-06534,FAR-034,TR-034,Embu,completed,Soil management,50485.68,paid,2026-08-10T06:00:00
BKG-06535,FAR-035,TR-035,Kiambu,completed,Land preparation,45624.02,paid,2026-08-11T07:00:00
BKG-06536,FAR-036,TR-036,Machakos,completed,Planting,48312.35,paid,2026-08-12T08:00:00
BKG-06537,FAR-037,TR-037,Nakuru,completed,Weeding,38409.85,pending,2026-08-13T09:00:00
BKG-06538,FAR-038,TR-038,Nairobi,pending,Harvesting,18012.96,pending,2026-08-14T10:00:00
BKG-06539,FAR-039,TR-039,Embu,cancelled,Soil management,28747.33,void,2026-08-15T11:00:00
BKG-06540,FAR-040,TR-040,Kiambu,completed,Land preparation,26017.52,paid,2026-08-16T12:00:00
BKG-06541,FAR-041,TR-041,Machakos,completed,Planting,31312.24,paid,2026-08-17T13:00:00
BKG-06542,FAR-042,TR-042,Nakuru,completed,Weeding,32373.93,paid,2026-08-18T14:00:00
BKG-06543,FAR-043,TR-043,Nairobi,completed,Harvesting,38531.29,paid,2026-08-19T15:00:00
BKG-06544,FAR-044,TR-044,Embu,pending,Soil management,29695.88,pending,2026-08-20T16:00:00
BKG-06545,FAR-045,TR-045,Kiambu,cancelled,Land preparation,10394.15,void,2026-08-21T17:00:00
BKG-06546,FAR-046,TR-046,Machakos,completed,Planting,48617.69,paid,2026-08-22T18:00:00
BKG-06547,FAR-047,TR-047,Nakuru,completed,Weeding,13306.05,paid,2026-08-23T19:00:00
BKG-06548,FAR-048,TR-048,Nairobi,completed,Harvesting,40480.53,paid,2026-08-24T20:00:00
BKG-06549,FAR-049,TR-049,Embu,completed,Soil management,44638.27,paid,2026-08-25T21:00:00
BKG-06550,FAR-050,TR-050,Kiambu,pending,Land preparation,43095.66,pending,2026-08-26T22:00:00
BKG-06551,FAR-051,TR-051,Machakos,cancelled,Planting,30530.35,void,2026-08-27T23:00:00
BKG-06552,FAR-052,TR-052,Nakuru,completed,Weeding,45691.75,paid,2026-08-28T00:00:00
BKG-06553,FAR-053,TR-053,Nairobi,completed,Harvesting,28761.27,paid,2026-08-29T01:00:00
BKG-06554,FAR-054,TR-054,Embu,completed,Soil management,53801.35,paid,2026-08-30T02:00:00
BKG-06555,FAR-055,TR-055,Kiambu,completed,Land preparation,29436.94,pending,2026-08-31T03:00:00
BKG-06556,FAR-056,TR-056,Machakos,pending,Planting,40721.27,pending,2026-09-01T04:00:00
BKG-06557,FAR-057,TR-057,Nakuru,cancelled,Weeding,41882.15,void,2026-09-02T05:00:00
BKG-06558,FAR-058,TR-058,Nairobi,completed,Harvesting,10774.83,paid,2026-09-03T06:00:00
BKG-06559,FAR-059,TR-059,Embu,completed,Soil management,38004.57,paid,2026-09-04T07:00:00
BKG-06560,FAR-060,TR-060,Kiambu,completed,Land preparation,32412.11,pending,2026-09-05T08:00:00
BKG-06561,FAR-061,TR-061,Machakos,completed,Planting,22393.77,pending,2026-09-06T09:00:00
BKG-06562,FAR-062,TR-062,Nakuru,pending,Weeding,47348.31,pending,2026-09-07T10:00:00
BKG-06563,FAR-063,TR-063,Nairobi,cancelled,Harvesting,43841.88,void,2026-09-08T11:00:00
BKG-06564,FAR-064,TR-064,Embu,completed,Soil management,10135.15,paid,2026-09-09T12:00:00
BKG-06565,FAR-065,TR-065,Kiambu,completed,Land preparation,47563.62,paid,2026-09-10T13:00:00
BKG-06566,FAR-066,TR-066,Machakos,completed,Planting,44907.46,paid,2026-09-11T14:00:00
BKG-06567,FAR-067,TR-067,Nakuru,completed,Weeding,51626.67,paid,2026-09-12T15:00:00
BKG-06568,FAR-068,TR-068,Nairobi,pending,Harvesting,9692.25,pending,2026-09-13T16:00:00
BKG-06569,FAR-069,TR-069,Embu,cancelled,Soil management,44849.2,void,2026-09-14T17:00:00
BKG-06570,FAR-070,TR-070,Kiambu,completed,Land preparation,25386.95,paid,2025-09-15T18:00:00
BKG-06571,FAR-071,TR-071,Machakos,completed,Planting,27149.65,paid,2025-09-16T19:00:00
BKG-06572,FAR-072,TR-072,Nakuru,completed,Weeding,27913.73,pending,2025-09-17T20:00:00
BKG-06573,FAR-073,TR-073,Nairobi,completed,Harvesting,27555.15,paid,2025-09-18T21:00:00
BKG-06574,FAR-074,TR-074,Embu,pending,Soil management,11074.43,pending,2025-09-19T22:00:00
BKG-06575,FAR-075,TR-075,Kiambu,cancelled,Land preparation,16735.66,void,2025-09-20T23:00:00
BKG-06576,FAR-076,TR-076,Machakos,completed,Planting,22925.35,paid,2025-09-21T00:00:00
BKG-06577,FAR-077,TR-077,Nakuru,completed,Weeding,14675.54,paid,2025-09-22T01:00:00
BKG-06578,FAR-078,TR-078,Nairobi,completed,Harvesting,38717.76,paid,2025-09-23T02:00:00
BKG-06579,FAR-079,TR-079,Embu,completed,Soil management,30622.04,paid,2025-09-24T03:00:00
BKG-06580,FAR-080,TR-080,Kiambu,pending,Land preparation,16784.88,pending,2025-09-25T04:00:00
BKG-06581,FAR-081,TR-081,Machakos,cancelled,Planting,38532.48,void,2025-09-26T05:00:00
BKG-06582,FAR-082,TR-082,Nakuru,completed,Weeding,37592.04,pending,2025-09-27T06:00:00
BKG-06583,FAR-083,TR-083,Nairobi,completed,Harvesting,49694.4,paid,2025-09-28T07:00:00
BKG-06584,FAR-084,TR-084,Embu,completed,Soil management,18856.92,paid,2025-09-29T08:00:00
BKG-06585,FAR-085,TR-085,Kiambu,completed,Land preparation,51285.13,paid,2025-09-30T09:00:00
BKG-06586,FAR-086,TR-086,Machakos,pending,Planting,31084.86,pending,2025-10-01T10:00:00
BKG-06587,FAR-087,TR-087,Nakuru,cancelled,Weeding,36745.67,void,2025-10-02T11:00:00
BKG-06588,FAR-088,TR-088,Nairobi,completed,Harvesting,38128.01,paid,2025-10-03T12:00:00
BKG-06589,FAR-089,TR-089,Embu,completed,Soil management,11329.82,paid,2025-10-04T13:00:00
BKG-06590,FAR-090,TR-090,Kiambu,completed,Land preparation,27744.61,paid,2025-10-05T14:00:00
BKG-06591,FAR-091,TR-091,Machakos,completed,Planting,49112.01,paid,2025-10-06T15:00:00
BKG-06592,FAR-092,TR-092,Nakuru,pending,Weeding,23839.47,pending,2025-10-07T16:00:00
BKG-06593,FAR-093,TR-093,Nairobi,cancelled,Harvesting,48951.52,void,2025-10-08T17:00:00
BKG-06594,FAR-094,TR-094,Embu,completed,Soil management,36255.79,paid,2025-10-09T18:00:00
BKG-06595,FAR-095,TR-095,Kiambu,completed,Land preparation,45892.92,pending,2025-10-10T19:00:00
BKG-06596,FAR-096,TR-096,Machakos,completed,Planting,44881.1,paid,2025-10-11T20:00:00
BKG-06597,FAR-097,TR-097,Nakuru,completed,Weeding,31176.74,paid,2025-10-12T21:00:00
BKG-06598,FAR-098,TR-098,Nairobi,pending,Harvesting,41316.62,pending,2025-10-13T22:00:00
BKG-06599,FAR-099,TR-099,Embu,cancelled,Soil management,18361.91,void,2025-10-14T23:00:00
BKG-06600,FAR-100,TR-100,Kiambu,completed,Land preparation,51134.09,paid,2025-10-15T00:00:00
BKG-06601,FAR-101,TR-001,Machakos,completed,Planting,10987.92,paid,2025-10-16T01:00:00
BKG-06602,FAR-102,TR-002,Nakuru,completed,Weeding,47530.31,paid,2025-10-17T02:00:00
BKG-06603,FAR-103,TR-003,Nairobi,completed,Harvesting,53550.39,paid,2025-10-18T03:00:00
BKG-06604,FAR-104,TR-004,Embu,pending,Soil management,30337.97,pending,2025-10-19T04:00:00
BKG-06605,FAR-105,TR-005,Kiambu,cancelled,Land preparation,44192.13,void,2025-10-20T05:00:00
BKG-06606,FAR-106,TR-006,Machakos,completed,Planting,29118.02,paid,2025-10-21T06:00:00
BKG-06607,FAR-107,TR-007,Nakuru,completed,Weeding,10422.88,paid,2025-10-22T07:00:00
BKG-06608,FAR-108,TR-008,Nairobi,completed,Harvesting,38123.11,paid,2025-10-23T08:00:00
BKG-06609,FAR-109,TR-009,Embu,completed,Soil management,13081.34,paid,2025-10-24T09:00:00
BKG-06610,FAR-110,TR-010,Kiambu,pending,Land preparation,37960.69,pending,2025-10-25T10:00:00
BKG-06611,FAR-111,TR-011,Machakos,cancelled,Planting,32461.74,void,2025-10-26T11:00:00
BKG-06612,FAR-112,TR-012,Nakuru,completed,Weeding,34887.27,paid,2025-10-27T12:00:00
BKG-06613,FAR-113,TR-013,Nairobi,completed,Harvesting,30820.66,pending,2025-10-28T13:00:00
BKG-06614,FAR-114,TR-014,Embu,completed,Soil management,13470.04,paid,2025-10-29T14:00:00
BKG-06615,FAR-115,TR-015,Kiambu,completed,Land preparation,9258.06,paid,2025-10-30T15:00:00
BKG-06616,FAR-116,TR-016,Machakos,pending,Planting,11208.36,pending,2025-10-31T16:00:00
BKG-06617,FAR-117,TR-017,Nakuru,cancelled,Weeding,27384.21,void,2025-11-01T17:00:00
BKG-06618,FAR-118,TR-018,Nairobi,completed,Harvesting,38790.48,paid,2025-11-02T18:00:00
BKG-06619,FAR-119,TR-019,Embu,completed,Soil management,18713.36,paid,2025-11-03T19:00:00
BKG-06620,FAR-120,TR-020,Kiambu,completed,Land preparation,14730.82,paid,2025-11-04T20:00:00
BKG-06621,FAR-121,TR-021,Machakos,completed,Planting,47563.26,paid,2025-11-05T21:00:00
BKG-06622,FAR-122,TR-022,Nakuru,pending,Weeding,42037.92,pending,2025-11-06T22:00:00
BKG-06623,FAR-123,TR-023,Nairobi,cancelled,Harvesting,53875.82,void,2025-11-07T23:00:00
BKG-06624,FAR-124,TR-024,Embu,completed,Soil management,45627.82,paid,2025-11-08T00:00:00
BKG-06625,FAR-125,TR-025,Kiambu,completed,Land preparation,37586.44,paid,2025-11-09T01:00:00
BKG-06626,FAR-126,TR-026,Machakos,completed,Planting,15651.18,paid,2025-11-10T02:00:00
BKG-06627,FAR-127,TR-027,Nakuru,completed,Weeding,47428.23,paid,2025-11-11T03:00:00
BKG-06628,FAR-128,TR-028,Nairobi,pending,Harvesting,26984.09,pending,2025-11-12T04:00:00
BKG-06629,FAR-129,TR-029,Embu,cancelled,Soil management,14232.36,void,2025-11-13T05:00:00
BKG-06630,FAR-130,TR-030,Kiambu,completed,Land preparation,53407.62,pending,2025-11-14T06:00:00
BKG-06631,FAR-131,TR-031,Machakos,completed,Planting,48518.23,paid,2025-11-15T07:00:00
BKG-06632,FAR-132,TR-032,Nakuru,completed,Weeding,51660.11,paid,2025-11-16T08:00:00
BKG-06633,FAR-133,TR-033,Nairobi,completed,Harvesting,29743.57,paid,2025-11-17T09:00:00
BKG-06634,FAR-134,TR-034,Embu,pending,Soil management,18711.38,pending,2025-11-18T10:00:00
BKG-06635,FAR-135,TR-035,Kiambu,cancelled,Land preparation,30185.54,void,2025-11-19T11:00:00
BKG-06636,FAR-136,TR-036,Machakos,completed,Planting,17984.17,paid,2025-11-20T12:00:00
BKG-06637,FAR-137,TR-037,Nakuru,completed,Weeding,51317.92,paid,2025-11-21T13:00:00
BKG-06638,FAR-138,TR-038,Nairobi,completed,Harvesting,25243.3,paid,2025-11-22T14:00:00
BKG-06639,FAR-139,TR-039,Embu,completed,Soil management,28779.88,paid,2025-11-23T15:00:00
BKG-06640,FAR-140,TR-040,Kiambu,pending,Land preparation,17649.38,pending,2025-11-24T16:00:00
BKG-06641,FAR-141,TR-041,Machakos,cancelled,Planting,24741.5,void,2025-11-25T17:00:00
BKG-06642,FAR-142,TR-042,Nakuru,completed,Weeding,40651.01,paid,2025-11-26T18:00:00
BKG-06643,FAR-143,TR-043,Nairobi,completed,Harvesting,25657.87,paid,2025-11-27T19:00:00
BKG-06644,FAR-144,TR-044,Embu,completed,Soil management,20008.99,paid,2025-11-28T20:00:00
BKG-06645,FAR-145,TR-045,Kiambu,completed,Land preparation,30239.3,paid,2025-11-29T21:00:00
BKG-06646,FAR-146,TR-046,Machakos,pending,Planting,17976.62,pending,2025-11-30T22:00:00
BKG-06647,FAR-147,TR-047,Nakuru,cancelled,Weeding,29632.62,void,2025-12-01T23:00:00
BKG-06648,FAR-148,TR-048,Nairobi,completed,Harvesting,30770.01,paid,2025-12-02T00:00:00
BKG-06649,FAR-149,TR-049,Embu,completed,Soil management,16936.47,paid,2025-12-03T01:00:00
BKG-06650,FAR-150,TR-050,Kiambu,completed,Land preparation,47137.71,paid,2025-12-04T02:00:00
BKG-06651,FAR-151,TR-051,Machakos,completed,Planting,51350.45,paid,2025-12-05T03:00:00
BKG-06652,FAR-152,TR-052,Nakuru,pending,Weeding,34603.58,pending,2025-12-06T04:00:00
BKG-06653,FAR-153,TR-053,Nairobi,cancelled,Harvesting,41165.8,void,2025-12-07T05:00:00
BKG-06654,FAR-154,TR-054,Embu,completed,Soil management,29756.11,pending,2025-12-08T06:00:00
BKG-06655,FAR-155,TR-055,Kiambu,completed,Land preparation,25622.14,paid,2025-12-09T07:00:00
BKG-06656,FAR-156,TR-056,Machakos,completed,Planting,35138.86,paid,2025-12-10T08:00:00
BKG-06657,FAR-157,TR-057,Nakuru,completed,Weeding,43065.88,paid,2025-12-11T09:00:00
BKG-06658,FAR-158,TR-058,Nairobi,pending,Harvesting,25787.89,pending,2025-12-12T10:00:00
BKG-06659,FAR-159,TR-059,Embu,cancelled,Soil management,43110.65,void,2025-12-13T11:00:00
BKG-06660,FAR-160,TR-060,Kiambu,completed,Land preparation,10979.3,paid,2025-12-14T12:00:00
BKG-06661,FAR-161,TR-061,Machakos,completed,Planting,38965.04,paid,2025-12-15T13:00:00
BKG-06662,FAR-162,TR-062,Nakuru,completed,Weeding,41820.71,paid,2025-12-16T14:00:00
BKG-06663,FAR-163,TR-063,Nairobi,completed,Harvesting,37120.64,paid,2025-12-17T15:00:00
BKG-06664,FAR-164,TR-064,Embu,pending,Soil management,12046.25,pending,2025-12-18T16:00:00
BKG-06665,FAR-165,TR-065,Kiambu,cancelled,Land preparation,23230.79,void,2025-12-19T17:00:00
BKG-06666,FAR-166,TR-066,Machakos,completed,Planting,10501.94,paid,2025-12-20T18:00:00
BKG-06667,FAR-167,TR-067,Nakuru,completed,Weeding,27513.74,pending,2025-12-21T19:00:00
BKG-06668,FAR-168,TR-068,Nairobi,completed,Harvesting,22329.64,paid,2025-12-22T20:00:00
BKG-06669,FAR-169,TR-069,Embu,completed,Soil management,20442.91,paid,2025-12-23T21:00:00
BKG-06670,FAR-170,TR-070,Kiambu,pending,Land preparation,15359.63,pending,2025-12-24T22:00:00
BKG-06671,FAR-171,TR-071,Machakos,cancelled,Planting,21686.94,void,2025-12-25T23:00:00
BKG-06672,FAR-172,TR-072,Nakuru,completed,Weeding,41082.79,pending,2025-12-26T00:00:00
BKG-06673,FAR-173,TR-073,Nairobi,completed,Harvesting,12792.67,paid,2025-12-27T01:00:00
BKG-06674,FAR-174,TR-074,Embu,completed,Soil management,49105.55,paid,2025-12-28T02:00:00
BKG-06675,FAR-175,TR-075,Kiambu,completed,Land preparation,44071.85,paid,2025-12-29T03:00:00
BKG-06676,FAR-176,TR-076,Machakos,pending,Planting,26676.24,pending,2025-12-30T04:00:00
BKG-06677,FAR-177,TR-077,Nakuru,cancelled,Weeding,11280.9,void,2025-12-31T05:00:00
BKG-06678,FAR-178,TR-078,Nairobi,completed,Harvesting,31982.24,paid,2026-01-01T06:00:00
BKG-06679,FAR-179,TR-079,Embu,completed,Soil management,42516.15,paid,2026-01-02T07:00:00
BKG-06680,FAR-180,TR-080,Kiambu,completed,Land preparation,40554.63,paid,2026-01-03T08:00:00
BKG-06681,FAR-181,TR-081,Machakos,completed,Planting,25229.64,paid,2026-01-04T09:00:00
BKG-06682,FAR-182,TR-082,Nakuru,pending,Weeding,23169.09,pending,2026-01-05T10:00:00
BKG-06683,FAR-183,TR-083,Nairobi,cancelled,Harvesting,22768.3,void,2026-01-06T11:00:00
BKG-06684,FAR-184,TR-084,Embu,completed,Soil management,16721.25,paid,2026-01-07T12:00:00
BKG-06685,FAR-185,TR-085,Kiambu,completed,Land preparation,49643.33,paid,2026-01-08T13:00:00
BKG-06686,FAR-186,TR-086,Machakos,completed,Planting,30414.12,paid,2026-01-09T14:00:00
BKG-06687,FAR-187,TR-087,Nakuru,completed,Weeding,16735.61,paid,2026-01-10T15:00:00
BKG-06688,FAR-188,TR-088,Nairobi,pending,Harvesting,53093.76,pending,2026-01-11T16:00:00
BKG-06689,FAR-189,TR-089,Embu,cancelled,Soil management,36694.89,void,2026-01-12T17:00:00
BKG-06690,FAR-190,TR-090,Kiambu,completed,Land preparation,34910.29,pending,2026-01-13T18:00:00
BKG-06691,FAR-191,TR-091,Machakos,completed,Planting,30255.14,paid,2026-01-14T19:00:00
BKG-06692,FAR-192,TR-092,Nakuru,completed,Weeding,49097.36,paid,2026-01-15T20:00:00
BKG-06693,FAR-193,TR-093,Nairobi,completed,Harvesting,30343.83,paid,2026-01-16T21:00:00
BKG-06694,FAR-194,TR-094,Embu,pending,Soil management,16087.1,pending,2026-01-17T22:00:00
BKG-06695,FAR-195,TR-095,Kiambu,cancelled,Land preparation,41997.23,void,2026-01-18T23:00:00
BKG-06696,FAR-196,TR-096,Machakos,completed,Planting,24604.41,paid,2026-01-19T00:00:00
BKG-06697,FAR-197,TR-097,Nakuru,completed,Weeding,15711.02,paid,2026-01-20T01:00:00
BKG-06698,FAR-198,TR-098,Nairobi,completed,Harvesting,39866.16,paid,2026-01-21T02:00:00
BKG-06699,FAR-199,TR-099,Embu,completed,Soil management,12924.64,paid,2026-01-22T03:00:00
BKG-06700,FAR-200,TR-100,Kiambu,pending,Land preparation,23921.55,pending,2026-01-23T04:00:00
BKG-06701,FAR-201,TR-001,Machakos,cancelled,Planting,24101.27,void,2026-01-24T05:00:00
BKG-06702,FAR-202,TR-002,Nakuru,completed,Weeding,45262.9,paid,2026-01-25T06:00:00
BKG-06703,FAR-203,TR-003,Nairobi,completed,Harvesting,50715.35,paid,2026-01-26T07:00:00
BKG-06704,FAR-204,TR-004,Embu,completed,Soil management,9744.67,paid,2026-01-27T08:00:00
BKG-06705,FAR-205,TR-005,Kiambu,completed,Land preparation,32572.36,paid,2026-01-28T09:00:00
BKG-06706,FAR-206,TR-006,Machakos,pending,Planting,42043.42,pending,2026-01-29T10:00:00
BKG-06707,FAR-207,TR-007,Nakuru,cancelled,Weeding,18593.66,void,2026-01-30T11:00:00
BKG-06708,FAR-208,TR-008,Nairobi,completed,Harvesting,38182.96,paid,2026-01-31T12:00:00
BKG-06709,FAR-209,TR-009,Embu,completed,Soil management,42688.64,paid,2026-02-01T13:00:00
BKG-06710,FAR-210,TR-010,Kiambu,completed,Land preparation,53774.31,paid,2026-02-02T14:00:00
BKG-06711,FAR-211,TR-011,Machakos,completed,Planting,25819.02,paid,2026-02-03T15:00:00
BKG-06712,FAR-212,TR-012,Nakuru,pending,Weeding,27081.99,pending,2026-02-04T16:00:00
BKG-06713,FAR-213,TR-013,Nairobi,cancelled,Harvesting,18431.22,void,2026-02-05T17:00:00
BKG-06714,FAR-214,TR-014,Embu,completed,Soil management,18414.13,paid,2026-02-06T18:00:00
BKG-06715,FAR-215,TR-015,Kiambu,completed,Land preparation,16209.31,paid,2026-02-07T19:00:00
BKG-06716,FAR-216,TR-016,Machakos,completed,Planting,27758.74,paid,2026-02-08T20:00:00
BKG-06717,FAR-217,TR-017,Nakuru,completed,Weeding,39254.45,paid,2026-02-09T21:00:00
BKG-06718,FAR-218,TR-018,Nairobi,pending,Harvesting,35372.09,pending,2026-02-10T22:00:00
BKG-06719,FAR-219,TR-019,Embu,cancelled,Soil management,50860.21,void,2026-02-11T23:00:00
BKG-06720,FAR-220,TR-020,Kiambu,completed,Land preparation,17621.47,paid,2026-02-12T00:00:00
BKG-06721,FAR-221,TR-021,Machakos,completed,Planting,30688.56,paid,2026-02-13T01:00:00
BKG-06722,FAR-222,TR-022,Nakuru,completed,Weeding,35487.28,paid,2026-02-14T02:00:00
BKG-06723,FAR-223,TR-023,Nairobi,completed,Harvesting,11118.77,paid,2026-02-15T03:00:00
BKG-06724,FAR-224,TR-024,Embu,pending,Soil management,25862.01,pending,2026-02-16T04:00:00
BKG-06725,FAR-225,TR-025,Kiambu,cancelled,Land preparation,24841.02,void,2026-02-17T05:00:00
BKG-06726,FAR-226,TR-026,Machakos,completed,Planting,11357.7,paid,2026-02-18T06:00:00
BKG-06727,FAR-227,TR-027,Nakuru,completed,Weeding,53667.34,paid,2026-02-19T07:00:00
BKG-06728,FAR-228,TR-028,Nairobi,completed,Harvesting,24173.46,paid,2026-02-20T08:00:00
BKG-06729,FAR-229,TR-029,Embu,completed,Soil management,16236.72,paid,2026-02-21T09:00:00
BKG-06730,FAR-230,TR-030,Kiambu,pending,Land preparation,22361.12,pending,2026-02-22T10:00:00
BKG-06731,FAR-231,TR-031,Machakos,cancelled,Planting,48316.22,void,2026-02-23T11:00:00
BKG-06732,FAR-232,TR-032,Nakuru,completed,Weeding,15649.53,paid,2026-02-24T12:00:00
BKG-06733,FAR-233,TR-033,Nairobi,completed,Harvesting,36944.94,paid,2026-02-25T13:00:00
BKG-06734,FAR-234,TR-034,Embu,completed,Soil management,23430.97,paid,2026-02-26T14:00:00
BKG-06735,FAR-235,TR-035,Kiambu,completed,Land preparation,32106.67,paid,2026-02-27T15:00:00
BKG-06736,FAR-236,TR-036,Machakos,pending,Planting,53831.23,pending,2026-02-28T16:00:00
BKG-06737,FAR-237,TR-037,Nakuru,cancelled,Weeding,9867.12,void,2026-03-01T17:00:00
BKG-06738,FAR-238,TR-038,Nairobi,completed,Harvesting,15789.77,paid,2026-03-02T18:00:00
BKG-06739,FAR-239,TR-039,Embu,completed,Soil management,29134.66,paid,2026-03-03T19:00:00
BKG-06740,FAR-240,TR-040,Kiambu,completed,Land preparation,13809.83,paid,2026-03-04T20:00:00
BKG-06741,FAR-241,TR-041,Machakos,completed,Planting,33575.12,paid,2026-03-05T21:00:00
BKG-06742,FAR-242,TR-042,Nakuru,pending,Weeding,27172.13,pending,2026-03-06T22:00:00
BKG-06743,FAR-243,TR-043,Nairobi,cancelled,Harvesting,38795.34,void,2026-03-07T23:00:00
BKG-06744,FAR-244,TR-044,Embu,completed,Soil management,22339.51,paid,2026-03-08T00:00:00
BKG-06745,FAR-245,TR-045,Kiambu,completed,Land preparation,27744.32,paid,2026-03-09T01:00:00
BKG-06746,FAR-246,TR-046,Machakos,completed,Planting,11611.14,paid,2026-03-10T02:00:00
BKG-06747,FAR-247,TR-047,Nakuru,completed,Weeding,49097.84,paid,2026-03-11T03:00:00
BKG-06748,FAR-248,TR-048,Nairobi,pending,Harvesting,13469.72,pending,2026-03-12T04:00:00
BKG-06749,FAR-249,TR-049,Embu,cancelled,Soil management,19930.78,void,2026-03-13T05:00:00
BKG-06750,FAR-250,TR-050,Kiambu,completed,Land preparation,28657.72,paid,2026-03-14T06:00:00
BKG-06751,FAR-251,TR-051,Machakos,completed,Planting,41322.17,paid,2026-03-15T07:00:00
BKG-06752,FAR-252,TR-052,Nakuru,completed,Weeding,53034.23,paid,2026-03-16T08:00:00
BKG-06753,FAR-253,TR-053,Nairobi,completed,Harvesting,41537.22,paid,2026-03-17T09:00:00
BKG-06754,FAR-254,TR-054,Embu,pending,Soil management,29944.6,pending,2026-03-18T10:00:00
BKG-06755,FAR-255,TR-055,Kiambu,cancelled,Land preparation,32314.9,void,2026-03-19T11:00:00
BKG-06756,FAR-256,TR-056,Machakos,completed,Planting,38823.73,paid,2026-03-20T12:00:00
BKG-06757,FAR-257,TR-057,Nakuru,completed,Weeding,15903.09,paid,2026-03-21T13:00:00
BKG-06758,FAR-258,TR-058,Nairobi,completed,Harvesting,51100.06,paid,2026-03-22T14:00:00
BKG-06759,FAR-259,TR-059,Embu,completed,Soil management,21876.03,paid,2026-03-23T15:00:00
BKG-06760,FAR-260,TR-060,Kiambu,pending,Land preparation,23980.89,pending,2026-03-24T16:00:00
BKG-06761,FAR-261,TR-061,Machakos,cancelled,Planting,14191.35,void,2026-03-25T17:00:00
BKG-06762,FAR-262,TR-062,Nakuru,completed,Weeding,32889.14,pending,2026-03-26T18:00:00
BKG-06763,FAR-263,TR-063,Nairobi,completed,Harvesting,28507.68,paid,2026-03-27T19:00:00
BKG-06764,FAR-264,TR-064,Embu,completed,Soil management,53862.79,paid,2026-03-28T20:00:00
BKG-06765,FAR-265,TR-065,Kiambu,completed,Land preparation,10582.58,paid,2026-03-29T21:00:00
BKG-06766,FAR-266,TR-066,Machakos,pending,Planting,11982.72,pending,2026-03-30T22:00:00
BKG-06767,FAR-267,TR-067,Nakuru,cancelled,Weeding,34430.28,void,2026-03-31T23:00:00
BKG-06768,FAR-268,TR-068,Nairobi,completed,Harvesting,41088.71,paid,2026-04-01T00:00:00
BKG-06769,FAR-269,TR-069,Embu,completed,Soil management,44208.11,paid,2026-04-02T01:00:00
BKG-06770,FAR-270,TR-070,Kiambu,completed,Land preparation,34491.3,paid,2026-04-03T02:00:00
BKG-06771,FAR-271,TR-071,Machakos,completed,Planting,25138.75,paid,2026-04-04T03:00:00
BKG-06772,FAR-272,TR-072,Nakuru,pending,Weeding,47487.1,pending,2026-04-05T04:00:00
BKG-06773,FAR-273,TR-073,Nairobi,cancelled,Harvesting,41338.23,void,2026-04-06T05:00:00
BKG-06774,FAR-274,TR-074,Embu,completed,Soil management,21262.17,paid,2026-04-07T06:00:00
BKG-06775,FAR-275,TR-075,Kiambu,completed,Land preparation,26044.09,paid,2026-04-08T07:00:00
BKG-06776,FAR-276,TR-076,Machakos,completed,Planting,35235.68,pending,2026-04-09T08:00:00
BKG-06777,FAR-277,TR-077,Nakuru,completed,Weeding,32411.49,paid,2026-04-10T09:00:00
BKG-06778,FAR-278,TR-078,Nairobi,pending,Harvesting,10912.85,pending,2026-04-11T10:00:00
BKG-06779,FAR-279,TR-079,Embu,cancelled,Soil management,14481.08,void,2026-04-12T11:00:00
BKG-06780,FAR-280,TR-080,Kiambu,completed,Land preparation,23993.64,paid,2026-04-13T12:00:00
BKG-06781,FAR-281,TR-081,Machakos,completed,Planting,48791.61,paid,2026-04-14T13:00:00
BKG-06782,FAR-282,TR-082,Nakuru,completed,Weeding,39934.41,pending,2026-04-15T14:00:00
BKG-06783,FAR-283,TR-083,Nairobi,completed,Harvesting,21668.49,paid,2026-04-16T15:00:00
BKG-06784,FAR-284,TR-084,Embu,pending,Soil management,14927.48,pending,2026-04-17T16:00:00
BKG-06785,FAR-285,TR-085,Kiambu,cancelled,Land preparation,33703.0,void,2026-04-18T17:00:00
BKG-06786,FAR-286,TR-086,Machakos,completed,Planting,10217.35,paid,2026-04-19T18:00:00
BKG-06787,FAR-287,TR-087,Nakuru,completed,Weeding,25223.77,paid,2026-04-20T19:00:00
BKG-06788,FAR-288,TR-088,Nairobi,completed,Harvesting,50523.89,paid,2026-04-21T20:00:00
BKG-06789,FAR-289,TR-089,Embu,completed,Soil management,22470.66,paid,2026-04-22T21:00:00
BKG-06790,FAR-290,TR-090,Kiambu,pending,Land preparation,49131.9,pending,2026-04-23T22:00:00
BKG-06791,FAR-291,TR-091,Machakos,cancelled,Planting,33802.69,void,2026-04-24T23:00:00
BKG-06792,FAR-292,TR-092,Nakuru,completed,Weeding,28360.6,paid,2026-04-25T00:00:00
BKG-06793,FAR-293,TR-093,Nairobi,completed,Harvesting,42220.8,pending,2026-04-26T01:00:00
BKG-06794,FAR-294,TR-094,Embu,completed,Soil management,45099.08,paid,2026-04-27T02:00:00
BKG-06795,FAR-295,TR-095,Kiambu,completed,Land preparation,26390.93,paid,2026-04-28T03:00:00
BKG-06796,FAR-296,TR-096,Machakos,pending,Planting,32655.26,pending,2026-04-29T04:00:00
BKG-06797,FAR-297,TR-097,Nakuru,cancelled,Weeding,18950.44,void,2026-04-30T05:00:00
BKG-06798,FAR-298,TR-098,Nairobi,completed,Harvesting,24957.0,pending,2026-05-01T06:00:00
BKG-06799,FAR-299,TR-099,Embu,completed,Soil management,27351.19,paid,2026-05-02T07:00:00
BKG-06800,FAR-300,TR-100,Kiambu,completed,Land preparation,24718.25,pending,2026-05-03T08:00:00
BKG-06801,FAR-301,TR-001,Machakos,completed,Planting,29690.8,paid,2026-05-04T09:00:00
BKG-06802,FAR-302,TR-002,Nakuru,pending,Weeding,48534.78,pending,2026-05-05T10:00:00
BKG-06803,FAR-303,TR-003,Nairobi,cancelled,Harvesting,52726.58,void,2026-05-06T11:00:00
BKG-06804,FAR-304,TR-004,Embu,completed,Soil management,53879.44,paid,2026-05-07T12:00:00
BKG-06805,FAR-305,TR-005,Kiambu,completed,Land preparation,34988.36,paid,2026-05-08T13:00:00
BKG-06806,FAR-306,TR-006,Machakos,completed,Planting,33874.55,paid,2026-05-09T14:00:00
BKG-06807,FAR-307,TR-007,Nakuru,completed,Weeding,50787.33,pending,2026-05-10T15:00:00
BKG-06808,FAR-308,TR-008,Nairobi,pending,Harvesting,21167.24,pending,2026-05-11T16:00:00
BKG-06809,FAR-309,TR-009,Embu,cancelled,Soil management,14715.7,void,2026-05-12T17:00:00
BKG-06810,FAR-310,TR-010,Kiambu,completed,Land preparation,14394.34,paid,2026-05-13T18:00:00
BKG-06811,FAR-311,TR-011,Machakos,completed,Planting,38550.16,paid,2026-05-14T19:00:00
BKG-06812,FAR-312,TR-012,Nakuru,completed,Weeding,27208.97,paid,2026-05-15T20:00:00
BKG-06813,FAR-313,TR-013,Nairobi,completed,Harvesting,40739.91,paid,2026-05-16T21:00:00
BKG-06814,FAR-314,TR-014,Embu,pending,Soil management,21537.84,pending,2026-05-17T22:00:00
BKG-06815,FAR-315,TR-015,Kiambu,cancelled,Land preparation,37208.57,void,2026-05-18T23:00:00
BKG-06816,FAR-316,TR-016,Machakos,completed,Planting,27904.7,paid,2026-05-19T00:00:00
BKG-06817,FAR-317,TR-017,Nakuru,completed,Weeding,11528.29,paid,2026-05-20T01:00:00
BKG-06818,FAR-318,TR-018,Nairobi,completed,Harvesting,22895.2,paid,2026-05-21T02:00:00
BKG-06819,FAR-319,TR-019,Embu,completed,Soil management,52469.87,pending,2026-05-22T03:00:00
BKG-06820,FAR-320,TR-020,Kiambu,pending,Land preparation,11543.5,pending,2026-05-23T04:00:00
BKG-06821,FAR-321,TR-021,Machakos,cancelled,Planting,50342.39,void,2026-05-24T05:00:00
BKG-06822,FAR-322,TR-022,Nakuru,completed,Weeding,24617.41,paid,2026-05-25T06:00:00
BKG-06823,FAR-323,TR-023,Nairobi,completed,Harvesting,49559.03,paid,2026-05-26T07:00:00
BKG-06824,FAR-324,TR-024,Embu,completed,Soil management,47278.62,paid,2026-05-27T08:00:00
BKG-06825,FAR-325,TR-025,Kiambu,completed,Land preparation,38241.26,paid,2026-05-28T09:00:00
BKG-06826,FAR-326,TR-026,Machakos,pending,Planting,50191.34,pending,2026-05-29T10:00:00
BKG-06827,FAR-327,TR-027,Nakuru,cancelled,Weeding,23027.79,void,2026-05-30T11:00:00
BKG-06828,FAR-328,TR-028,Nairobi,completed,Harvesting,20434.52,paid,2026-05-31T12:00:00
BKG-06829,FAR-329,TR-029,Embu,completed,Soil management,42248.1,paid,2026-06-01T13:00:00
BKG-06830,FAR-330,TR-030,Kiambu,completed,Land preparation,52510.25,paid,2026-06-02T14:00:00
BKG-06831,FAR-331,TR-031,Machakos,completed,Planting,9317.11,paid,2026-06-03T15:00:00
BKG-06832,FAR-332,TR-032,Nakuru,pending,Weeding,52414.81,pending,2026-06-04T16:00:00
BKG-06833,FAR-333,TR-033,Nairobi,cancelled,Harvesting,34611.23,void,2026-06-05T17:00:00
BKG-06834,FAR-334,TR-034,Embu,completed,Soil management,23638.51,paid,2026-06-06T18:00:00
BKG-06835,FAR-335,TR-035,Kiambu,completed,Land preparation,15661.78,paid,2026-06-07T19:00:00
BKG-06836,FAR-336,TR-036,Machakos,completed,Planting,17724.19,paid,2026-06-08T20:00:00
BKG-06837,FAR-337,TR-037,Nakuru,completed,Weeding,15752.99,paid,2026-06-09T21:00:00
BKG-06838,FAR-338,TR-038,Nairobi,pending,Harvesting,11492.51,pending,2026-06-10T22:00:00
BKG-06839,FAR-339,TR-039,Embu,cancelled,Soil management,49218.83,void,2026-06-11T23:00:00
BKG-06840,FAR-340,TR-040,Kiambu,completed,Land preparation,27702.91,paid,2026-06-12T00:00:00
BKG-06841,FAR-341,TR-041,Machakos,completed,Planting,23635.32,paid,2026-06-13T01:00:00
BKG-06842,FAR-342,TR-042,Nakuru,completed,Weeding,35739.47,paid,2026-06-14T02:00:00
BKG-06843,FAR-343,TR-043,Nairobi,completed,Harvesting,12961.97,paid,2026-06-15T03:00:00
BKG-06844,FAR-344,TR-044,Embu,pending,Soil management,50437.42,pending,2026-06-16T04:00:00
BKG-06845,FAR-345,TR-045,Kiambu,cancelled,Land preparation,52388.46,void,2026-06-17T05:00:00
BKG-06846,FAR-346,TR-046,Machakos,completed,Planting,48987.64,paid,2026-06-18T06:00:00
BKG-06847,FAR-347,TR-047,Nakuru,completed,Weeding,50626.05,paid,2026-06-19T07:00:00
BKG-06848,FAR-348,TR-048,Nairobi,completed,Harvesting,49894.68,paid,2026-06-20T08:00:00
BKG-06849,FAR-349,TR-049,Embu,completed,Soil management,13964.37,paid,2026-06-21T09:00:00
BKG-06850,FAR-350,TR-050,Kiambu,pending,Land preparation,14412.28,pending,2026-06-22T10:00:00
BKG-06851,FAR-351,TR-051,Machakos,cancelled,Planting,53216.55,void,2026-06-23T11:00:00
BKG-06852,FAR-352,TR-052,Nakuru,completed,Weeding,45951.26,paid,2026-06-24T12:00:00
BKG-06853,FAR-353,TR-053,Nairobi,completed,Harvesting,47736.88,paid,2026-06-25T13:00:00
BKG-06854,FAR-354,TR-054,Embu,completed,Soil management,53018.56,paid,2026-06-26T14:00:00
BKG-06855,FAR-355,TR-055,Kiambu,completed,Land preparation,21639.38,paid,2026-06-27T15:00:00
BKG-06856,FAR-356,TR-056,Machakos,pending,Planting,51145.83,pending,2026-06-28T16:00:00
BKG-06857,FAR-357,TR-057,Nakuru,cancelled,Weeding,18265.54,void,2026-06-29T17:00:00
BKG-06858,FAR-358,TR-058,Nairobi,completed,Harvesting,50795.83,pending,2026-06-30T18:00:00
BKG-06859,FAR-359,TR-059,Embu,completed,Soil management,38726.57,pending,2026-07-01T19:00:00
BKG-06860,FAR-360,TR-060,Kiambu,completed,Land preparation,41084.37,paid,2026-07-02T20:00:00
BKG-06861,FAR-361,TR-061,Machakos,completed,Planting,49236.63,paid,2026-07-03T21:00:00
BKG-06862,FAR-362,TR-062,Nakuru,pending,Weeding,26103.29,pending,2026-07-04T22:00:00
BKG-06863,FAR-363,TR-063,Nairobi,cancelled,Harvesting,46493.51,void,2026-07-05T23:00:00
BKG-06864,FAR-364,TR-064,Embu,completed,Soil management,15718.79,paid,2026-07-06T00:00:00
BKG-06865,FAR-365,TR-065,Kiambu,completed,Land preparation,45357.4,paid,2026-07-07T01:00:00
BKG-06866,FAR-366,TR-066,Machakos,completed,Planting,27315.72,paid,2026-07-08T02:00:00
BKG-06867,FAR-367,TR-067,Nakuru,completed,Weeding,53305.48,paid,2026-07-09T03:00:00
BKG-06868,FAR-368,TR-068,Nairobi,pending,Harvesting,26627.53,pending,2026-07-10T04:00:00
BKG-06869,FAR-369,TR-069,Embu,cancelled,Soil management,32942.62,void,2026-07-11T05:00:00
BKG-06870,FAR-370,TR-070,Kiambu,completed,Land preparation,10958.17,paid,2026-07-12T06:00:00
BKG-06871,FAR-371,TR-071,Machakos,completed,Planting,41625.92,pending,2026-07-13T07:00:00
BKG-06872,FAR-372,TR-072,Nakuru,completed,Weeding,50852.69,paid,2026-07-14T08:00:00
BKG-06873,FAR-373,TR-073,Nairobi,completed,Harvesting,53931.44,paid,2026-07-15T09:00:00
BKG-06874,FAR-374,TR-074,Embu,pending,Soil management,44927.92,pending,2026-07-16T10:00:00
BKG-06875,FAR-375,TR-075,Kiambu,cancelled,Land preparation,18156.72,void,2026-07-17T11:00:00
BKG-06876,FAR-376,TR-076,Machakos,completed,Planting,20280.8,paid,2026-07-18T12:00:00
BKG-06877,FAR-377,TR-077,Nakuru,completed,Weeding,16356.19,paid,2026-07-19T13:00:00
BKG-06878,FAR-378,TR-078,Nairobi,completed,Harvesting,35580.43,paid,2026-07-20T14:00:00
BKG-06879,FAR-379,TR-079,Embu,completed,Soil management,40211.8,pending,2026-07-21T15:00:00
BKG-06880,FAR-380,TR-080,Kiambu,pending,Land preparation,36099.99,pending,2026-07-22T16:00:00
BKG-06881,FAR-381,TR-081,Machakos,cancelled,Planting,18143.56,void,2026-07-23T17:00:00
BKG-06882,FAR-382,TR-082,Nakuru,completed,Weeding,27179.14,pending,2026-07-24T18:00:00
BKG-06883,FAR-383,TR-083,Nairobi,completed,Harvesting,17585.46,pending,2026-07-25T19:00:00
BKG-06884,FAR-384,TR-084,Embu,completed,Soil management,51302.81,paid,2026-07-26T20:00:00
BKG-06885,FAR-385,TR-085,Kiambu,completed,Land preparation,31365.61,paid,2026-07-27T21:00:00
BKG-06886,FAR-386,TR-086,Machakos,pending,Planting,32861.2,pending,2026-07-28T22:00:00
BKG-06887,FAR-387,TR-087,Nakuru,cancelled,Weeding,23899.92,void,2026-07-29T23:00:00
BKG-06888,FAR-388,TR-088,Nairobi,completed,Harvesting,43805.36,pending,2026-07-30T00:00:00
BKG-06889,FAR-389,TR-089,Embu,completed,Soil management,11546.61,paid,2026-07-31T01:00:00
BKG-06890,FAR-390,TR-090,Kiambu,completed,Land preparation,41817.2,paid,2026-08-01T02:00:00
BKG-06891,FAR-391,TR-091,Machakos,completed,Planting,17282.33,paid,2026-08-02T03:00:00
BKG-06892,FAR-392,TR-092,Nakuru,pending,Weeding,39955.93,pending,2026-08-03T04:00:00
BKG-06893,FAR-393,TR-093,Nairobi,cancelled,Harvesting,46155.66,void,2026-08-04T05:00:00
BKG-06894,FAR-394,TR-094,Embu,completed,Soil management,38384.29,paid,2026-08-05T06:00:00
BKG-06895,FAR-395,TR-095,Kiambu,completed,Land preparation,20121.4,paid,2026-08-06T07:00:00
BKG-06896,FAR-396,TR-096,Machakos,completed,Planting,31296.22,paid,2026-08-07T08:00:00
BKG-06897,FAR-397,TR-097,Nakuru,completed,Weeding,32235.55,pending,2026-08-08T09:00:00
BKG-06898,FAR-398,TR-098,Nairobi,pending,Harvesting,44075.42,pending,2026-08-09T10:00:00
BKG-06899,FAR-399,TR-099,Embu,cancelled,Soil management,19398.04,void,2026-08-10T11:00:00
BKG-06900,FAR-400,TR-100,Kiambu,completed,Land preparation,44742.43,paid,2026-08-11T12:00:00
BKG-06901,FAR-401,TR-001,Machakos,completed,Planting,28056.34,paid,2026-08-12T13:00:00
BKG-06902,FAR-402,TR-002,Nakuru,completed,Weeding,41961.25,paid,2026-08-13T14:00:00
BKG-06903,FAR-403,TR-003,Nairobi,completed,Harvesting,52709.03,paid,2026-08-14T15:00:00
BKG-06904,FAR-404,TR-004,Embu,pending,Soil management,31129.36,pending,2026-08-15T16:00:00
BKG-06905,FAR-405,TR-005,Kiambu,cancelled,Land preparation,42496.23,void,2026-08-16T17:00:00
BKG-06906,FAR-406,TR-006,Machakos,completed,Planting,47931.95,paid,2026-08-17T18:00:00
BKG-06907,FAR-407,TR-007,Nakuru,completed,Weeding,43674.31,paid,2026-08-18T19:00:00
BKG-06908,FAR-408,TR-008,Nairobi,completed,Harvesting,47182.13,paid,2026-08-19T20:00:00
BKG-06909,FAR-409,TR-009,Embu,completed,Soil management,29450.01,paid,2026-08-20T21:00:00
BKG-06910,FAR-410,TR-010,Kiambu,pending,Land preparation,16463.91,pending,2026-08-21T22:00:00
BKG-06911,FAR-411,TR-011,Machakos,cancelled,Planting,37165.48,void,2026-08-22T23:00:00
BKG-06912,FAR-412,TR-012,Nakuru,completed,Weeding,20276.25,paid,2026-08-23T00:00:00
BKG-06913,FAR-413,TR-013,Nairobi,completed,Harvesting,15906.31,paid,2026-08-24T01:00:00
BKG-06914,FAR-414,TR-014,Embu,completed,Soil management,39135.53,paid,2026-08-25T02:00:00
BKG-06915,FAR-415,TR-015,Kiambu,completed,Land preparation,53599.82,paid,2026-08-26T03:00:00
BKG-06916,FAR-416,TR-016,Machakos,pending,Planting,12724.24,pending,2026-08-27T04:00:00
BKG-06917,FAR-417,TR-017,Nakuru,cancelled,Weeding,42262.82,void,2026-08-28T05:00:00
BKG-06918,FAR-418,TR-018,Nairobi,completed,Harvesting,28542.9,pending,2026-08-29T06:00:00
BKG-06919,FAR-419,TR-019,Embu,completed,Soil management,49128.77,paid,2026-08-30T07:00:00
BKG-06920,FAR-420,TR-020,Kiambu,completed,Land preparation,12118.78,paid,2026-08-31T08:00:00
BKG-06921,FAR-421,TR-021,Machakos,completed,Planting,12952.52,paid,2026-09-01T09:00:00
BKG-06922,FAR-422,TR-022,Nakuru,pending,Weeding,39340.64,pending,2026-09-02T10:00:00
BKG-06923,FAR-423,TR-023,Nairobi,cancelled,Harvesting,33087.26,void,2026-09-03T11:00:00
BKG-06924,FAR-424,TR-024,Embu,completed,Soil management,18404.31,pending,2026-09-04T12:00:00
BKG-06925,FAR-425,TR-025,Kiambu,completed,Land preparation,53692.81,paid,2026-09-05T13:00:00
BKG-06926,FAR-426,TR-026,Machakos,completed,Planting,35520.07,pending,2026-09-06T14:00:00
BKG-06927,FAR-427,TR-027,Nakuru,completed,Weeding,31086.88,paid,2026-09-07T15:00:00
BKG-06928,FAR-428,TR-028,Nairobi,pending,Harvesting,40971.67,pending,2026-09-08T16:00:00
BKG-06929,FAR-429,TR-029,Embu,cancelled,Soil management,41665.79,void,2026-09-09T17:00:00
BKG-06930,FAR-430,TR-030,Kiambu,completed,Land preparation,35275.85,paid,2026-09-10T18:00:00
BKG-06931,FAR-431,TR-031,Machakos,completed,Planting,50393.58,paid,2026-09-11T19:00:00
BKG-06932,FAR-432,TR-032,Nakuru,completed,Weeding,50603.94,paid,2026-09-12T20:00:00
BKG-06933,FAR-433,TR-033,Nairobi,completed,Harvesting,46838.34,paid,2026-09-13T21:00:00
BKG-06934,FAR-434,TR-034,Embu,pending,Soil management,40049.22,pending,2026-09-14T22:00:00
BKG-06935,FAR-435,TR-035,Kiambu,cancelled,Land preparation,48054.78,void,2025-09-15T23:00:00
BKG-06936,FAR-436,TR-036,Machakos,completed,Planting,32252.2,paid,2025-09-16T00:00:00
BKG-06937,FAR-437,TR-037,Nakuru,completed,Weeding,20796.31,paid,2025-09-17T01:00:00
BKG-06938,FAR-438,TR-038,Nairobi,completed,Harvesting,44617.11,paid,2025-09-18T02:00:00
BKG-06939,FAR-439,TR-039,Embu,completed,Soil management,13694.66,pending,2025-09-19T03:00:00
BKG-06940,FAR-440,TR-040,Kiambu,pending,Land preparation,13029.7,pending,2025-09-20T04:00:00
BKG-06941,FAR-441,TR-041,Machakos,cancelled,Planting,24399.83,void,2025-09-21T05:00:00
BKG-06942,FAR-442,TR-042,Nakuru,completed,Weeding,20586.34,paid,2025-09-22T06:00:00
BKG-06943,FAR-443,TR-043,Nairobi,completed,Harvesting,36963.69,paid,2025-09-23T07:00:00
BKG-06944,FAR-444,TR-044,Embu,completed,Soil management,12372.06,paid,2025-09-24T08:00:00
BKG-06945,FAR-445,TR-045,Kiambu,completed,Land preparation,16083.23,paid,2025-09-25T09:00:00
BKG-06946,FAR-446,TR-046,Machakos,pending,Planting,13000.1,pending,2025-09-26T10:00:00
BKG-06947,FAR-447,TR-047,Nakuru,cancelled,Weeding,9348.82,void,2025-09-27T11:00:00
BKG-06948,FAR-448,TR-048,Nairobi,completed,Harvesting,32465.03,pending,2025-09-28T12:00:00
BKG-06949,FAR-449,TR-049,Embu,completed,Soil management,28187.94,paid,2025-09-29T13:00:00
BKG-06950,FAR-450,TR-050,Kiambu,completed,Land preparation,11008.52,paid,2025-09-30T14:00:00
BKG-06951,FAR-451,TR-051,Machakos,completed,Planting,30324.16,paid,2025-10-01T15:00:00
BKG-06952,FAR-452,TR-052,Nakuru,pending,Weeding,44576.44,pending,2025-10-02T16:00:00
BKG-06953,FAR-453,TR-053,Nairobi,cancelled,Harvesting,9455.64,void,2025-10-03T17:00:00
BKG-06954,FAR-454,TR-054,Embu,completed,Soil management,49271.45,paid,2025-10-04T18:00:00
BKG-06955,FAR-455,TR-055,Kiambu,completed,Land preparation,44379.25,paid,2025-10-05T19:00:00
BKG-06956,FAR-456,TR-056,Machakos,completed,Planting,15932.09,paid,2025-10-06T20:00:00
BKG-06957,FAR-457,TR-057,Nakuru,completed,Weeding,18136.23,pending,2025-10-07T21:00:00
BKG-06958,FAR-458,TR-058,Nairobi,pending,Harvesting,14261.97,pending,2025-10-08T22:00:00
BKG-06959,FAR-459,TR-059,Embu,cancelled,Soil management,33577.71,void,2025-10-09T23:00:00
BKG-06960,FAR-460,TR-060,Kiambu,completed,Land preparation,24933.53,pending,2025-10-10T00:00:00
BKG-06961,FAR-461,TR-061,Machakos,completed,Planting,29347.29,paid,2025-10-11T01:00:00
BKG-06962,FAR-462,TR-062,Nakuru,completed,Weeding,42566.7,paid,2025-10-12T02:00:00
BKG-06963,FAR-463,TR-063,Nairobi,completed,Harvesting,47392.47,pending,2025-10-13T03:00:00
BKG-06964,FAR-464,TR-064,Embu,pending,Soil management,11968.42,pending,2025-10-14T04:00:00
BKG-06965,FAR-465,TR-065,Kiambu,cancelled,Land preparation,38294.14,void,2025-10-15T05:00:00
BKG-06966,FAR-466,TR-066,Machakos,completed,Planting,23415.75,paid,2025-10-16T06:00:00
BKG-06967,FAR-467,TR-067,Nakuru,completed,Weeding,38614.77,paid,2025-10-17T07:00:00
BKG-06968,FAR-468,TR-068,Nairobi,completed,Harvesting,10471.04,paid,2025-10-18T08:00:00
BKG-06969,FAR-469,TR-069,Embu,completed,Soil management,45913.81,paid,2025-10-19T09:00:00
BKG-06970,FAR-470,TR-070,Kiambu,pending,Land preparation,23611.01,pending,2025-10-20T10:00:00
BKG-06971,FAR-471,TR-071,Machakos,cancelled,Planting,50910.4,void,2025-10-21T11:00:00
BKG-06972,FAR-472,TR-072,Nakuru,completed,Weeding,52510.9,paid,2025-10-22T12:00:00
BKG-06973,FAR-473,TR-073,Nairobi,completed,Harvesting,46623.61,paid,2025-10-23T13:00:00
BKG-06974,FAR-474,TR-074,Embu,completed,Soil management,12424.78,paid,2025-10-24T14:00:00
BKG-06975,FAR-475,TR-075,Kiambu,completed,Land preparation,46432.18,paid,2025-10-25T15:00:00
BKG-06976,FAR-476,TR-076,Machakos,pending,Planting,40803.17,pending,2025-10-26T16:00:00
BKG-06977,FAR-477,TR-077,Nakuru,cancelled,Weeding,31978.99,void,2025-10-27T17:00:00
BKG-06978,FAR-478,TR-078,Nairobi,completed,Harvesting,51740.14,paid,2025-10-28T18:00:00
BKG-06979,FAR-479,TR-079,Embu,completed,Soil management,10048.47,paid,2025-10-29T19:00:00
BKG-06980,FAR-480,TR-080,Kiambu,completed,Land preparation,13283.25,paid,2025-10-30T20:00:00
BKG-06981,FAR-481,TR-081,Machakos,completed,Planting,25763.5,paid,2025-10-31T21:00:00
BKG-06982,FAR-482,TR-082,Nakuru,pending,Weeding,10502.24,pending,2025-11-01T22:00:00
BKG-06983,FAR-483,TR-083,Nairobi,cancelled,Harvesting,24274.23,void,2025-11-02T23:00:00
BKG-06984,FAR-484,TR-084,Embu,completed,Soil management,26217.94,paid,2025-11-03T00:00:00
BKG-06985,FAR-485,TR-085,Kiambu,completed,Land preparation,48469.01,paid,2025-11-04T01:00:00
BKG-06986,FAR-486,TR-086,Machakos,completed,Planting,50253.82,paid,2025-11-05T02:00:00
BKG-06987,FAR-487,TR-087,Nakuru,completed,Weeding,20765.2,paid,2025-11-06T03:00:00
BKG-06988,FAR-488,TR-088,Nairobi,pending,Harvesting,19922.24,pending,2025-11-07T04:00:00
BKG-06989,FAR-489,TR-089,Embu,cancelled,Soil management,36086.51,void,2025-11-08T05:00:00
BKG-06990,FAR-490,TR-090,Kiambu,completed,Land preparation,18701.07,paid,2025-11-09T06:00:00
BKG-06991,FAR-491,TR-091,Machakos,completed,Planting,10813.11,paid,2025-11-10T07:00:00
BKG-06992,FAR-492,TR-092,Nakuru,completed,Weeding,27389.38,paid,2025-11-11T08:00:00
BKG-06993,FAR-493,TR-093,Nairobi,completed,Harvesting,34731.46,pending,2025-11-12T09:00:00
BKG-06994,FAR-494,TR-094,Embu,pending,Soil management,10801.25,pending,2025-11-13T10:00:00
BKG-06995,FAR-495,TR-095,Kiambu,cancelled,Land preparation,33447.63,void,2025-11-14T11:00:00
BKG-06996,FAR-496,TR-096,Machakos,completed,Planting,17284.67,paid,2025-11-15T12:00:00
BKG-06997,FAR-497,TR-097,Nakuru,completed,Weeding,30040.61,pending,2025-11-16T13:00:00
BKG-06998,FAR-498,TR-098,Nairobi,completed,Harvesting,22872.07,paid,2025-11-17T14:00:00
BKG-06999,FAR-499,TR-099,Embu,completed,Soil management,12590.42,pending,2025-11-18T15:00:00
BKG-07000,FAR-500,TR-100,Kiambu,pending,Land preparation,34645.81,pending,2025-11-19T16:00:00
BKG-07001,FAR-001,TR-001,Machakos,cancelled,Planting,45771.36,void,2025-11-20T17:00:00
BKG-07002,FAR-002,TR-002,Nakuru,completed,Weeding,52194.28,paid,2025-11-21T18:00:00
BKG-07003,FAR-003,TR-003,Nairobi,completed,Harvesting,15541.53,paid,2025-11-22T19:00:00
BKG-07004,FAR-004,TR-004,Embu,completed,Soil management,27951.74,paid,2025-11-23T20:00:00
BKG-07005,FAR-005,TR-005,Kiambu,completed,Land preparation,24001.24,paid,2025-11-24T21:00:00
BKG-07006,FAR-006,TR-006,Machakos,pending,Planting,25418.33,pending,2025-11-25T22:00:00
BKG-07007,FAR-007,TR-007,Nakuru,cancelled,Weeding,32688.43,void,2025-11-26T23:00:00
BKG-07008,FAR-008,TR-008,Nairobi,completed,Harvesting,41738.05,paid,2025-11-27T00:00:00
BKG-07009,FAR-009,TR-009,Embu,completed,Soil management,23137.05,paid,2025-11-28T01:00:00
BKG-07010,FAR-010,TR-010,Kiambu,completed,Land preparation,37190.72,paid,2025-11-29T02:00:00
BKG-07011,FAR-011,TR-011,Machakos,completed,Planting,26354.61,paid,2025-11-30T03:00:00
BKG-07012,FAR-012,TR-012,Nakuru,pending,Weeding,36040.24,pending,2025-12-01T04:00:00
BKG-07013,FAR-013,TR-013,Nairobi,cancelled,Harvesting,52443.15,void,2025-12-02T05:00:00
BKG-07014,FAR-014,TR-014,Embu,completed,Soil management,42866.6,paid,2025-12-03T06:00:00
BKG-07015,FAR-015,TR-015,Kiambu,completed,Land preparation,42766.36,paid,2025-12-04T07:00:00
BKG-07016,FAR-016,TR-016,Machakos,completed,Planting,9575.63,paid,2025-12-05T08:00:00
BKG-07017,FAR-017,TR-017,Nakuru,completed,Weeding,14672.18,paid,2025-12-06T09:00:00
BKG-07018,FAR-018,TR-018,Nairobi,pending,Harvesting,10896.73,pending,2025-12-07T10:00:00
BKG-07019,FAR-019,TR-019,Embu,cancelled,Soil management,45714.12,void,2025-12-08T11:00:00
BKG-07020,FAR-020,TR-020,Kiambu,completed,Land preparation,37367.23,pending,2025-12-09T12:00:00
BKG-07021,FAR-021,TR-021,Machakos,completed,Planting,39515.63,paid,2025-12-10T13:00:00
BKG-07022,FAR-022,TR-022,Nakuru,completed,Weeding,32960.48,paid,2025-12-11T14:00:00
BKG-07023,FAR-023,TR-023,Nairobi,completed,Harvesting,49259.98,paid,2025-12-12T15:00:00
BKG-07024,FAR-024,TR-024,Embu,pending,Soil management,37633.7,pending,2025-12-13T16:00:00
BKG-07025,FAR-025,TR-025,Kiambu,cancelled,Land preparation,13585.23,void,2025-12-14T17:00:00
BKG-07026,FAR-026,TR-026,Machakos,completed,Planting,21949.69,paid,2025-12-15T18:00:00
BKG-07027,FAR-027,TR-027,Nakuru,completed,Weeding,47243.68,paid,2025-12-16T19:00:00
BKG-07028,FAR-028,TR-028,Nairobi,completed,Harvesting,15315.97,paid,2025-12-17T20:00:00
BKG-07029,FAR-029,TR-029,Embu,completed,Soil management,22342.81,paid,2025-12-18T21:00:00
BKG-07030,FAR-030,TR-030,Kiambu,pending,Land preparation,23237.47,pending,2025-12-19T22:00:00
BKG-07031,FAR-031,TR-031,Machakos,cancelled,Planting,47227.26,void,2025-12-20T23:00:00
BKG-07032,FAR-032,TR-032,Nakuru,completed,Weeding,40000.69,paid,2025-12-21T00:00:00
BKG-07033,FAR-033,TR-033,Nairobi,completed,Harvesting,43703.65,paid,2025-12-22T01:00:00
BKG-07034,FAR-034,TR-034,Embu,completed,Soil management,39867.31,paid,2025-12-23T02:00:00
BKG-07035,FAR-035,TR-035,Kiambu,completed,Land preparation,13226.27,paid,2025-12-24T03:00:00
BKG-07036,FAR-036,TR-036,Machakos,pending,Planting,42972.13,pending,2025-12-25T04:00:00
BKG-07037,FAR-037,TR-037,Nakuru,cancelled,Weeding,42777.73,void,2025-12-26T05:00:00
BKG-07038,FAR-038,TR-038,Nairobi,completed,Harvesting,32040.79,pending,2025-12-27T06:00:00
BKG-07039,FAR-039,TR-039,Embu,completed,Soil management,50841.29,paid,2025-12-28T07:00:00
BKG-07040,FAR-040,TR-040,Kiambu,completed,Land preparation,9869.51,paid,2025-12-29T08:00:00
BKG-07041,FAR-041,TR-041,Machakos,completed,Planting,30804.23,paid,2025-12-30T09:00:00
BKG-07042,FAR-042,TR-042,Nakuru,pending,Weeding,33437.46,pending,2025-12-31T10:00:00
BKG-07043,FAR-043,TR-043,Nairobi,cancelled,Harvesting,42241.29,void,2026-01-01T11:00:00
BKG-07044,FAR-044,TR-044,Embu,completed,Soil management,21290.45,paid,2026-01-02T12:00:00
BKG-07045,FAR-045,TR-045,Kiambu,completed,Land preparation,24542.12,paid,2026-01-03T13:00:00
BKG-07046,FAR-046,TR-046,Machakos,completed,Planting,26044.31,paid,2026-01-04T14:00:00
BKG-07047,FAR-047,TR-047,Nakuru,completed,Weeding,43699.77,paid,2026-01-05T15:00:00
BKG-07048,FAR-048,TR-048,Nairobi,pending,Harvesting,38911.17,pending,2026-01-06T16:00:00
BKG-07049,FAR-049,TR-049,Embu,cancelled,Soil management,29653.97,void,2026-01-07T17:00:00
BKG-07050,FAR-050,TR-050,Kiambu,completed,Land preparation,37936.63,paid,2026-01-08T18:00:00
BKG-07051,FAR-051,TR-051,Machakos,completed,Planting,20843.37,paid,2026-01-09T19:00:00
BKG-07052,FAR-052,TR-052,Nakuru,completed,Weeding,44404.86,paid,2026-01-10T20:00:00
BKG-07053,FAR-053,TR-053,Nairobi,completed,Harvesting,40617.46,pending,2026-01-11T21:00:00
BKG-07054,FAR-054,TR-054,Embu,pending,Soil management,27525.68,pending,2026-01-12T22:00:00
BKG-07055,FAR-055,TR-055,Kiambu,cancelled,Land preparation,37904.25,void,2026-01-13T23:00:00
BKG-07056,FAR-056,TR-056,Machakos,completed,Planting,18111.23,paid,2026-01-14T00:00:00
BKG-07057,FAR-057,TR-057,Nakuru,completed,Weeding,15094.36,paid,2026-01-15T01:00:00
BKG-07058,FAR-058,TR-058,Nairobi,completed,Harvesting,51923.23,paid,2026-01-16T02:00:00
BKG-07059,FAR-059,TR-059,Embu,completed,Soil management,40876.74,paid,2026-01-17T03:00:00
BKG-07060,FAR-060,TR-060,Kiambu,pending,Land preparation,25197.29,pending,2026-01-18T04:00:00
BKG-07061,FAR-061,TR-061,Machakos,cancelled,Planting,21713.73,void,2026-01-19T05:00:00
BKG-07062,FAR-062,TR-062,Nakuru,completed,Weeding,9403.16,paid,2026-01-20T06:00:00
BKG-07063,FAR-063,TR-063,Nairobi,completed,Harvesting,52780.36,paid,2026-01-21T07:00:00
BKG-07064,FAR-064,TR-064,Embu,completed,Soil management,46800.53,paid,2026-01-22T08:00:00
BKG-07065,FAR-065,TR-065,Kiambu,completed,Land preparation,53521.39,paid,2026-01-23T09:00:00
BKG-07066,FAR-066,TR-066,Machakos,pending,Planting,24166.48,pending,2026-01-24T10:00:00
BKG-07067,FAR-067,TR-067,Nakuru,cancelled,Weeding,53971.49,void,2026-01-25T11:00:00
BKG-07068,FAR-068,TR-068,Nairobi,completed,Harvesting,34798.03,pending,2026-01-26T12:00:00
BKG-07069,FAR-069,TR-069,Embu,completed,Soil management,30870.03,paid,2026-01-27T13:00:00
BKG-07070,FAR-070,TR-070,Kiambu,completed,Land preparation,52659.81,pending,2026-01-28T14:00:00
BKG-07071,FAR-071,TR-071,Machakos,completed,Planting,19670.39,paid,2026-01-29T15:00:00
BKG-07072,FAR-072,TR-072,Nakuru,pending,Weeding,17188.43,pending,2026-01-30T16:00:00
BKG-07073,FAR-073,TR-073,Nairobi,cancelled,Harvesting,29025.71,void,2026-01-31T17:00:00
BKG-07074,FAR-074,TR-074,Embu,completed,Soil management,30368.88,pending,2026-02-01T18:00:00
BKG-07075,FAR-075,TR-075,Kiambu,completed,Land preparation,47588.19,pending,2026-02-02T19:00:00
BKG-07076,FAR-076,TR-076,Machakos,completed,Planting,15704.33,paid,2026-02-03T20:00:00
BKG-07077,FAR-077,TR-077,Nakuru,completed,Weeding,40208.76,pending,2026-02-04T21:00:00
BKG-07078,FAR-078,TR-078,Nairobi,pending,Harvesting,18107.62,pending,2026-02-05T22:00:00
BKG-07079,FAR-079,TR-079,Embu,cancelled,Soil management,33655.78,void,2026-02-06T23:00:00
BKG-07080,FAR-080,TR-080,Kiambu,completed,Land preparation,34214.99,paid,2026-02-07T00:00:00
BKG-07081,FAR-081,TR-081,Machakos,completed,Planting,22110.21,paid,2026-02-08T01:00:00
BKG-07082,FAR-082,TR-082,Nakuru,completed,Weeding,37273.86,paid,2026-02-09T02:00:00
BKG-07083,FAR-083,TR-083,Nairobi,completed,Harvesting,23770.13,paid,2026-02-10T03:00:00
BKG-07084,FAR-084,TR-084,Embu,pending,Soil management,44847.42,pending,2026-02-11T04:00:00
BKG-07085,FAR-085,TR-085,Kiambu,cancelled,Land preparation,21163.9,void,2026-02-12T05:00:00
BKG-07086,FAR-086,TR-086,Machakos,completed,Planting,35988.53,paid,2026-02-13T06:00:00
BKG-07087,FAR-087,TR-087,Nakuru,completed,Weeding,14312.13,paid,2026-02-14T07:00:00
BKG-07088,FAR-088,TR-088,Nairobi,completed,Harvesting,34460.51,paid,2026-02-15T08:00:00
BKG-07089,FAR-089,TR-089,Embu,completed,Soil management,43567.06,paid,2026-02-16T09:00:00
BKG-07090,FAR-090,TR-090,Kiambu,pending,Land preparation,32457.6,pending,2026-02-17T10:00:00
BKG-07091,FAR-091,TR-091,Machakos,cancelled,Planting,40443.1,void,2026-02-18T11:00:00
BKG-07092,FAR-092,TR-092,Nakuru,completed,Weeding,22531.77,paid,2026-02-19T12:00:00
BKG-07093,FAR-093,TR-093,Nairobi,completed,Harvesting,30878.41,paid,2026-02-20T13:00:00
BKG-07094,FAR-094,TR-094,Embu,completed,Soil management,37942.46,paid,2026-02-21T14:00:00
BKG-07095,FAR-095,TR-095,Kiambu,completed,Land preparation,16060.63,paid,2026-02-22T15:00:00
BKG-07096,FAR-096,TR-096,Machakos,pending,Planting,53599.4,pending,2026-02-23T16:00:00
BKG-07097,FAR-097,TR-097,Nakuru,cancelled,Weeding,16100.01,void,2026-02-24T17:00:00
BKG-07098,FAR-098,TR-098,Nairobi,completed,Harvesting,30534.21,paid,2026-02-25T18:00:00
BKG-07099,FAR-099,TR-099,Embu,completed,Soil management,12291.43,paid,2026-02-26T19:00:00
BKG-07100,FAR-100,TR-100,Kiambu,completed,Land preparation,45930.24,paid,2026-02-27T20:00:00
BKG-07101,FAR-101,TR-001,Machakos,completed,Planting,41633.98,paid,2026-02-28T21:00:00
BKG-07102,FAR-102,TR-002,Nakuru,pending,Weeding,11781.94,pending,2026-03-01T22:00:00
BKG-07103,FAR-103,TR-003,Nairobi,cancelled,Harvesting,27092.09,void,2026-03-02T23:00:00
BKG-07104,FAR-104,TR-004,Embu,completed,Soil management,41512.29,pending,2026-03-03T00:00:00
BKG-07105,FAR-105,TR-005,Kiambu,completed,Land preparation,44644.81,paid,2026-03-04T01:00:00
BKG-07106,FAR-106,TR-006,Machakos,completed,Planting,29259.88,paid,2026-03-05T02:00:00
BKG-07107,FAR-107,TR-007,Nakuru,completed,Weeding,38097.52,paid,2026-03-06T03:00:00
BKG-07108,FAR-108,TR-008,Nairobi,pending,Harvesting,20116.82,pending,2026-03-07T04:00:00
BKG-07109,FAR-109,TR-009,Embu,cancelled,Soil management,10471.63,void,2026-03-08T05:00:00
BKG-07110,FAR-110,TR-010,Kiambu,completed,Land preparation,46696.62,paid,2026-03-09T06:00:00
BKG-07111,FAR-111,TR-011,Machakos,completed,Planting,31613.41,pending,2026-03-10T07:00:00
BKG-07112,FAR-112,TR-012,Nakuru,completed,Weeding,27822.4,paid,2026-03-11T08:00:00
BKG-07113,FAR-113,TR-013,Nairobi,completed,Harvesting,39761.14,paid,2026-03-12T09:00:00
BKG-07114,FAR-114,TR-014,Embu,pending,Soil management,47113.42,pending,2026-03-13T10:00:00
BKG-07115,FAR-115,TR-015,Kiambu,cancelled,Land preparation,25667.24,void,2026-03-14T11:00:00
BKG-07116,FAR-116,TR-016,Machakos,completed,Planting,27237.55,paid,2026-03-15T12:00:00
BKG-07117,FAR-117,TR-017,Nakuru,completed,Weeding,36263.93,paid,2026-03-16T13:00:00
BKG-07118,FAR-118,TR-018,Nairobi,completed,Harvesting,21079.5,paid,2026-03-17T14:00:00
BKG-07119,FAR-119,TR-019,Embu,completed,Soil management,42434.86,paid,2026-03-18T15:00:00
BKG-07120,FAR-120,TR-020,Kiambu,pending,Land preparation,16325.89,pending,2026-03-19T16:00:00
BKG-07121,FAR-121,TR-021,Machakos,cancelled,Planting,51702.61,void,2026-03-20T17:00:00
BKG-07122,FAR-122,TR-022,Nakuru,completed,Weeding,42291.06,paid,2026-03-21T18:00:00
BKG-07123,FAR-123,TR-023,Nairobi,completed,Harvesting,14012.52,paid,2026-03-22T19:00:00
BKG-07124,FAR-124,TR-024,Embu,completed,Soil management,31646.75,paid,2026-03-23T20:00:00
BKG-07125,FAR-125,TR-025,Kiambu,completed,Land preparation,24003.54,paid,2026-03-24T21:00:00
BKG-07126,FAR-126,TR-026,Machakos,pending,Planting,31702.21,pending,2026-03-25T22:00:00
BKG-07127,FAR-127,TR-027,Nakuru,cancelled,Weeding,50474.28,void,2026-03-26T23:00:00
BKG-07128,FAR-128,TR-028,Nairobi,completed,Harvesting,44596.95,paid,2026-03-27T00:00:00
BKG-07129,FAR-129,TR-029,Embu,completed,Soil management,43792.48,pending,2026-03-28T01:00:00
BKG-07130,FAR-130,TR-030,Kiambu,completed,Land preparation,38234.2,paid,2026-03-29T02:00:00
BKG-07131,FAR-131,TR-031,Machakos,completed,Planting,49868.46,paid,2026-03-30T03:00:00
BKG-07132,FAR-132,TR-032,Nakuru,pending,Weeding,21866.58,pending,2026-03-31T04:00:00
BKG-07133,FAR-133,TR-033,Nairobi,cancelled,Harvesting,17164.92,void,2026-04-01T05:00:00
BKG-07134,FAR-134,TR-034,Embu,completed,Soil management,24583.26,paid,2026-04-02T06:00:00
BKG-07135,FAR-135,TR-035,Kiambu,completed,Land preparation,26435.13,paid,2026-04-03T07:00:00
BKG-07136,FAR-136,TR-036,Machakos,completed,Planting,25381.15,paid,2026-04-04T08:00:00
BKG-07137,FAR-137,TR-037,Nakuru,completed,Weeding,11360.11,paid,2026-04-05T09:00:00
BKG-07138,FAR-138,TR-038,Nairobi,pending,Harvesting,27645.58,pending,2026-04-06T10:00:00
BKG-07139,FAR-139,TR-039,Embu,cancelled,Soil management,18124.18,void,2026-04-07T11:00:00
BKG-07140,FAR-140,TR-040,Kiambu,completed,Land preparation,12553.6,paid,2026-04-08T12:00:00
BKG-07141,FAR-141,TR-041,Machakos,completed,Planting,12850.55,paid,2026-04-09T13:00:00
BKG-07142,FAR-142,TR-042,Nakuru,completed,Weeding,23287.95,paid,2026-04-10T14:00:00
BKG-07143,FAR-143,TR-043,Nairobi,completed,Harvesting,13777.59,paid,2026-04-11T15:00:00
BKG-07144,FAR-144,TR-044,Embu,pending,Soil management,39029.62,pending,2026-04-12T16:00:00
BKG-07145,FAR-145,TR-045,Kiambu,cancelled,Land preparation,34370.09,void,2026-04-13T17:00:00
BKG-07146,FAR-146,TR-046,Machakos,completed,Planting,40180.41,paid,2026-04-14T18:00:00
BKG-07147,FAR-147,TR-047,Nakuru,completed,Weeding,34622.31,paid,2026-04-15T19:00:00
BKG-07148,FAR-148,TR-048,Nairobi,completed,Harvesting,53996.88,paid,2026-04-16T20:00:00
BKG-07149,FAR-149,TR-049,Embu,completed,Soil management,41249.79,paid,2026-04-17T21:00:00
BKG-07150,FAR-150,TR-050,Kiambu,pending,Land preparation,27027.32,pending,2026-04-18T22:00:00
BKG-07151,FAR-151,TR-051,Machakos,cancelled,Planting,26620.34,void,2026-04-19T23:00:00
BKG-07152,FAR-152,TR-052,Nakuru,completed,Weeding,37153.31,paid,2026-04-20T00:00:00
BKG-07153,FAR-153,TR-053,Nairobi,completed,Harvesting,36206.28,paid,2026-04-21T01:00:00
BKG-07154,FAR-154,TR-054,Embu,completed,Soil management,53282.44,paid,2026-04-22T02:00:00
BKG-07155,FAR-155,TR-055,Kiambu,completed,Land preparation,31155.76,paid,2026-04-23T03:00:00
BKG-07156,FAR-156,TR-056,Machakos,pending,Planting,46731.85,pending,2026-04-24T04:00:00
BKG-07157,FAR-157,TR-057,Nakuru,cancelled,Weeding,33939.93,void,2026-04-25T05:00:00
BKG-07158,FAR-158,TR-058,Nairobi,completed,Harvesting,40402.52,paid,2026-04-26T06:00:00
BKG-07159,FAR-159,TR-059,Embu,completed,Soil management,48816.17,paid,2026-04-27T07:00:00
BKG-07160,FAR-160,TR-060,Kiambu,completed,Land preparation,23877.03,pending,2026-04-28T08:00:00
BKG-07161,FAR-161,TR-061,Machakos,completed,Planting,31090.89,paid,2026-04-29T09:00:00
BKG-07162,FAR-162,TR-062,Nakuru,pending,Weeding,53112.04,pending,2026-04-30T10:00:00
BKG-07163,FAR-163,TR-063,Nairobi,cancelled,Harvesting,21931.9,void,2026-05-01T11:00:00
BKG-07164,FAR-164,TR-064,Embu,completed,Soil management,42670.28,paid,2026-05-02T12:00:00
BKG-07165,FAR-165,TR-065,Kiambu,completed,Land preparation,32135.28,paid,2026-05-03T13:00:00
BKG-07166,FAR-166,TR-066,Machakos,completed,Planting,46765.87,paid,2026-05-04T14:00:00
BKG-07167,FAR-167,TR-067,Nakuru,completed,Weeding,20275.7,paid,2026-05-05T15:00:00
BKG-07168,FAR-168,TR-068,Nairobi,pending,Harvesting,47642.21,pending,2026-05-06T16:00:00
BKG-07169,FAR-169,TR-069,Embu,cancelled,Soil management,38189.4,void,2026-05-07T17:00:00
BKG-07170,FAR-170,TR-070,Kiambu,completed,Land preparation,25714.69,paid,2026-05-08T18:00:00
BKG-07171,FAR-171,TR-071,Machakos,completed,Planting,43310.2,paid,2026-05-09T19:00:00
BKG-07172,FAR-172,TR-072,Nakuru,completed,Weeding,21079.88,pending,2026-05-10T20:00:00
BKG-07173,FAR-173,TR-073,Nairobi,completed,Harvesting,16000.64,paid,2026-05-11T21:00:00
BKG-07174,FAR-174,TR-074,Embu,pending,Soil management,37745.35,pending,2026-05-12T22:00:00
BKG-07175,FAR-175,TR-075,Kiambu,cancelled,Land preparation,24789.64,void,2026-05-13T23:00:00
BKG-07176,FAR-176,TR-076,Machakos,completed,Planting,34285.39,paid,2026-05-14T00:00:00
BKG-07177,FAR-177,TR-077,Nakuru,completed,Weeding,25033.6,paid,2026-05-15T01:00:00
BKG-07178,FAR-178,TR-078,Nairobi,completed,Harvesting,20963.45,pending,2026-05-16T02:00:00
BKG-07179,FAR-179,TR-079,Embu,completed,Soil management,9651.85,pending,2026-05-17T03:00:00
BKG-07180,FAR-180,TR-080,Kiambu,pending,Land preparation,33743.57,pending,2026-05-18T04:00:00
BKG-07181,FAR-181,TR-081,Machakos,cancelled,Planting,24074.48,void,2026-05-19T05:00:00
BKG-07182,FAR-182,TR-082,Nakuru,completed,Weeding,45306.08,paid,2026-05-20T06:00:00
BKG-07183,FAR-183,TR-083,Nairobi,completed,Harvesting,41121.42,paid,2026-05-21T07:00:00
BKG-07184,FAR-184,TR-084,Embu,completed,Soil management,11174.79,paid,2026-05-22T08:00:00
BKG-07185,FAR-185,TR-085,Kiambu,completed,Land preparation,24126.66,paid,2026-05-23T09:00:00
BKG-07186,FAR-186,TR-086,Machakos,pending,Planting,50883.43,pending,2026-05-24T10:00:00
BKG-07187,FAR-187,TR-087,Nakuru,cancelled,Weeding,30032.6,void,2026-05-25T11:00:00
BKG-07188,FAR-188,TR-088,Nairobi,completed,Harvesting,22347.34,pending,2026-05-26T12:00:00
BKG-07189,FAR-189,TR-089,Embu,completed,Soil management,25057.75,paid,2026-05-27T13:00:00
BKG-07190,FAR-190,TR-090,Kiambu,completed,Land preparation,30161.86,paid,2026-05-28T14:00:00
BKG-07191,FAR-191,TR-091,Machakos,completed,Planting,47075.83,paid,2026-05-29T15:00:00
BKG-07192,FAR-192,TR-092,Nakuru,pending,Weeding,47858.26,pending,2026-05-30T16:00:00
BKG-07193,FAR-193,TR-093,Nairobi,cancelled,Harvesting,21378.41,void,2026-05-31T17:00:00
BKG-07194,FAR-194,TR-094,Embu,completed,Soil management,42238.63,pending,2026-06-01T18:00:00
BKG-07195,FAR-195,TR-095,Kiambu,completed,Land preparation,34620.42,paid,2026-06-02T19:00:00
BKG-07196,FAR-196,TR-096,Machakos,completed,Planting,49517.25,paid,2026-06-03T20:00:00
BKG-07197,FAR-197,TR-097,Nakuru,completed,Weeding,22069.49,paid,2026-06-04T21:00:00
BKG-07198,FAR-198,TR-098,Nairobi,pending,Harvesting,15730.14,pending,2026-06-05T22:00:00
BKG-07199,FAR-199,TR-099,Embu,cancelled,Soil management,46208.37,void,2026-06-06T23:00:00
BKG-07200,FAR-200,TR-100,Kiambu,completed,Land preparation,26944.43,paid,2026-06-07T00:00:00
BKG-07201,FAR-201,TR-001,Machakos,completed,Planting,50604.19,pending,2026-06-08T01:00:00
BKG-07202,FAR-202,TR-002,Nakuru,completed,Weeding,44173.65,paid,2026-06-09T02:00:00
BKG-07203,FAR-203,TR-003,Nairobi,completed,Harvesting,35782.64,paid,2026-06-10T03:00:00
BKG-07204,FAR-204,TR-004,Embu,pending,Soil management,13374.16,pending,2026-06-11T04:00:00
BKG-07205,FAR-205,TR-005,Kiambu,cancelled,Land preparation,41475.86,void,2026-06-12T05:00:00
BKG-07206,FAR-206,TR-006,Machakos,completed,Planting,46653.4,pending,2026-06-13T06:00:00
BKG-07207,FAR-207,TR-007,Nakuru,completed,Weeding,36279.46,pending,2026-06-14T07:00:00
BKG-07208,FAR-208,TR-008,Nairobi,completed,Harvesting,42705.19,paid,2026-06-15T08:00:00
BKG-07209,FAR-209,TR-009,Embu,completed,Soil management,29213.43,paid,2026-06-16T09:00:00
BKG-07210,FAR-210,TR-010,Kiambu,pending,Land preparation,42627.24,pending,2026-06-17T10:00:00
BKG-07211,FAR-211,TR-011,Machakos,cancelled,Planting,22053.46,void,2026-06-18T11:00:00
BKG-07212,FAR-212,TR-012,Nakuru,completed,Weeding,37814.56,pending,2026-06-19T12:00:00
BKG-07213,FAR-213,TR-013,Nairobi,completed,Harvesting,36756.98,paid,2026-06-20T13:00:00
BKG-07214,FAR-214,TR-014,Embu,completed,Soil management,18502.94,paid,2026-06-21T14:00:00
BKG-07215,FAR-215,TR-015,Kiambu,completed,Land preparation,27016.99,paid,2026-06-22T15:00:00
BKG-07216,FAR-216,TR-016,Machakos,pending,Planting,41491.55,pending,2026-06-23T16:00:00
BKG-07217,FAR-217,TR-017,Nakuru,cancelled,Weeding,37575.25,void,2026-06-24T17:00:00
BKG-07218,FAR-218,TR-018,Nairobi,completed,Harvesting,10982.4,paid,2026-06-25T18:00:00
BKG-07219,FAR-219,TR-019,Embu,completed,Soil management,13298.3,pending,2026-06-26T19:00:00
BKG-07220,FAR-220,TR-020,Kiambu,completed,Land preparation,10534.69,paid,2026-06-27T20:00:00
BKG-07221,FAR-221,TR-021,Machakos,completed,Planting,23145.6,pending,2026-06-28T21:00:00
BKG-07222,FAR-222,TR-022,Nakuru,pending,Weeding,48571.32,pending,2026-06-29T22:00:00
BKG-07223,FAR-223,TR-023,Nairobi,cancelled,Harvesting,10219.29,void,2026-06-30T23:00:00
BKG-07224,FAR-224,TR-024,Embu,completed,Soil management,12642.29,paid,2026-07-01T00:00:00
BKG-07225,FAR-225,TR-025,Kiambu,completed,Land preparation,30467.9,pending,2026-07-02T01:00:00
BKG-07226,FAR-226,TR-026,Machakos,completed,Planting,53740.03,paid,2026-07-03T02:00:00
BKG-07227,FAR-227,TR-027,Nakuru,completed,Weeding,18213.08,paid,2026-07-04T03:00:00
BKG-07228,FAR-228,TR-028,Nairobi,pending,Harvesting,11506.7,pending,2026-07-05T04:00:00
BKG-07229,FAR-229,TR-029,Embu,cancelled,Soil management,13109.78,void,2026-07-06T05:00:00
BKG-07230,FAR-230,TR-030,Kiambu,completed,Land preparation,19147.55,paid,2026-07-07T06:00:00
BKG-07231,FAR-231,TR-031,Machakos,completed,Planting,14682.94,paid,2026-07-08T07:00:00
BKG-07232,FAR-232,TR-032,Nakuru,completed,Weeding,19165.67,paid,2026-07-09T08:00:00
BKG-07233,FAR-233,TR-033,Nairobi,completed,Harvesting,11909.17,paid,2026-07-10T09:00:00
BKG-07234,FAR-234,TR-034,Embu,pending,Soil management,53032.09,pending,2026-07-11T10:00:00
BKG-07235,FAR-235,TR-035,Kiambu,cancelled,Land preparation,44776.33,void,2026-07-12T11:00:00
BKG-07236,FAR-236,TR-036,Machakos,completed,Planting,49363.99,paid,2026-07-13T12:00:00
BKG-07237,FAR-237,TR-037,Nakuru,completed,Weeding,36442.26,paid,2026-07-14T13:00:00
BKG-07238,FAR-238,TR-038,Nairobi,completed,Harvesting,44976.63,paid,2026-07-15T14:00:00
BKG-07239,FAR-239,TR-039,Embu,completed,Soil management,34833.12,paid,2026-07-16T15:00:00
BKG-07240,FAR-240,TR-040,Kiambu,pending,Land preparation,9210.26,pending,2026-07-17T16:00:00
BKG-07241,FAR-241,TR-041,Machakos,cancelled,Planting,16428.32,void,2026-07-18T17:00:00
BKG-07242,FAR-242,TR-042,Nakuru,completed,Weeding,19558.38,paid,2026-07-19T18:00:00
BKG-07243,FAR-243,TR-043,Nairobi,completed,Harvesting,41953.57,paid,2026-07-20T19:00:00
BKG-07244,FAR-244,TR-044,Embu,completed,Soil management,31833.82,paid,2026-07-21T20:00:00
BKG-07245,FAR-245,TR-045,Kiambu,completed,Land preparation,18415.44,paid,2026-07-22T21:00:00
BKG-07246,FAR-246,TR-046,Machakos,pending,Planting,34215.84,pending,2026-07-23T22:00:00
BKG-07247,FAR-247,TR-047,Nakuru,cancelled,Weeding,25771.55,void,2026-07-24T23:00:00
BKG-07248,FAR-248,TR-048,Nairobi,completed,Harvesting,46277.09,paid,2026-07-25T00:00:00
BKG-07249,FAR-249,TR-049,Embu,completed,Soil management,18161.96,paid,2026-07-26T01:00:00
BKG-07250,FAR-250,TR-050,Kiambu,completed,Land preparation,12759.89,pending,2026-07-27T02:00:00
BKG-07251,FAR-251,TR-051,Machakos,completed,Planting,17919.17,paid,2026-07-28T03:00:00
BKG-07252,FAR-252,TR-052,Nakuru,pending,Weeding,50044.08,pending,2026-07-29T04:00:00
BKG-07253,FAR-253,TR-053,Nairobi,cancelled,Harvesting,19136.67,void,2026-07-30T05:00:00
BKG-07254,FAR-254,TR-054,Embu,completed,Soil management,36051.52,pending,2026-07-31T06:00:00
BKG-07255,FAR-255,TR-055,Kiambu,completed,Land preparation,23239.14,paid,2026-08-01T07:00:00
BKG-07256,FAR-256,TR-056,Machakos,completed,Planting,46549.44,paid,2026-08-02T08:00:00
BKG-07257,FAR-257,TR-057,Nakuru,completed,Weeding,16984.9,paid,2026-08-03T09:00:00
BKG-07258,FAR-258,TR-058,Nairobi,pending,Harvesting,9398.33,pending,2026-08-04T10:00:00
BKG-07259,FAR-259,TR-059,Embu,cancelled,Soil management,26853.6,void,2026-08-05T11:00:00
BKG-07260,FAR-260,TR-060,Kiambu,completed,Land preparation,19143.31,paid,2026-08-06T12:00:00
BKG-07261,FAR-261,TR-061,Machakos,completed,Planting,53353.58,paid,2026-08-07T13:00:00
BKG-07262,FAR-262,TR-062,Nakuru,completed,Weeding,9289.2,paid,2026-08-08T14:00:00
BKG-07263,FAR-263,TR-063,Nairobi,completed,Harvesting,9556.41,paid,2026-08-09T15:00:00
BKG-07264,FAR-264,TR-064,Embu,pending,Soil management,28540.96,pending,2026-08-10T16:00:00
BKG-07265,FAR-265,TR-065,Kiambu,cancelled,Land preparation,47707.51,void,2026-08-11T17:00:00
BKG-07266,FAR-266,TR-066,Machakos,completed,Planting,47148.97,paid,2026-08-12T18:00:00
BKG-07267,FAR-267,TR-067,Nakuru,completed,Weeding,23256.62,paid,2026-08-13T19:00:00
BKG-07268,FAR-268,TR-068,Nairobi,completed,Harvesting,40344.31,paid,2026-08-14T20:00:00
BKG-07269,FAR-269,TR-069,Embu,completed,Soil management,18413.35,paid,2026-08-15T21:00:00
BKG-07270,FAR-270,TR-070,Kiambu,pending,Land preparation,29440.42,pending,2026-08-16T22:00:00
BKG-07271,FAR-271,TR-071,Machakos,cancelled,Planting,41947.72,void,2026-08-17T23:00:00
BKG-07272,FAR-272,TR-072,Nakuru,completed,Weeding,39539.35,paid,2026-08-18T00:00:00
BKG-07273,FAR-273,TR-073,Nairobi,completed,Harvesting,50564.84,paid,2026-08-19T01:00:00
BKG-07274,FAR-274,TR-074,Embu,completed,Soil management,41556.58,pending,2026-08-20T02:00:00
BKG-07275,FAR-275,TR-075,Kiambu,completed,Land preparation,41642.83,paid,2026-08-21T03:00:00
BKG-07276,FAR-276,TR-076,Machakos,pending,Planting,26902.6,pending,2026-08-22T04:00:00
BKG-07277,FAR-277,TR-077,Nakuru,cancelled,Weeding,44540.76,void,2026-08-23T05:00:00
BKG-07278,FAR-278,TR-078,Nairobi,completed,Harvesting,53422.26,paid,2026-08-24T06:00:00
BKG-07279,FAR-279,TR-079,Embu,completed,Soil management,19290.66,paid,2026-08-25T07:00:00
BKG-07280,FAR-280,TR-080,Kiambu,completed,Land preparation,28683.7,paid,2026-08-26T08:00:00
BKG-07281,FAR-281,TR-081,Machakos,completed,Planting,31906.03,pending,2026-08-27T09:00:00
BKG-07282,FAR-282,TR-082,Nakuru,pending,Weeding,45886.8,pending,2026-08-28T10:00:00
BKG-07283,FAR-283,TR-083,Nairobi,cancelled,Harvesting,15415.37,void,2026-08-29T11:00:00
BKG-07284,FAR-284,TR-084,Embu,completed,Soil management,45433.35,paid,2026-08-30T12:00:00
BKG-07285,FAR-285,TR-085,Kiambu,completed,Land preparation,25647.91,paid,2026-08-31T13:00:00
BKG-07286,FAR-286,TR-086,Machakos,completed,Planting,48114.11,paid,2026-09-01T14:00:00
BKG-07287,FAR-287,TR-087,Nakuru,completed,Weeding,20824.07,paid,2026-09-02T15:00:00
BKG-07288,FAR-288,TR-088,Nairobi,pending,Harvesting,21808.76,pending,2026-09-03T16:00:00
BKG-07289,FAR-289,TR-089,Embu,cancelled,Soil management,34413.54,void,2026-09-04T17:00:00
BKG-07290,FAR-290,TR-090,Kiambu,completed,Land preparation,52936.98,paid,2026-09-05T18:00:00
BKG-07291,FAR-291,TR-091,Machakos,completed,Planting,29255.78,paid,2026-09-06T19:00:00
BKG-07292,FAR-292,TR-092,Nakuru,completed,Weeding,41011.21,pending,2026-09-07T20:00:00
BKG-07293,FAR-293,TR-093,Nairobi,completed,Harvesting,33252.77,paid,2026-09-08T21:00:00
BKG-07294,FAR-294,TR-094,Embu,pending,Soil management,49042.23,pending,2026-09-09T22:00:00
BKG-07295,FAR-295,TR-095,Kiambu,cancelled,Land preparation,34358.9,void,2026-09-10T23:00:00
BKG-07296,FAR-296,TR-096,Machakos,completed,Planting,34523.47,paid,2026-09-11T00:00:00
BKG-07297,FAR-297,TR-097,Nakuru,completed,Weeding,12051.6,paid,2026-09-12T01:00:00
BKG-07298,FAR-298,TR-098,Nairobi,completed,Harvesting,11116.62,paid,2026-09-13T02:00:00
BKG-07299,FAR-299,TR-099,Embu,completed,Soil management,50572.56,pending,2026-09-14T03:00:00
BKG-07300,FAR-300,TR-100,Kiambu,pending,Land preparation,19584.56,pending,2025-09-15T04:00:00
BKG-07301,FAR-301,TR-001,Machakos,cancelled,Planting,27736.28,void,2025-09-16T05:00:00
BKG-07302,FAR-302,TR-002,Nakuru,completed,Weeding,39267.02,paid,2025-09-17T06:00:00
BKG-07303,FAR-303,TR-003,Nairobi,completed,Harvesting,24362.42,paid,2025-09-18T07:00:00
BKG-07304,FAR-304,TR-004,Embu,completed,Soil management,24458.82,paid,2025-09-19T08:00:00
BKG-07305,FAR-305,TR-005,Kiambu,completed,Land preparation,51463.31,pending,2025-09-20T09:00:00
BKG-07306,FAR-306,TR-006,Machakos,pending,Planting,30407.84,pending,2025-09-21T10:00:00
BKG-07307,FAR-307,TR-007,Nakuru,cancelled,Weeding,19067.91,void,2025-09-22T11:00:00
BKG-07308,FAR-308,TR-008,Nairobi,completed,Harvesting,9042.61,paid,2025-09-23T12:00:00
BKG-07309,FAR-309,TR-009,Embu,completed,Soil management,44283.13,paid,2025-09-24T13:00:00
BKG-07310,FAR-310,TR-010,Kiambu,completed,Land preparation,15508.95,paid,2025-09-25T14:00:00
BKG-07311,FAR-311,TR-011,Machakos,completed,Planting,51519.95,paid,2025-09-26T15:00:00
BKG-07312,FAR-312,TR-012,Nakuru,pending,Weeding,17940.12,pending,2025-09-27T16:00:00
BKG-07313,FAR-313,TR-013,Nairobi,cancelled,Harvesting,45228.1,void,2025-09-28T17:00:00
BKG-07314,FAR-314,TR-014,Embu,completed,Soil management,42884.17,paid,2025-09-29T18:00:00
BKG-07315,FAR-315,TR-015,Kiambu,completed,Land preparation,9940.55,paid,2025-09-30T19:00:00
BKG-07316,FAR-316,TR-016,Machakos,completed,Planting,51004.79,paid,2025-10-01T20:00:00
BKG-07317,FAR-317,TR-017,Nakuru,completed,Weeding,26403.34,paid,2025-10-02T21:00:00
BKG-07318,FAR-318,TR-018,Nairobi,pending,Harvesting,32875.47,pending,2025-10-03T22:00:00
BKG-07319,FAR-319,TR-019,Embu,cancelled,Soil management,22179.05,void,2025-10-04T23:00:00
BKG-07320,FAR-320,TR-020,Kiambu,completed,Land preparation,32539.32,pending,2025-10-05T00:00:00
BKG-07321,FAR-321,TR-021,Machakos,completed,Planting,27935.51,paid,2025-10-06T01:00:00
BKG-07322,FAR-322,TR-022,Nakuru,completed,Weeding,42105.71,paid,2025-10-07T02:00:00
BKG-07323,FAR-323,TR-023,Nairobi,completed,Harvesting,38543.56,paid,2025-10-08T03:00:00
BKG-07324,FAR-324,TR-024,Embu,pending,Soil management,9340.69,pending,2025-10-09T04:00:00
BKG-07325,FAR-325,TR-025,Kiambu,cancelled,Land preparation,18832.44,void,2025-10-10T05:00:00
BKG-07326,FAR-326,TR-026,Machakos,completed,Planting,32025.88,paid,2025-10-11T06:00:00
BKG-07327,FAR-327,TR-027,Nakuru,completed,Weeding,47658.7,paid,2025-10-12T07:00:00
BKG-07328,FAR-328,TR-028,Nairobi,completed,Harvesting,18489.17,paid,2025-10-13T08:00:00
BKG-07329,FAR-329,TR-029,Embu,completed,Soil management,11101.95,paid,2025-10-14T09:00:00
BKG-07330,FAR-330,TR-030,Kiambu,pending,Land preparation,53123.4,pending,2025-10-15T10:00:00
BKG-07331,FAR-331,TR-031,Machakos,cancelled,Planting,21287.89,void,2025-10-16T11:00:00
BKG-07332,FAR-332,TR-032,Nakuru,completed,Weeding,20306.04,paid,2025-10-17T12:00:00
BKG-07333,FAR-333,TR-033,Nairobi,completed,Harvesting,28920.52,paid,2025-10-18T13:00:00
BKG-07334,FAR-334,TR-034,Embu,completed,Soil management,23030.62,paid,2025-10-19T14:00:00
BKG-07335,FAR-335,TR-035,Kiambu,completed,Land preparation,37593.68,pending,2025-10-20T15:00:00
BKG-07336,FAR-336,TR-036,Machakos,pending,Planting,45813.75,pending,2025-10-21T16:00:00
BKG-07337,FAR-337,TR-037,Nakuru,cancelled,Weeding,43247.51,void,2025-10-22T17:00:00
BKG-07338,FAR-338,TR-038,Nairobi,completed,Harvesting,50966.75,paid,2025-10-23T18:00:00
BKG-07339,FAR-339,TR-039,Embu,completed,Soil management,41685.2,paid,2025-10-24T19:00:00
BKG-07340,FAR-340,TR-040,Kiambu,completed,Land preparation,18780.42,paid,2025-10-25T20:00:00
BKG-07341,FAR-341,TR-041,Machakos,completed,Planting,32115.13,paid,2025-10-26T21:00:00
BKG-07342,FAR-342,TR-042,Nakuru,pending,Weeding,11656.62,pending,2025-10-27T22:00:00
BKG-07343,FAR-343,TR-043,Nairobi,cancelled,Harvesting,40574.5,void,2025-10-28T23:00:00
BKG-07344,FAR-344,TR-044,Embu,completed,Soil management,23692.51,paid,2025-10-29T00:00:00
BKG-07345,FAR-345,TR-045,Kiambu,completed,Land preparation,47998.07,paid,2025-10-30T01:00:00
BKG-07346,FAR-346,TR-046,Machakos,completed,Planting,44998.9,paid,2025-10-31T02:00:00
BKG-07347,FAR-347,TR-047,Nakuru,completed,Weeding,40796.35,paid,2025-11-01T03:00:00
BKG-07348,FAR-348,TR-048,Nairobi,pending,Harvesting,51806.09,pending,2025-11-02T04:00:00
BKG-07349,FAR-349,TR-049,Embu,cancelled,Soil management,25198.26,void,2025-11-03T05:00:00
BKG-07350,FAR-350,TR-050,Kiambu,completed,Land preparation,41565.55,paid,2025-11-04T06:00:00
BKG-07351,FAR-351,TR-051,Machakos,completed,Planting,21392.63,pending,2025-11-05T07:00:00
BKG-07352,FAR-352,TR-052,Nakuru,completed,Weeding,52637.35,pending,2025-11-06T08:00:00
BKG-07353,FAR-353,TR-053,Nairobi,completed,Harvesting,33937.4,paid,2025-11-07T09:00:00
BKG-07354,FAR-354,TR-054,Embu,pending,Soil management,50269.38,pending,2025-11-08T10:00:00
BKG-07355,FAR-355,TR-055,Kiambu,cancelled,Land preparation,43266.47,void,2025-11-09T11:00:00
BKG-07356,FAR-356,TR-056,Machakos,completed,Planting,30714.73,pending,2025-11-10T12:00:00
BKG-07357,FAR-357,TR-057,Nakuru,completed,Weeding,46438.73,paid,2025-11-11T13:00:00
BKG-07358,FAR-358,TR-058,Nairobi,completed,Harvesting,28472.44,paid,2025-11-12T14:00:00
BKG-07359,FAR-359,TR-059,Embu,completed,Soil management,42882.65,paid,2025-11-13T15:00:00
BKG-07360,FAR-360,TR-060,Kiambu,pending,Land preparation,41243.06,pending,2025-11-14T16:00:00
BKG-07361,FAR-361,TR-061,Machakos,cancelled,Planting,42432.11,void,2025-11-15T17:00:00
BKG-07362,FAR-362,TR-062,Nakuru,completed,Weeding,52082.3,paid,2025-11-16T18:00:00
BKG-07363,FAR-363,TR-063,Nairobi,completed,Harvesting,20459.06,paid,2025-11-17T19:00:00
BKG-07364,FAR-364,TR-064,Embu,completed,Soil management,15264.68,paid,2025-11-18T20:00:00
BKG-07365,FAR-365,TR-065,Kiambu,completed,Land preparation,12216.7,paid,2025-11-19T21:00:00
BKG-07366,FAR-366,TR-066,Machakos,pending,Planting,20590.92,pending,2025-11-20T22:00:00
BKG-07367,FAR-367,TR-067,Nakuru,cancelled,Weeding,46265.84,void,2025-11-21T23:00:00
BKG-07368,FAR-368,TR-068,Nairobi,completed,Harvesting,52927.1,paid,2025-11-22T00:00:00
BKG-07369,FAR-369,TR-069,Embu,completed,Soil management,29634.62,paid,2025-11-23T01:00:00
BKG-07370,FAR-370,TR-070,Kiambu,completed,Land preparation,41947.41,paid,2025-11-24T02:00:00
BKG-07371,FAR-371,TR-071,Machakos,completed,Planting,37151.03,paid,2025-11-25T03:00:00
BKG-07372,FAR-372,TR-072,Nakuru,pending,Weeding,47976.81,pending,2025-11-26T04:00:00
BKG-07373,FAR-373,TR-073,Nairobi,cancelled,Harvesting,11634.78,void,2025-11-27T05:00:00
BKG-07374,FAR-374,TR-074,Embu,completed,Soil management,14121.41,paid,2025-11-28T06:00:00
BKG-07375,FAR-375,TR-075,Kiambu,completed,Land preparation,38091.4,paid,2025-11-29T07:00:00
BKG-07376,FAR-376,TR-076,Machakos,completed,Planting,44754.96,pending,2025-11-30T08:00:00
BKG-07377,FAR-377,TR-077,Nakuru,completed,Weeding,50933.28,paid,2025-12-01T09:00:00
BKG-07378,FAR-378,TR-078,Nairobi,pending,Harvesting,12407.73,pending,2025-12-02T10:00:00
BKG-07379,FAR-379,TR-079,Embu,cancelled,Soil management,30715.0,void,2025-12-03T11:00:00
BKG-07380,FAR-380,TR-080,Kiambu,completed,Land preparation,51399.09,pending,2025-12-04T12:00:00
BKG-07381,FAR-381,TR-081,Machakos,completed,Planting,20049.38,paid,2025-12-05T13:00:00
BKG-07382,FAR-382,TR-082,Nakuru,completed,Weeding,34494.52,paid,2025-12-06T14:00:00
BKG-07383,FAR-383,TR-083,Nairobi,completed,Harvesting,38676.32,paid,2025-12-07T15:00:00
BKG-07384,FAR-384,TR-084,Embu,pending,Soil management,19441.36,pending,2025-12-08T16:00:00
BKG-07385,FAR-385,TR-085,Kiambu,cancelled,Land preparation,23840.05,void,2025-12-09T17:00:00
BKG-07386,FAR-386,TR-086,Machakos,completed,Planting,53185.27,paid,2025-12-10T18:00:00
BKG-07387,FAR-387,TR-087,Nakuru,completed,Weeding,21294.75,paid,2025-12-11T19:00:00
BKG-07388,FAR-388,TR-088,Nairobi,completed,Harvesting,34374.77,paid,2025-12-12T20:00:00
BKG-07389,FAR-389,TR-089,Embu,completed,Soil management,9184.0,paid,2025-12-13T21:00:00
BKG-07390,FAR-390,TR-090,Kiambu,pending,Land preparation,36891.4,pending,2025-12-14T22:00:00
BKG-07391,FAR-391,TR-091,Machakos,cancelled,Planting,47716.3,void,2025-12-15T23:00:00
BKG-07392,FAR-392,TR-092,Nakuru,completed,Weeding,17570.03,paid,2025-12-16T00:00:00
BKG-07393,FAR-393,TR-093,Nairobi,completed,Harvesting,45095.11,paid,2025-12-17T01:00:00
BKG-07394,FAR-394,TR-094,Embu,completed,Soil management,42537.57,paid,2025-12-18T02:00:00
BKG-07395,FAR-395,TR-095,Kiambu,completed,Land preparation,33241.09,paid,2025-12-19T03:00:00
BKG-07396,FAR-396,TR-096,Machakos,pending,Planting,18309.04,pending,2025-12-20T04:00:00
BKG-07397,FAR-397,TR-097,Nakuru,cancelled,Weeding,28417.25,void,2025-12-21T05:00:00
BKG-07398,FAR-398,TR-098,Nairobi,completed,Harvesting,33496.25,pending,2025-12-22T06:00:00
BKG-07399,FAR-399,TR-099,Embu,completed,Soil management,33569.26,paid,2025-12-23T07:00:00
BKG-07400,FAR-400,TR-100,Kiambu,completed,Land preparation,47843.75,pending,2025-12-24T08:00:00
BKG-07401,FAR-401,TR-001,Machakos,completed,Planting,41645.48,paid,2025-12-25T09:00:00
BKG-07402,FAR-402,TR-002,Nakuru,pending,Weeding,38450.07,pending,2025-12-26T10:00:00
BKG-07403,FAR-403,TR-003,Nairobi,cancelled,Harvesting,33374.29,void,2025-12-27T11:00:00
BKG-07404,FAR-404,TR-004,Embu,completed,Soil management,36178.98,paid,2025-12-28T12:00:00
BKG-07405,FAR-405,TR-005,Kiambu,completed,Land preparation,41994.03,paid,2025-12-29T13:00:00
BKG-07406,FAR-406,TR-006,Machakos,completed,Planting,41472.88,pending,2025-12-30T14:00:00
BKG-07407,FAR-407,TR-007,Nakuru,completed,Weeding,51527.86,paid,2025-12-31T15:00:00
BKG-07408,FAR-408,TR-008,Nairobi,pending,Harvesting,37381.94,pending,2026-01-01T16:00:00
BKG-07409,FAR-409,TR-009,Embu,cancelled,Soil management,53418.88,void,2026-01-02T17:00:00
BKG-07410,FAR-410,TR-010,Kiambu,completed,Land preparation,33193.84,pending,2026-01-03T18:00:00
BKG-07411,FAR-411,TR-011,Machakos,completed,Planting,12789.94,paid,2026-01-04T19:00:00
BKG-07412,FAR-412,TR-012,Nakuru,completed,Weeding,40879.57,paid,2026-01-05T20:00:00
BKG-07413,FAR-413,TR-013,Nairobi,completed,Harvesting,33364.91,paid,2026-01-06T21:00:00
BKG-07414,FAR-414,TR-014,Embu,pending,Soil management,15225.08,pending,2026-01-07T22:00:00
BKG-07415,FAR-415,TR-015,Kiambu,cancelled,Land preparation,18136.34,void,2026-01-08T23:00:00
BKG-07416,FAR-416,TR-016,Machakos,completed,Planting,15286.93,paid,2026-01-09T00:00:00
BKG-07417,FAR-417,TR-017,Nakuru,completed,Weeding,19949.96,paid,2026-01-10T01:00:00
BKG-07418,FAR-418,TR-018,Nairobi,completed,Harvesting,21501.43,paid,2026-01-11T02:00:00
BKG-07419,FAR-419,TR-019,Embu,completed,Soil management,44590.29,paid,2026-01-12T03:00:00
BKG-07420,FAR-420,TR-020,Kiambu,pending,Land preparation,36276.14,pending,2026-01-13T04:00:00
BKG-07421,FAR-421,TR-021,Machakos,cancelled,Planting,39143.69,void,2026-01-14T05:00:00
BKG-07422,FAR-422,TR-022,Nakuru,completed,Weeding,39270.42,pending,2026-01-15T06:00:00
BKG-07423,FAR-423,TR-023,Nairobi,completed,Harvesting,24355.88,paid,2026-01-16T07:00:00
BKG-07424,FAR-424,TR-024,Embu,completed,Soil management,50208.05,paid,2026-01-17T08:00:00
BKG-07425,FAR-425,TR-025,Kiambu,completed,Land preparation,10036.37,pending,2026-01-18T09:00:00
BKG-07426,FAR-426,TR-026,Machakos,pending,Planting,53321.84,pending,2026-01-19T10:00:00
BKG-07427,FAR-427,TR-027,Nakuru,cancelled,Weeding,9175.46,void,2026-01-20T11:00:00
BKG-07428,FAR-428,TR-028,Nairobi,completed,Harvesting,50022.74,paid,2026-01-21T12:00:00
BKG-07429,FAR-429,TR-029,Embu,completed,Soil management,50670.64,paid,2026-01-22T13:00:00
BKG-07430,FAR-430,TR-030,Kiambu,completed,Land preparation,44068.82,paid,2026-01-23T14:00:00
BKG-07431,FAR-431,TR-031,Machakos,completed,Planting,20957.33,paid,2026-01-24T15:00:00
BKG-07432,FAR-432,TR-032,Nakuru,pending,Weeding,18561.97,pending,2026-01-25T16:00:00
BKG-07433,FAR-433,TR-033,Nairobi,cancelled,Harvesting,31995.04,void,2026-01-26T17:00:00
BKG-07434,FAR-434,TR-034,Embu,completed,Soil management,17794.46,paid,2026-01-27T18:00:00
BKG-07435,FAR-435,TR-035,Kiambu,completed,Land preparation,53618.0,pending,2026-01-28T19:00:00
BKG-07436,FAR-436,TR-036,Machakos,completed,Planting,14049.52,paid,2026-01-29T20:00:00
BKG-07437,FAR-437,TR-037,Nakuru,completed,Weeding,14907.24,paid,2026-01-30T21:00:00
BKG-07438,FAR-438,TR-038,Nairobi,pending,Harvesting,51122.92,pending,2026-01-31T22:00:00
BKG-07439,FAR-439,TR-039,Embu,cancelled,Soil management,50194.59,void,2026-02-01T23:00:00
BKG-07440,FAR-440,TR-040,Kiambu,completed,Land preparation,32014.21,paid,2026-02-02T00:00:00
BKG-07441,FAR-441,TR-041,Machakos,completed,Planting,39671.35,paid,2026-02-03T01:00:00
BKG-07442,FAR-442,TR-042,Nakuru,completed,Weeding,47713.22,paid,2026-02-04T02:00:00
BKG-07443,FAR-443,TR-043,Nairobi,completed,Harvesting,23909.01,paid,2026-02-05T03:00:00
BKG-07444,FAR-444,TR-044,Embu,pending,Soil management,33536.45,pending,2026-02-06T04:00:00
BKG-07445,FAR-445,TR-045,Kiambu,cancelled,Land preparation,40687.46,void,2026-02-07T05:00:00
BKG-07446,FAR-446,TR-046,Machakos,completed,Planting,35341.39,paid,2026-02-08T06:00:00
BKG-07447,FAR-447,TR-047,Nakuru,completed,Weeding,40107.81,paid,2026-02-09T07:00:00
BKG-07448,FAR-448,TR-048,Nairobi,completed,Harvesting,42096.65,paid,2026-02-10T08:00:00
BKG-07449,FAR-449,TR-049,Embu,completed,Soil management,32709.76,paid,2026-02-11T09:00:00
BKG-07450,FAR-450,TR-050,Kiambu,pending,Land preparation,43992.65,pending,2026-02-12T10:00:00
BKG-07451,FAR-451,TR-051,Machakos,cancelled,Planting,33454.96,void,2026-02-13T11:00:00
BKG-07452,FAR-452,TR-052,Nakuru,completed,Weeding,46185.29,paid,2026-02-14T12:00:00
BKG-07453,FAR-453,TR-053,Nairobi,completed,Harvesting,52690.12,paid,2026-02-15T13:00:00
BKG-07454,FAR-454,TR-054,Embu,completed,Soil management,12522.01,paid,2026-02-16T14:00:00
BKG-07455,FAR-455,TR-055,Kiambu,completed,Land preparation,51250.73,pending,2026-02-17T15:00:00
BKG-07456,FAR-456,TR-056,Machakos,pending,Planting,19972.0,pending,2026-02-18T16:00:00
BKG-07457,FAR-457,TR-057,Nakuru,cancelled,Weeding,19667.3,void,2026-02-19T17:00:00
BKG-07458,FAR-458,TR-058,Nairobi,completed,Harvesting,45676.59,paid,2026-02-20T18:00:00
BKG-07459,FAR-459,TR-059,Embu,completed,Soil management,36063.68,paid,2026-02-21T19:00:00
BKG-07460,FAR-460,TR-060,Kiambu,completed,Land preparation,40742.9,paid,2026-02-22T20:00:00
BKG-07461,FAR-461,TR-061,Machakos,completed,Planting,37626.34,paid,2026-02-23T21:00:00
BKG-07462,FAR-462,TR-062,Nakuru,pending,Weeding,31434.51,pending,2026-02-24T22:00:00
BKG-07463,FAR-463,TR-063,Nairobi,cancelled,Harvesting,32868.8,void,2026-02-25T23:00:00
BKG-07464,FAR-464,TR-064,Embu,completed,Soil management,15735.38,paid,2026-02-26T00:00:00
BKG-07465,FAR-465,TR-065,Kiambu,completed,Land preparation,12002.94,paid,2026-02-27T01:00:00
BKG-07466,FAR-466,TR-066,Machakos,completed,Planting,49959.56,paid,2026-02-28T02:00:00
BKG-07467,FAR-467,TR-067,Nakuru,completed,Weeding,42252.07,paid,2026-03-01T03:00:00
BKG-07468,FAR-468,TR-068,Nairobi,pending,Harvesting,35404.75,pending,2026-03-02T04:00:00
BKG-07469,FAR-469,TR-069,Embu,cancelled,Soil management,46303.81,void,2026-03-03T05:00:00
BKG-07470,FAR-470,TR-070,Kiambu,completed,Land preparation,22785.64,paid,2026-03-04T06:00:00
BKG-07471,FAR-471,TR-071,Machakos,completed,Planting,24229.07,paid,2026-03-05T07:00:00
BKG-07472,FAR-472,TR-072,Nakuru,completed,Weeding,19327.52,paid,2026-03-06T08:00:00
BKG-07473,FAR-473,TR-073,Nairobi,completed,Harvesting,14550.82,paid,2026-03-07T09:00:00
BKG-07474,FAR-474,TR-074,Embu,pending,Soil management,48796.38,pending,2026-03-08T10:00:00
BKG-07475,FAR-475,TR-075,Kiambu,cancelled,Land preparation,38059.66,void,2026-03-09T11:00:00
BKG-07476,FAR-476,TR-076,Machakos,completed,Planting,52659.48,paid,2026-03-10T12:00:00
BKG-07477,FAR-477,TR-077,Nakuru,completed,Weeding,41647.02,paid,2026-03-11T13:00:00
BKG-07478,FAR-478,TR-078,Nairobi,completed,Harvesting,47949.2,paid,2026-03-12T14:00:00
BKG-07479,FAR-479,TR-079,Embu,completed,Soil management,52660.14,paid,2026-03-13T15:00:00
BKG-07480,FAR-480,TR-080,Kiambu,pending,Land preparation,15165.87,pending,2026-03-14T16:00:00
BKG-07481,FAR-481,TR-081,Machakos,cancelled,Planting,21326.15,void,2026-03-15T17:00:00
BKG-07482,FAR-482,TR-082,Nakuru,completed,Weeding,41402.24,paid,2026-03-16T18:00:00
BKG-07483,FAR-483,TR-083,Nairobi,completed,Harvesting,13303.94,paid,2026-03-17T19:00:00
BKG-07484,FAR-484,TR-084,Embu,completed,Soil management,48631.7,paid,2026-03-18T20:00:00
BKG-07485,FAR-485,TR-085,Kiambu,completed,Land preparation,37959.87,paid,2026-03-19T21:00:00
BKG-07486,FAR-486,TR-086,Machakos,pending,Planting,13894.99,pending,2026-03-20T22:00:00
BKG-07487,FAR-487,TR-087,Nakuru,cancelled,Weeding,37876.0,void,2026-03-21T23:00:00
BKG-07488,FAR-488,TR-088,Nairobi,completed,Harvesting,36752.42,paid,2026-03-22T00:00:00
BKG-07489,FAR-489,TR-089,Embu,completed,Soil management,48259.76,paid,2026-03-23T01:00:00
BKG-07490,FAR-490,TR-090,Kiambu,completed,Land preparation,26589.9,paid,2026-03-24T02:00:00
BKG-07491,FAR-491,TR-091,Machakos,completed,Planting,48084.76,paid,2026-03-25T03:00:00
BKG-07492,FAR-492,TR-092,Nakuru,pending,Weeding,33309.0,pending,2026-03-26T04:00:00
BKG-07493,FAR-493,TR-093,Nairobi,cancelled,Harvesting,22995.65,void,2026-03-27T05:00:00
BKG-07494,FAR-494,TR-094,Embu,completed,Soil management,51041.19,paid,2026-03-28T06:00:00
BKG-07495,FAR-495,TR-095,Kiambu,completed,Land preparation,35567.83,paid,2026-03-29T07:00:00
BKG-07496,FAR-496,TR-096,Machakos,completed,Planting,19013.79,paid,2026-03-30T08:00:00
BKG-07497,FAR-497,TR-097,Nakuru,completed,Weeding,20621.22,paid,2026-03-31T09:00:00
BKG-07498,FAR-498,TR-098,Nairobi,pending,Harvesting,29069.18,pending,2026-04-01T10:00:00
BKG-07499,FAR-499,TR-099,Embu,cancelled,Soil management,49636.46,void,2026-04-02T11:00:00
BKG-07500,FAR-500,TR-100,Kiambu,completed,Land preparation,43851.04,paid,2026-04-03T12:00:00
BKG-07501,FAR-001,TR-001,Machakos,completed,Planting,47800.28,paid,2026-04-04T13:00:00
BKG-07502,FAR-002,TR-002,Nakuru,completed,Weeding,49657.34,paid,2026-04-05T14:00:00
BKG-07503,FAR-003,TR-003,Nairobi,completed,Harvesting,25837.65,pending,2026-04-06T15:00:00
BKG-07504,FAR-004,TR-004,Embu,pending,Soil management,26909.01,pending,2026-04-07T16:00:00
BKG-07505,FAR-005,TR-005,Kiambu,cancelled,Land preparation,22038.9,void,2026-04-08T17:00:00
BKG-07506,FAR-006,TR-006,Machakos,completed,Planting,37761.54,paid,2026-04-09T18:00:00
BKG-07507,FAR-007,TR-007,Nakuru,completed,Weeding,51086.59,pending,2026-04-10T19:00:00
BKG-07508,FAR-008,TR-008,Nairobi,completed,Harvesting,46956.75,paid,2026-04-11T20:00:00
BKG-07509,FAR-009,TR-009,Embu,completed,Soil management,34231.14,paid,2026-04-12T21:00:00
BKG-07510,FAR-010,TR-010,Kiambu,pending,Land preparation,29270.29,pending,2026-04-13T22:00:00
BKG-07511,FAR-011,TR-011,Machakos,cancelled,Planting,34227.04,void,2026-04-14T23:00:00
BKG-07512,FAR-012,TR-012,Nakuru,completed,Weeding,26091.77,pending,2026-04-15T00:00:00
BKG-07513,FAR-013,TR-013,Nairobi,completed,Harvesting,10368.79,paid,2026-04-16T01:00:00
BKG-07514,FAR-014,TR-014,Embu,completed,Soil management,51686.64,paid,2026-04-17T02:00:00
BKG-07515,FAR-015,TR-015,Kiambu,completed,Land preparation,32803.89,paid,2026-04-18T03:00:00
BKG-07516,FAR-016,TR-016,Machakos,pending,Planting,52934.92,pending,2026-04-19T04:00:00
BKG-07517,FAR-017,TR-017,Nakuru,cancelled,Weeding,15108.88,void,2026-04-20T05:00:00
BKG-07518,FAR-018,TR-018,Nairobi,completed,Harvesting,26414.63,paid,2026-04-21T06:00:00
BKG-07519,FAR-019,TR-019,Embu,completed,Soil management,9964.46,paid,2026-04-22T07:00:00
BKG-07520,FAR-020,TR-020,Kiambu,completed,Land preparation,46698.7,paid,2026-04-23T08:00:00
BKG-07521,FAR-021,TR-021,Machakos,completed,Planting,31852.67,paid,2026-04-24T09:00:00
BKG-07522,FAR-022,TR-022,Nakuru,pending,Weeding,22521.76,pending,2026-04-25T10:00:00
BKG-07523,FAR-023,TR-023,Nairobi,cancelled,Harvesting,15050.45,void,2026-04-26T11:00:00
BKG-07524,FAR-024,TR-024,Embu,completed,Soil management,25287.48,pending,2026-04-27T12:00:00
BKG-07525,FAR-025,TR-025,Kiambu,completed,Land preparation,48090.03,paid,2026-04-28T13:00:00
BKG-07526,FAR-026,TR-026,Machakos,completed,Planting,35901.47,paid,2026-04-29T14:00:00
BKG-07527,FAR-027,TR-027,Nakuru,completed,Weeding,43238.09,paid,2026-04-30T15:00:00
BKG-07528,FAR-028,TR-028,Nairobi,pending,Harvesting,23316.4,pending,2026-05-01T16:00:00
BKG-07529,FAR-029,TR-029,Embu,cancelled,Soil management,42071.81,void,2026-05-02T17:00:00
BKG-07530,FAR-030,TR-030,Kiambu,completed,Land preparation,15623.17,paid,2026-05-03T18:00:00
BKG-07531,FAR-031,TR-031,Machakos,completed,Planting,24752.81,paid,2026-05-04T19:00:00
BKG-07532,FAR-032,TR-032,Nakuru,completed,Weeding,18608.49,paid,2026-05-05T20:00:00
BKG-07533,FAR-033,TR-033,Nairobi,completed,Harvesting,20088.36,paid,2026-05-06T21:00:00
BKG-07534,FAR-034,TR-034,Embu,pending,Soil management,16237.85,pending,2026-05-07T22:00:00
BKG-07535,FAR-035,TR-035,Kiambu,cancelled,Land preparation,53648.5,void,2026-05-08T23:00:00
BKG-07536,FAR-036,TR-036,Machakos,completed,Planting,51588.79,paid,2026-05-09T00:00:00
BKG-07537,FAR-037,TR-037,Nakuru,completed,Weeding,42833.36,pending,2026-05-10T01:00:00
BKG-07538,FAR-038,TR-038,Nairobi,completed,Harvesting,19022.2,paid,2026-05-11T02:00:00
BKG-07539,FAR-039,TR-039,Embu,completed,Soil management,30980.12,paid,2026-05-12T03:00:00
BKG-07540,FAR-040,TR-040,Kiambu,pending,Land preparation,47727.63,pending,2026-05-13T04:00:00
BKG-07541,FAR-041,TR-041,Machakos,cancelled,Planting,20933.84,void,2026-05-14T05:00:00
BKG-07542,FAR-042,TR-042,Nakuru,completed,Weeding,52284.48,paid,2026-05-15T06:00:00
BKG-07543,FAR-043,TR-043,Nairobi,completed,Harvesting,12561.67,paid,2026-05-16T07:00:00
BKG-07544,FAR-044,TR-044,Embu,completed,Soil management,14076.12,paid,2026-05-17T08:00:00
BKG-07545,FAR-045,TR-045,Kiambu,completed,Land preparation,20505.4,paid,2026-05-18T09:00:00
BKG-07546,FAR-046,TR-046,Machakos,pending,Planting,34260.54,pending,2026-05-19T10:00:00
BKG-07547,FAR-047,TR-047,Nakuru,cancelled,Weeding,53863.38,void,2026-05-20T11:00:00
BKG-07548,FAR-048,TR-048,Nairobi,completed,Harvesting,31796.25,paid,2026-05-21T12:00:00
BKG-07549,FAR-049,TR-049,Embu,completed,Soil management,36384.27,paid,2026-05-22T13:00:00
BKG-07550,FAR-050,TR-050,Kiambu,completed,Land preparation,30412.57,paid,2026-05-23T14:00:00
BKG-07551,FAR-051,TR-051,Machakos,completed,Planting,19787.82,paid,2026-05-24T15:00:00
BKG-07552,FAR-052,TR-052,Nakuru,pending,Weeding,20499.47,pending,2026-05-25T16:00:00
BKG-07553,FAR-053,TR-053,Nairobi,cancelled,Harvesting,34529.24,void,2026-05-26T17:00:00
BKG-07554,FAR-054,TR-054,Embu,completed,Soil management,44783.24,paid,2026-05-27T18:00:00
BKG-07555,FAR-055,TR-055,Kiambu,completed,Land preparation,25057.69,paid,2026-05-28T19:00:00
BKG-07556,FAR-056,TR-056,Machakos,completed,Planting,23254.26,paid,2026-05-29T20:00:00
BKG-07557,FAR-057,TR-057,Nakuru,completed,Weeding,38143.89,paid,2026-05-30T21:00:00
BKG-07558,FAR-058,TR-058,Nairobi,pending,Harvesting,16033.42,pending,2026-05-31T22:00:00
BKG-07559,FAR-059,TR-059,Embu,cancelled,Soil management,20849.56,void,2026-06-01T23:00:00
BKG-07560,FAR-060,TR-060,Kiambu,completed,Land preparation,25540.26,paid,2026-06-02T00:00:00
BKG-07561,FAR-061,TR-061,Machakos,completed,Planting,52222.57,paid,2026-06-03T01:00:00
BKG-07562,FAR-062,TR-062,Nakuru,completed,Weeding,36018.87,paid,2026-06-04T02:00:00
BKG-07563,FAR-063,TR-063,Nairobi,completed,Harvesting,48059.92,paid,2026-06-05T03:00:00
BKG-07564,FAR-064,TR-064,Embu,pending,Soil management,10364.55,pending,2026-06-06T04:00:00
BKG-07565,FAR-065,TR-065,Kiambu,cancelled,Land preparation,13051.65,void,2026-06-07T05:00:00
BKG-07566,FAR-066,TR-066,Machakos,completed,Planting,51538.47,paid,2026-06-08T06:00:00
BKG-07567,FAR-067,TR-067,Nakuru,completed,Weeding,53477.15,paid,2026-06-09T07:00:00
BKG-07568,FAR-068,TR-068,Nairobi,completed,Harvesting,44430.6,paid,2026-06-10T08:00:00
BKG-07569,FAR-069,TR-069,Embu,completed,Soil management,31662.84,paid,2026-06-11T09:00:00
BKG-07570,FAR-070,TR-070,Kiambu,pending,Land preparation,45496.16,pending,2026-06-12T10:00:00
BKG-07571,FAR-071,TR-071,Machakos,cancelled,Planting,20997.46,void,2026-06-13T11:00:00
BKG-07572,FAR-072,TR-072,Nakuru,completed,Weeding,33179.9,paid,2026-06-14T12:00:00
BKG-07573,FAR-073,TR-073,Nairobi,completed,Harvesting,9369.28,paid,2026-06-15T13:00:00
BKG-07574,FAR-074,TR-074,Embu,completed,Soil management,41185.22,paid,2026-06-16T14:00:00
BKG-07575,FAR-075,TR-075,Kiambu,completed,Land preparation,10598.85,paid,2026-06-17T15:00:00
BKG-07576,FAR-076,TR-076,Machakos,pending,Planting,38908.65,pending,2026-06-18T16:00:00
BKG-07577,FAR-077,TR-077,Nakuru,cancelled,Weeding,34558.55,void,2026-06-19T17:00:00
BKG-07578,FAR-078,TR-078,Nairobi,completed,Harvesting,11712.34,paid,2026-06-20T18:00:00
BKG-07579,FAR-079,TR-079,Embu,completed,Soil management,41459.35,paid,2026-06-21T19:00:00
BKG-07580,FAR-080,TR-080,Kiambu,completed,Land preparation,33577.23,paid,2026-06-22T20:00:00
BKG-07581,FAR-081,TR-081,Machakos,completed,Planting,25274.11,paid,2026-06-23T21:00:00
BKG-07582,FAR-082,TR-082,Nakuru,pending,Weeding,12198.91,pending,2026-06-24T22:00:00
BKG-07583,FAR-083,TR-083,Nairobi,cancelled,Harvesting,36824.81,void,2026-06-25T23:00:00
BKG-07584,FAR-084,TR-084,Embu,completed,Soil management,16386.17,paid,2026-06-26T00:00:00
BKG-07585,FAR-085,TR-085,Kiambu,completed,Land preparation,49549.22,paid,2026-06-27T01:00:00
BKG-07586,FAR-086,TR-086,Machakos,completed,Planting,34456.28,pending,2026-06-28T02:00:00
BKG-07587,FAR-087,TR-087,Nakuru,completed,Weeding,40625.34,pending,2026-06-29T03:00:00
BKG-07588,FAR-088,TR-088,Nairobi,pending,Harvesting,10110.15,pending,2026-06-30T04:00:00
BKG-07589,FAR-089,TR-089,Embu,cancelled,Soil management,17330.65,void,2026-07-01T05:00:00
BKG-07590,FAR-090,TR-090,Kiambu,completed,Land preparation,49574.62,paid,2026-07-02T06:00:00
BKG-07591,FAR-091,TR-091,Machakos,completed,Planting,16020.7,paid,2026-07-03T07:00:00
BKG-07592,FAR-092,TR-092,Nakuru,completed,Weeding,11096.68,paid,2026-07-04T08:00:00
BKG-07593,FAR-093,TR-093,Nairobi,completed,Harvesting,17832.52,paid,2026-07-05T09:00:00
BKG-07594,FAR-094,TR-094,Embu,pending,Soil management,22126.31,pending,2026-07-06T10:00:00
BKG-07595,FAR-095,TR-095,Kiambu,cancelled,Land preparation,13611.83,void,2026-07-07T11:00:00
BKG-07596,FAR-096,TR-096,Machakos,completed,Planting,10811.73,paid,2026-07-08T12:00:00
BKG-07597,FAR-097,TR-097,Nakuru,completed,Weeding,53931.08,paid,2026-07-09T13:00:00
BKG-07598,FAR-098,TR-098,Nairobi,completed,Harvesting,43255.82,pending,2026-07-10T14:00:00
BKG-07599,FAR-099,TR-099,Embu,completed,Soil management,33978.31,paid,2026-07-11T15:00:00
BKG-07600,FAR-100,TR-100,Kiambu,pending,Land preparation,53380.71,pending,2026-07-12T16:00:00
BKG-07601,FAR-101,TR-001,Machakos,cancelled,Planting,36620.03,void,2026-07-13T17:00:00
BKG-07602,FAR-102,TR-002,Nakuru,completed,Weeding,12314.81,paid,2026-07-14T18:00:00
BKG-07603,FAR-103,TR-003,Nairobi,completed,Harvesting,12744.59,paid,2026-07-15T19:00:00
BKG-07604,FAR-104,TR-004,Embu,completed,Soil management,25790.68,paid,2026-07-16T20:00:00
BKG-07605,FAR-105,TR-005,Kiambu,completed,Land preparation,42248.78,paid,2026-07-17T21:00:00
BKG-07606,FAR-106,TR-006,Machakos,pending,Planting,37178.2,pending,2026-07-18T22:00:00
BKG-07607,FAR-107,TR-007,Nakuru,cancelled,Weeding,34113.44,void,2026-07-19T23:00:00
BKG-07608,FAR-108,TR-008,Nairobi,completed,Harvesting,46041.29,paid,2026-07-20T00:00:00
BKG-07609,FAR-109,TR-009,Embu,completed,Soil management,12083.18,paid,2026-07-21T01:00:00
BKG-07610,FAR-110,TR-010,Kiambu,completed,Land preparation,27576.0,paid,2026-07-22T02:00:00
BKG-07611,FAR-111,TR-011,Machakos,completed,Planting,11161.01,paid,2026-07-23T03:00:00
BKG-07612,FAR-112,TR-012,Nakuru,pending,Weeding,13391.0,pending,2026-07-24T04:00:00
BKG-07613,FAR-113,TR-013,Nairobi,cancelled,Harvesting,35752.12,void,2026-07-25T05:00:00
BKG-07614,FAR-114,TR-014,Embu,completed,Soil management,42321.05,pending,2026-07-26T06:00:00
BKG-07615,FAR-115,TR-015,Kiambu,completed,Land preparation,49412.23,paid,2026-07-27T07:00:00
BKG-07616,FAR-116,TR-016,Machakos,completed,Planting,17043.81,pending,2026-07-28T08:00:00
BKG-07617,FAR-117,TR-017,Nakuru,completed,Weeding,20081.28,paid,2026-07-29T09:00:00
BKG-07618,FAR-118,TR-018,Nairobi,pending,Harvesting,31848.77,pending,2026-07-30T10:00:00
BKG-07619,FAR-119,TR-019,Embu,cancelled,Soil management,21621.85,void,2026-07-31T11:00:00
BKG-07620,FAR-120,TR-020,Kiambu,completed,Land preparation,50471.06,paid,2026-08-01T12:00:00
BKG-07621,FAR-121,TR-021,Machakos,completed,Planting,42061.59,paid,2026-08-02T13:00:00
BKG-07622,FAR-122,TR-022,Nakuru,completed,Weeding,35800.37,paid,2026-08-03T14:00:00
BKG-07623,FAR-123,TR-023,Nairobi,completed,Harvesting,11482.64,paid,2026-08-04T15:00:00
BKG-07624,FAR-124,TR-024,Embu,pending,Soil management,12828.09,pending,2026-08-05T16:00:00
BKG-07625,FAR-125,TR-025,Kiambu,cancelled,Land preparation,42553.49,void,2026-08-06T17:00:00
BKG-07626,FAR-126,TR-026,Machakos,completed,Planting,21642.96,paid,2026-08-07T18:00:00
BKG-07627,FAR-127,TR-027,Nakuru,completed,Weeding,47399.1,paid,2026-08-08T19:00:00
BKG-07628,FAR-128,TR-028,Nairobi,completed,Harvesting,18145.25,pending,2026-08-09T20:00:00
BKG-07629,FAR-129,TR-029,Embu,completed,Soil management,29659.47,paid,2026-08-10T21:00:00
BKG-07630,FAR-130,TR-030,Kiambu,pending,Land preparation,31337.03,pending,2026-08-11T22:00:00
BKG-07631,FAR-131,TR-031,Machakos,cancelled,Planting,52172.94,void,2026-08-12T23:00:00
BKG-07632,FAR-132,TR-032,Nakuru,completed,Weeding,19611.31,paid,2026-08-13T00:00:00
BKG-07633,FAR-133,TR-033,Nairobi,completed,Harvesting,28604.4,paid,2026-08-14T01:00:00
BKG-07634,FAR-134,TR-034,Embu,completed,Soil management,47536.21,paid,2026-08-15T02:00:00
BKG-07635,FAR-135,TR-035,Kiambu,completed,Land preparation,36526.18,paid,2026-08-16T03:00:00
BKG-07636,FAR-136,TR-036,Machakos,pending,Planting,44817.82,pending,2026-08-17T04:00:00
BKG-07637,FAR-137,TR-037,Nakuru,cancelled,Weeding,16394.49,void,2026-08-18T05:00:00
BKG-07638,FAR-138,TR-038,Nairobi,completed,Harvesting,27557.83,paid,2026-08-19T06:00:00
BKG-07639,FAR-139,TR-039,Embu,completed,Soil management,13668.85,paid,2026-08-20T07:00:00
BKG-07640,FAR-140,TR-040,Kiambu,completed,Land preparation,51745.99,paid,2026-08-21T08:00:00
BKG-07641,FAR-141,TR-041,Machakos,completed,Planting,45017.94,paid,2026-08-22T09:00:00
BKG-07642,FAR-142,TR-042,Nakuru,pending,Weeding,17246.91,pending,2026-08-23T10:00:00
BKG-07643,FAR-143,TR-043,Nairobi,cancelled,Harvesting,36612.46,void,2026-08-24T11:00:00
BKG-07644,FAR-144,TR-044,Embu,completed,Soil management,44468.03,paid,2026-08-25T12:00:00
BKG-07645,FAR-145,TR-045,Kiambu,completed,Land preparation,13397.01,paid,2026-08-26T13:00:00
BKG-07646,FAR-146,TR-046,Machakos,completed,Planting,31067.75,paid,2026-08-27T14:00:00
BKG-07647,FAR-147,TR-047,Nakuru,completed,Weeding,30147.12,paid,2026-08-28T15:00:00
BKG-07648,FAR-148,TR-048,Nairobi,pending,Harvesting,23523.97,pending,2026-08-29T16:00:00
BKG-07649,FAR-149,TR-049,Embu,cancelled,Soil management,20611.66,void,2026-08-30T17:00:00
BKG-07650,FAR-150,TR-050,Kiambu,completed,Land preparation,51728.63,paid,2026-08-31T18:00:00
BKG-07651,FAR-151,TR-051,Machakos,completed,Planting,10171.25,pending,2026-09-01T19:00:00
BKG-07652,FAR-152,TR-052,Nakuru,completed,Weeding,48733.96,paid,2026-09-02T20:00:00
BKG-07653,FAR-153,TR-053,Nairobi,completed,Harvesting,28381.58,paid,2026-09-03T21:00:00
BKG-07654,FAR-154,TR-054,Embu,pending,Soil management,49932.96,pending,2026-09-04T22:00:00
BKG-07655,FAR-155,TR-055,Kiambu,cancelled,Land preparation,47964.97,void,2026-09-05T23:00:00
BKG-07656,FAR-156,TR-056,Machakos,completed,Planting,50956.17,paid,2026-09-06T00:00:00
BKG-07657,FAR-157,TR-057,Nakuru,completed,Weeding,51203.24,paid,2026-09-07T01:00:00
BKG-07658,FAR-158,TR-058,Nairobi,completed,Harvesting,43769.53,paid,2026-09-08T02:00:00
BKG-07659,FAR-159,TR-059,Embu,completed,Soil management,41583.76,paid,2026-09-09T03:00:00
BKG-07660,FAR-160,TR-060,Kiambu,pending,Land preparation,18527.44,pending,2026-09-10T04:00:00
BKG-07661,FAR-161,TR-061,Machakos,cancelled,Planting,30394.28,void,2026-09-11T05:00:00
BKG-07662,FAR-162,TR-062,Nakuru,completed,Weeding,14234.44,pending,2026-09-12T06:00:00
BKG-07663,FAR-163,TR-063,Nairobi,completed,Harvesting,35520.21,pending,2026-09-13T07:00:00
BKG-07664,FAR-164,TR-064,Embu,completed,Soil management,45816.47,paid,2026-09-14T08:00:00
BKG-07665,FAR-165,TR-065,Kiambu,completed,Land preparation,49668.24,pending,2025-09-15T09:00:00
BKG-07666,FAR-166,TR-066,Machakos,pending,Planting,39371.62,pending,2025-09-16T10:00:00
BKG-07667,FAR-167,TR-067,Nakuru,cancelled,Weeding,21955.32,void,2025-09-17T11:00:00
BKG-07668,FAR-168,TR-068,Nairobi,completed,Harvesting,23785.92,paid,2025-09-18T12:00:00
BKG-07669,FAR-169,TR-069,Embu,completed,Soil management,11319.89,paid,2025-09-19T13:00:00
BKG-07670,FAR-170,TR-070,Kiambu,completed,Land preparation,39150.5,paid,2025-09-20T14:00:00
BKG-07671,FAR-171,TR-071,Machakos,completed,Planting,21885.14,paid,2025-09-21T15:00:00
BKG-07672,FAR-172,TR-072,Nakuru,pending,Weeding,33733.67,pending,2025-09-22T16:00:00
BKG-07673,FAR-173,TR-073,Nairobi,cancelled,Harvesting,35739.39,void,2025-09-23T17:00:00
BKG-07674,FAR-174,TR-074,Embu,completed,Soil management,23786.75,paid,2025-09-24T18:00:00
BKG-07675,FAR-175,TR-075,Kiambu,completed,Land preparation,24203.7,paid,2025-09-25T19:00:00
BKG-07676,FAR-176,TR-076,Machakos,completed,Planting,32688.47,paid,2025-09-26T20:00:00
BKG-07677,FAR-177,TR-077,Nakuru,completed,Weeding,16553.13,paid,2025-09-27T21:00:00
BKG-07678,FAR-178,TR-078,Nairobi,pending,Harvesting,51903.2,pending,2025-09-28T22:00:00
BKG-07679,FAR-179,TR-079,Embu,cancelled,Soil management,17368.0,void,2025-09-29T23:00:00
BKG-07680,FAR-180,TR-080,Kiambu,completed,Land preparation,42306.98,paid,2025-09-30T00:00:00
BKG-07681,FAR-181,TR-081,Machakos,completed,Planting,41892.15,paid,2025-10-01T01:00:00
BKG-07682,FAR-182,TR-082,Nakuru,completed,Weeding,40277.02,pending,2025-10-02T02:00:00
BKG-07683,FAR-183,TR-083,Nairobi,completed,Harvesting,17369.42,paid,2025-10-03T03:00:00
BKG-07684,FAR-184,TR-084,Embu,pending,Soil management,12195.93,pending,2025-10-04T04:00:00
BKG-07685,FAR-185,TR-085,Kiambu,cancelled,Land preparation,19314.86,void,2025-10-05T05:00:00
BKG-07686,FAR-186,TR-086,Machakos,completed,Planting,26084.04,paid,2025-10-06T06:00:00
BKG-07687,FAR-187,TR-087,Nakuru,completed,Weeding,21452.93,paid,2025-10-07T07:00:00
BKG-07688,FAR-188,TR-088,Nairobi,completed,Harvesting,34157.64,pending,2025-10-08T08:00:00
BKG-07689,FAR-189,TR-089,Embu,completed,Soil management,45650.5,paid,2025-10-09T09:00:00
BKG-07690,FAR-190,TR-090,Kiambu,pending,Land preparation,11506.07,pending,2025-10-10T10:00:00
BKG-07691,FAR-191,TR-091,Machakos,cancelled,Planting,20125.66,void,2025-10-11T11:00:00
BKG-07692,FAR-192,TR-092,Nakuru,completed,Weeding,17635.59,paid,2025-10-12T12:00:00
BKG-07693,FAR-193,TR-093,Nairobi,completed,Harvesting,19537.86,paid,2025-10-13T13:00:00
BKG-07694,FAR-194,TR-094,Embu,completed,Soil management,52136.7,paid,2025-10-14T14:00:00
BKG-07695,FAR-195,TR-095,Kiambu,completed,Land preparation,44531.9,paid,2025-10-15T15:00:00
BKG-07696,FAR-196,TR-096,Machakos,pending,Planting,36757.67,pending,2025-10-16T16:00:00
BKG-07697,FAR-197,TR-097,Nakuru,cancelled,Weeding,12445.42,void,2025-10-17T17:00:00
BKG-07698,FAR-198,TR-098,Nairobi,completed,Harvesting,14484.2,paid,2025-10-18T18:00:00
BKG-07699,FAR-199,TR-099,Embu,completed,Soil management,31756.38,paid,2025-10-19T19:00:00
BKG-07700,FAR-200,TR-100,Kiambu,completed,Land preparation,27583.86,paid,2025-10-20T20:00:00
BKG-07701,FAR-201,TR-001,Machakos,completed,Planting,23498.75,paid,2025-10-21T21:00:00
BKG-07702,FAR-202,TR-002,Nakuru,pending,Weeding,17294.35,pending,2025-10-22T22:00:00
BKG-07703,FAR-203,TR-003,Nairobi,cancelled,Harvesting,42612.93,void,2025-10-23T23:00:00
BKG-07704,FAR-204,TR-004,Embu,completed,Soil management,39658.46,pending,2025-10-24T00:00:00
BKG-07705,FAR-205,TR-005,Kiambu,completed,Land preparation,25783.08,paid,2025-10-25T01:00:00
BKG-07706,FAR-206,TR-006,Machakos,completed,Planting,42371.55,paid,2025-10-26T02:00:00
BKG-07707,FAR-207,TR-007,Nakuru,completed,Weeding,23705.49,paid,2025-10-27T03:00:00
BKG-07708,FAR-208,TR-008,Nairobi,pending,Harvesting,19749.47,pending,2025-10-28T04:00:00
BKG-07709,FAR-209,TR-009,Embu,cancelled,Soil management,47666.86,void,2025-10-29T05:00:00
BKG-07710,FAR-210,TR-010,Kiambu,completed,Land preparation,27394.38,paid,2025-10-30T06:00:00
BKG-07711,FAR-211,TR-011,Machakos,completed,Planting,26837.1,paid,2025-10-31T07:00:00
BKG-07712,FAR-212,TR-012,Nakuru,completed,Weeding,48031.05,paid,2025-11-01T08:00:00
BKG-07713,FAR-213,TR-013,Nairobi,completed,Harvesting,20406.4,paid,2025-11-02T09:00:00
BKG-07714,FAR-214,TR-014,Embu,pending,Soil management,47355.97,pending,2025-11-03T10:00:00
BKG-07715,FAR-215,TR-015,Kiambu,cancelled,Land preparation,53651.88,void,2025-11-04T11:00:00
BKG-07716,FAR-216,TR-016,Machakos,completed,Planting,13095.13,paid,2025-11-05T12:00:00
BKG-07717,FAR-217,TR-017,Nakuru,completed,Weeding,50017.38,paid,2025-11-06T13:00:00
BKG-07718,FAR-218,TR-018,Nairobi,completed,Harvesting,21937.39,paid,2025-11-07T14:00:00
BKG-07719,FAR-219,TR-019,Embu,completed,Soil management,12592.94,paid,2025-11-08T15:00:00
BKG-07720,FAR-220,TR-020,Kiambu,pending,Land preparation,30378.41,pending,2025-11-09T16:00:00
BKG-07721,FAR-221,TR-021,Machakos,cancelled,Planting,41393.96,void,2025-11-10T17:00:00
BKG-07722,FAR-222,TR-022,Nakuru,completed,Weeding,41167.43,paid,2025-11-11T18:00:00
BKG-07723,FAR-223,TR-023,Nairobi,completed,Harvesting,49139.54,paid,2025-11-12T19:00:00
BKG-07724,FAR-224,TR-024,Embu,completed,Soil management,32645.61,paid,2025-11-13T20:00:00
BKG-07725,FAR-225,TR-025,Kiambu,completed,Land preparation,9616.58,paid,2025-11-14T21:00:00
BKG-07726,FAR-226,TR-026,Machakos,pending,Planting,49005.68,pending,2025-11-15T22:00:00
BKG-07727,FAR-227,TR-027,Nakuru,cancelled,Weeding,25840.4,void,2025-11-16T23:00:00
BKG-07728,FAR-228,TR-028,Nairobi,completed,Harvesting,53625.12,paid,2025-11-17T00:00:00
BKG-07729,FAR-229,TR-029,Embu,completed,Soil management,44283.6,paid,2025-11-18T01:00:00
BKG-07730,FAR-230,TR-030,Kiambu,completed,Land preparation,44575.14,paid,2025-11-19T02:00:00
BKG-07731,FAR-231,TR-031,Machakos,completed,Planting,45129.06,paid,2025-11-20T03:00:00
BKG-07732,FAR-232,TR-032,Nakuru,pending,Weeding,40515.54,pending,2025-11-21T04:00:00
BKG-07733,FAR-233,TR-033,Nairobi,cancelled,Harvesting,32116.54,void,2025-11-22T05:00:00
BKG-07734,FAR-234,TR-034,Embu,completed,Soil management,22932.28,pending,2025-11-23T06:00:00
BKG-07735,FAR-235,TR-035,Kiambu,completed,Land preparation,44626.74,paid,2025-11-24T07:00:00
BKG-07736,FAR-236,TR-036,Machakos,completed,Planting,41089.4,paid,2025-11-25T08:00:00
BKG-07737,FAR-237,TR-037,Nakuru,completed,Weeding,17478.73,paid,2025-11-26T09:00:00
BKG-07738,FAR-238,TR-038,Nairobi,pending,Harvesting,33253.78,pending,2025-11-27T10:00:00
BKG-07739,FAR-239,TR-039,Embu,cancelled,Soil management,34163.61,void,2025-11-28T11:00:00
BKG-07740,FAR-240,TR-040,Kiambu,completed,Land preparation,22471.44,paid,2025-11-29T12:00:00
BKG-07741,FAR-241,TR-041,Machakos,completed,Planting,49237.04,pending,2025-11-30T13:00:00
BKG-07742,FAR-242,TR-042,Nakuru,completed,Weeding,14644.22,pending,2025-12-01T14:00:00
BKG-07743,FAR-243,TR-043,Nairobi,completed,Harvesting,9936.63,pending,2025-12-02T15:00:00
BKG-07744,FAR-244,TR-044,Embu,pending,Soil management,37905.45,pending,2025-12-03T16:00:00
BKG-07745,FAR-245,TR-045,Kiambu,cancelled,Land preparation,48099.71,void,2025-12-04T17:00:00
BKG-07746,FAR-246,TR-046,Machakos,completed,Planting,32956.84,pending,2025-12-05T18:00:00
BKG-07747,FAR-247,TR-047,Nakuru,completed,Weeding,39387.13,paid,2025-12-06T19:00:00
BKG-07748,FAR-248,TR-048,Nairobi,completed,Harvesting,10802.66,paid,2025-12-07T20:00:00
BKG-07749,FAR-249,TR-049,Embu,completed,Soil management,20699.21,paid,2025-12-08T21:00:00
BKG-07750,FAR-250,TR-050,Kiambu,pending,Land preparation,39893.34,pending,2025-12-09T22:00:00
BKG-07751,FAR-251,TR-051,Machakos,cancelled,Planting,12158.86,void,2025-12-10T23:00:00
BKG-07752,FAR-252,TR-052,Nakuru,completed,Weeding,10020.77,paid,2025-12-11T00:00:00
BKG-07753,FAR-253,TR-053,Nairobi,completed,Harvesting,28004.83,paid,2025-12-12T01:00:00
BKG-07754,FAR-254,TR-054,Embu,completed,Soil management,36836.02,pending,2025-12-13T02:00:00
BKG-07755,FAR-255,TR-055,Kiambu,completed,Land preparation,39411.52,paid,2025-12-14T03:00:00
BKG-07756,FAR-256,TR-056,Machakos,pending,Planting,41607.24,pending,2025-12-15T04:00:00
BKG-07757,FAR-257,TR-057,Nakuru,cancelled,Weeding,40625.28,void,2025-12-16T05:00:00
BKG-07758,FAR-258,TR-058,Nairobi,completed,Harvesting,31024.74,paid,2025-12-17T06:00:00
BKG-07759,FAR-259,TR-059,Embu,completed,Soil management,47270.17,paid,2025-12-18T07:00:00
BKG-07760,FAR-260,TR-060,Kiambu,completed,Land preparation,38673.66,paid,2025-12-19T08:00:00
BKG-07761,FAR-261,TR-061,Machakos,completed,Planting,49614.39,paid,2025-12-20T09:00:00
BKG-07762,FAR-262,TR-062,Nakuru,pending,Weeding,24369.15,pending,2025-12-21T10:00:00
BKG-07763,FAR-263,TR-063,Nairobi,cancelled,Harvesting,20882.8,void,2025-12-22T11:00:00
BKG-07764,FAR-264,TR-064,Embu,completed,Soil management,38717.11,paid,2025-12-23T12:00:00
BKG-07765,FAR-265,TR-065,Kiambu,completed,Land preparation,43706.47,pending,2025-12-24T13:00:00
BKG-07766,FAR-266,TR-066,Machakos,completed,Planting,20684.11,paid,2025-12-25T14:00:00
BKG-07767,FAR-267,TR-067,Nakuru,completed,Weeding,23344.3,paid,2025-12-26T15:00:00
BKG-07768,FAR-268,TR-068,Nairobi,pending,Harvesting,33871.41,pending,2025-12-27T16:00:00
BKG-07769,FAR-269,TR-069,Embu,cancelled,Soil management,27693.26,void,2025-12-28T17:00:00
BKG-07770,FAR-270,TR-070,Kiambu,completed,Land preparation,51993.98,paid,2025-12-29T18:00:00
BKG-07771,FAR-271,TR-071,Machakos,completed,Planting,29970.32,paid,2025-12-30T19:00:00
BKG-07772,FAR-272,TR-072,Nakuru,completed,Weeding,31658.61,paid,2025-12-31T20:00:00
BKG-07773,FAR-273,TR-073,Nairobi,completed,Harvesting,35974.03,paid,2026-01-01T21:00:00
BKG-07774,FAR-274,TR-074,Embu,pending,Soil management,52798.39,pending,2026-01-02T22:00:00
BKG-07775,FAR-275,TR-075,Kiambu,cancelled,Land preparation,33848.43,void,2026-01-03T23:00:00
BKG-07776,FAR-276,TR-076,Machakos,completed,Planting,27750.15,paid,2026-01-04T00:00:00
BKG-07777,FAR-277,TR-077,Nakuru,completed,Weeding,46512.58,paid,2026-01-05T01:00:00
BKG-07778,FAR-278,TR-078,Nairobi,completed,Harvesting,23356.05,pending,2026-01-06T02:00:00
BKG-07779,FAR-279,TR-079,Embu,completed,Soil management,35277.94,paid,2026-01-07T03:00:00
BKG-07780,FAR-280,TR-080,Kiambu,pending,Land preparation,43586.34,pending,2026-01-08T04:00:00
BKG-07781,FAR-281,TR-081,Machakos,cancelled,Planting,11037.03,void,2026-01-09T05:00:00
BKG-07782,FAR-282,TR-082,Nakuru,completed,Weeding,42407.15,paid,2026-01-10T06:00:00
BKG-07783,FAR-283,TR-083,Nairobi,completed,Harvesting,40218.24,paid,2026-01-11T07:00:00
BKG-07784,FAR-284,TR-084,Embu,completed,Soil management,36795.94,paid,2026-01-12T08:00:00
BKG-07785,FAR-285,TR-085,Kiambu,completed,Land preparation,49138.07,paid,2026-01-13T09:00:00
BKG-07786,FAR-286,TR-086,Machakos,pending,Planting,9550.12,pending,2026-01-14T10:00:00
BKG-07787,FAR-287,TR-087,Nakuru,cancelled,Weeding,27578.5,void,2026-01-15T11:00:00
BKG-07788,FAR-288,TR-088,Nairobi,completed,Harvesting,16544.07,paid,2026-01-16T12:00:00
BKG-07789,FAR-289,TR-089,Embu,completed,Soil management,19726.77,paid,2026-01-17T13:00:00
BKG-07790,FAR-290,TR-090,Kiambu,completed,Land preparation,41891.8,paid,2026-01-18T14:00:00
BKG-07791,FAR-291,TR-091,Machakos,completed,Planting,41504.19,paid,2026-01-19T15:00:00
BKG-07792,FAR-292,TR-092,Nakuru,pending,Weeding,23915.66,pending,2026-01-20T16:00:00
BKG-07793,FAR-293,TR-093,Nairobi,cancelled,Harvesting,18656.66,void,2026-01-21T17:00:00
BKG-07794,FAR-294,TR-094,Embu,completed,Soil management,25244.6,paid,2026-01-22T18:00:00
BKG-07795,FAR-295,TR-095,Kiambu,completed,Land preparation,37069.52,paid,2026-01-23T19:00:00
BKG-07796,FAR-296,TR-096,Machakos,completed,Planting,53831.2,paid,2026-01-24T20:00:00
BKG-07797,FAR-297,TR-097,Nakuru,completed,Weeding,41413.65,paid,2026-01-25T21:00:00
BKG-07798,FAR-298,TR-098,Nairobi,pending,Harvesting,42984.39,pending,2026-01-26T22:00:00
BKG-07799,FAR-299,TR-099,Embu,cancelled,Soil management,10795.87,void,2026-01-27T23:00:00
BKG-07800,FAR-300,TR-100,Kiambu,completed,Land preparation,23053.29,paid,2026-01-28T00:00:00
BKG-07801,FAR-301,TR-001,Machakos,completed,Planting,46925.51,paid,2026-01-29T01:00:00
BKG-07802,FAR-302,TR-002,Nakuru,completed,Weeding,50547.81,paid,2026-01-30T02:00:00
BKG-07803,FAR-303,TR-003,Nairobi,completed,Harvesting,45478.71,paid,2026-01-31T03:00:00
BKG-07804,FAR-304,TR-004,Embu,pending,Soil management,26048.6,pending,2026-02-01T04:00:00
BKG-07805,FAR-305,TR-005,Kiambu,cancelled,Land preparation,11203.27,void,2026-02-02T05:00:00
BKG-07806,FAR-306,TR-006,Machakos,completed,Planting,10207.28,paid,2026-02-03T06:00:00
BKG-07807,FAR-307,TR-007,Nakuru,completed,Weeding,49980.23,pending,2026-02-04T07:00:00
BKG-07808,FAR-308,TR-008,Nairobi,completed,Harvesting,18016.83,paid,2026-02-05T08:00:00
BKG-07809,FAR-309,TR-009,Embu,completed,Soil management,37914.42,paid,2026-02-06T09:00:00
BKG-07810,FAR-310,TR-010,Kiambu,pending,Land preparation,52146.18,pending,2026-02-07T10:00:00
BKG-07811,FAR-311,TR-011,Machakos,cancelled,Planting,39994.07,void,2026-02-08T11:00:00
BKG-07812,FAR-312,TR-012,Nakuru,completed,Weeding,20850.39,paid,2026-02-09T12:00:00
BKG-07813,FAR-313,TR-013,Nairobi,completed,Harvesting,36510.86,paid,2026-02-10T13:00:00
BKG-07814,FAR-314,TR-014,Embu,completed,Soil management,39134.63,paid,2026-02-11T14:00:00
BKG-07815,FAR-315,TR-015,Kiambu,completed,Land preparation,40145.26,paid,2026-02-12T15:00:00
BKG-07816,FAR-316,TR-016,Machakos,pending,Planting,49254.31,pending,2026-02-13T16:00:00
BKG-07817,FAR-317,TR-017,Nakuru,cancelled,Weeding,21317.43,void,2026-02-14T17:00:00
BKG-07818,FAR-318,TR-018,Nairobi,completed,Harvesting,26861.86,pending,2026-02-15T18:00:00
BKG-07819,FAR-319,TR-019,Embu,completed,Soil management,13452.79,paid,2026-02-16T19:00:00
BKG-07820,FAR-320,TR-020,Kiambu,completed,Land preparation,29000.31,paid,2026-02-17T20:00:00
BKG-07821,FAR-321,TR-021,Machakos,completed,Planting,42945.84,paid,2026-02-18T21:00:00
BKG-07822,FAR-322,TR-022,Nakuru,pending,Weeding,27299.99,pending,2026-02-19T22:00:00
BKG-07823,FAR-323,TR-023,Nairobi,cancelled,Harvesting,51292.65,void,2026-02-20T23:00:00
BKG-07824,FAR-324,TR-024,Embu,completed,Soil management,35166.24,paid,2026-02-21T00:00:00
BKG-07825,FAR-325,TR-025,Kiambu,completed,Land preparation,16729.68,paid,2026-02-22T01:00:00
BKG-07826,FAR-326,TR-026,Machakos,completed,Planting,28368.99,paid,2026-02-23T02:00:00
BKG-07827,FAR-327,TR-027,Nakuru,completed,Weeding,35988.28,paid,2026-02-24T03:00:00
BKG-07828,FAR-328,TR-028,Nairobi,pending,Harvesting,50921.93,pending,2026-02-25T04:00:00
BKG-07829,FAR-329,TR-029,Embu,cancelled,Soil management,11033.35,void,2026-02-26T05:00:00
BKG-07830,FAR-330,TR-030,Kiambu,completed,Land preparation,37056.67,paid,2026-02-27T06:00:00
BKG-07831,FAR-331,TR-031,Machakos,completed,Planting,11800.82,paid,2026-02-28T07:00:00
BKG-07832,FAR-332,TR-032,Nakuru,completed,Weeding,34672.2,paid,2026-03-01T08:00:00
BKG-07833,FAR-333,TR-033,Nairobi,completed,Harvesting,18378.88,paid,2026-03-02T09:00:00
BKG-07834,FAR-334,TR-034,Embu,pending,Soil management,26346.11,pending,2026-03-03T10:00:00
BKG-07835,FAR-335,TR-035,Kiambu,cancelled,Land preparation,50137.48,void,2026-03-04T11:00:00
BKG-07836,FAR-336,TR-036,Machakos,completed,Planting,11685.08,paid,2026-03-05T12:00:00
BKG-07837,FAR-337,TR-037,Nakuru,completed,Weeding,42819.34,paid,2026-03-06T13:00:00
BKG-07838,FAR-338,TR-038,Nairobi,completed,Harvesting,44041.25,paid,2026-03-07T14:00:00
BKG-07839,FAR-339,TR-039,Embu,completed,Soil management,46605.6,paid,2026-03-08T15:00:00
BKG-07840,FAR-340,TR-040,Kiambu,pending,Land preparation,44173.99,pending,2026-03-09T16:00:00
BKG-07841,FAR-341,TR-041,Machakos,cancelled,Planting,35139.95,void,2026-03-10T17:00:00
BKG-07842,FAR-342,TR-042,Nakuru,completed,Weeding,12177.78,paid,2026-03-11T18:00:00
BKG-07843,FAR-343,TR-043,Nairobi,completed,Harvesting,21626.52,paid,2026-03-12T19:00:00
BKG-07844,FAR-344,TR-044,Embu,completed,Soil management,39961.37,paid,2026-03-13T20:00:00
BKG-07845,FAR-345,TR-045,Kiambu,completed,Land preparation,51664.37,paid,2026-03-14T21:00:00
BKG-07846,FAR-346,TR-046,Machakos,pending,Planting,45353.52,pending,2026-03-15T22:00:00
BKG-07847,FAR-347,TR-047,Nakuru,cancelled,Weeding,26941.57,void,2026-03-16T23:00:00
BKG-07848,FAR-348,TR-048,Nairobi,completed,Harvesting,39416.3,pending,2026-03-17T00:00:00
BKG-07849,FAR-349,TR-049,Embu,completed,Soil management,35722.81,paid,2026-03-18T01:00:00
BKG-07850,FAR-350,TR-050,Kiambu,completed,Land preparation,23618.25,paid,2026-03-19T02:00:00
BKG-07851,FAR-351,TR-051,Machakos,completed,Planting,17223.37,paid,2026-03-20T03:00:00
BKG-07852,FAR-352,TR-052,Nakuru,pending,Weeding,47502.01,pending,2026-03-21T04:00:00
BKG-07853,FAR-353,TR-053,Nairobi,cancelled,Harvesting,51575.28,void,2026-03-22T05:00:00
BKG-07854,FAR-354,TR-054,Embu,completed,Soil management,11053.67,paid,2026-03-23T06:00:00
BKG-07855,FAR-355,TR-055,Kiambu,completed,Land preparation,45267.82,paid,2026-03-24T07:00:00
BKG-07856,FAR-356,TR-056,Machakos,completed,Planting,51616.06,pending,2026-03-25T08:00:00
BKG-07857,FAR-357,TR-057,Nakuru,completed,Weeding,45350.03,paid,2026-03-26T09:00:00
BKG-07858,FAR-358,TR-058,Nairobi,pending,Harvesting,28690.42,pending,2026-03-27T10:00:00
BKG-07859,FAR-359,TR-059,Embu,cancelled,Soil management,43687.05,void,2026-03-28T11:00:00
BKG-07860,FAR-360,TR-060,Kiambu,completed,Land preparation,29979.32,paid,2026-03-29T12:00:00
BKG-07861,FAR-361,TR-061,Machakos,completed,Planting,48790.97,paid,2026-03-30T13:00:00
BKG-07862,FAR-362,TR-062,Nakuru,completed,Weeding,53378.72,paid,2026-03-31T14:00:00
BKG-07863,FAR-363,TR-063,Nairobi,completed,Harvesting,53691.0,paid,2026-04-01T15:00:00
BKG-07864,FAR-364,TR-064,Embu,pending,Soil management,30424.59,pending,2026-04-02T16:00:00
BKG-07865,FAR-365,TR-065,Kiambu,cancelled,Land preparation,16575.36,void,2026-04-03T17:00:00
BKG-07866,FAR-366,TR-066,Machakos,completed,Planting,44286.94,paid,2026-04-04T18:00:00
BKG-07867,FAR-367,TR-067,Nakuru,completed,Weeding,24972.51,pending,2026-04-05T19:00:00
BKG-07868,FAR-368,TR-068,Nairobi,completed,Harvesting,9544.83,paid,2026-04-06T20:00:00
BKG-07869,FAR-369,TR-069,Embu,completed,Soil management,32150.37,paid,2026-04-07T21:00:00
BKG-07870,FAR-370,TR-070,Kiambu,pending,Land preparation,50077.97,pending,2026-04-08T22:00:00
BKG-07871,FAR-371,TR-071,Machakos,cancelled,Planting,37359.61,void,2026-04-09T23:00:00
BKG-07872,FAR-372,TR-072,Nakuru,completed,Weeding,43438.35,paid,2026-04-10T00:00:00
BKG-07873,FAR-373,TR-073,Nairobi,completed,Harvesting,46695.32,paid,2026-04-11T01:00:00
BKG-07874,FAR-374,TR-074,Embu,completed,Soil management,51031.9,paid,2026-04-12T02:00:00
BKG-07875,FAR-375,TR-075,Kiambu,completed,Land preparation,13553.74,paid,2026-04-13T03:00:00
BKG-07876,FAR-376,TR-076,Machakos,pending,Planting,43636.55,pending,2026-04-14T04:00:00
BKG-07877,FAR-377,TR-077,Nakuru,cancelled,Weeding,38192.05,void,2026-04-15T05:00:00
BKG-07878,FAR-378,TR-078,Nairobi,completed,Harvesting,19962.82,paid,2026-04-16T06:00:00
BKG-07879,FAR-379,TR-079,Embu,completed,Soil management,14998.07,paid,2026-04-17T07:00:00
BKG-07880,FAR-380,TR-080,Kiambu,completed,Land preparation,20242.24,paid,2026-04-18T08:00:00
BKG-07881,FAR-381,TR-081,Machakos,completed,Planting,43488.28,paid,2026-04-19T09:00:00
BKG-07882,FAR-382,TR-082,Nakuru,pending,Weeding,15786.75,pending,2026-04-20T10:00:00
BKG-07883,FAR-383,TR-083,Nairobi,cancelled,Harvesting,25925.21,void,2026-04-21T11:00:00
BKG-07884,FAR-384,TR-084,Embu,completed,Soil management,41232.18,paid,2026-04-22T12:00:00
BKG-07885,FAR-385,TR-085,Kiambu,completed,Land preparation,49715.23,paid,2026-04-23T13:00:00
BKG-07886,FAR-386,TR-086,Machakos,completed,Planting,12044.94,paid,2026-04-24T14:00:00
BKG-07887,FAR-387,TR-087,Nakuru,completed,Weeding,36937.35,pending,2026-04-25T15:00:00
BKG-07888,FAR-388,TR-088,Nairobi,pending,Harvesting,53716.73,pending,2026-04-26T16:00:00
BKG-07889,FAR-389,TR-089,Embu,cancelled,Soil management,10035.06,void,2026-04-27T17:00:00
BKG-07890,FAR-390,TR-090,Kiambu,completed,Land preparation,53465.35,paid,2026-04-28T18:00:00
BKG-07891,FAR-391,TR-091,Machakos,completed,Planting,40401.74,paid,2026-04-29T19:00:00
BKG-07892,FAR-392,TR-092,Nakuru,completed,Weeding,24163.49,paid,2026-04-30T20:00:00
BKG-07893,FAR-393,TR-093,Nairobi,completed,Harvesting,31898.92,paid,2026-05-01T21:00:00
BKG-07894,FAR-394,TR-094,Embu,pending,Soil management,17016.41,pending,2026-05-02T22:00:00
BKG-07895,FAR-395,TR-095,Kiambu,cancelled,Land preparation,12024.03,void,2026-05-03T23:00:00
BKG-07896,FAR-396,TR-096,Machakos,completed,Planting,47722.31,pending,2026-05-04T00:00:00
BKG-07897,FAR-397,TR-097,Nakuru,completed,Weeding,45120.17,paid,2026-05-05T01:00:00
BKG-07898,FAR-398,TR-098,Nairobi,completed,Harvesting,37862.8,paid,2026-05-06T02:00:00
BKG-07899,FAR-399,TR-099,Embu,completed,Soil management,16814.01,pending,2026-05-07T03:00:00
BKG-07900,FAR-400,TR-100,Kiambu,pending,Land preparation,17062.3,pending,2026-05-08T04:00:00
BKG-07901,FAR-401,TR-001,Machakos,cancelled,Planting,38952.64,void,2026-05-09T05:00:00
BKG-07902,FAR-402,TR-002,Nakuru,completed,Weeding,38073.0,pending,2026-05-10T06:00:00
BKG-07903,FAR-403,TR-003,Nairobi,completed,Harvesting,13186.28,paid,2026-05-11T07:00:00
BKG-07904,FAR-404,TR-004,Embu,completed,Soil management,39018.78,paid,2026-05-12T08:00:00
BKG-07905,FAR-405,TR-005,Kiambu,completed,Land preparation,42601.07,pending,2026-05-13T09:00:00
BKG-07906,FAR-406,TR-006,Machakos,pending,Planting,17100.1,pending,2026-05-14T10:00:00
BKG-07907,FAR-407,TR-007,Nakuru,cancelled,Weeding,44427.42,void,2026-05-15T11:00:00
BKG-07908,FAR-408,TR-008,Nairobi,completed,Harvesting,10488.11,paid,2026-05-16T12:00:00
BKG-07909,FAR-409,TR-009,Embu,completed,Soil management,25242.57,paid,2026-05-17T13:00:00
BKG-07910,FAR-410,TR-010,Kiambu,completed,Land preparation,33516.1,paid,2026-05-18T14:00:00
BKG-07911,FAR-411,TR-011,Machakos,completed,Planting,13254.36,paid,2026-05-19T15:00:00
BKG-07912,FAR-412,TR-012,Nakuru,pending,Weeding,50743.4,pending,2026-05-20T16:00:00
BKG-07913,FAR-413,TR-013,Nairobi,cancelled,Harvesting,35708.4,void,2026-05-21T17:00:00
BKG-07914,FAR-414,TR-014,Embu,completed,Soil management,36234.79,paid,2026-05-22T18:00:00
BKG-07915,FAR-415,TR-015,Kiambu,completed,Land preparation,11033.92,paid,2026-05-23T19:00:00
BKG-07916,FAR-416,TR-016,Machakos,completed,Planting,41083.92,paid,2026-05-24T20:00:00
BKG-07917,FAR-417,TR-017,Nakuru,completed,Weeding,23411.21,paid,2026-05-25T21:00:00
BKG-07918,FAR-418,TR-018,Nairobi,pending,Harvesting,51460.68,pending,2026-05-26T22:00:00
BKG-07919,FAR-419,TR-019,Embu,cancelled,Soil management,49555.92,void,2026-05-27T23:00:00
BKG-07920,FAR-420,TR-020,Kiambu,completed,Land preparation,9619.51,paid,2026-05-28T00:00:00
BKG-07921,FAR-421,TR-021,Machakos,completed,Planting,31880.79,pending,2026-05-29T01:00:00
BKG-07922,FAR-422,TR-022,Nakuru,completed,Weeding,53240.37,paid,2026-05-30T02:00:00
BKG-07923,FAR-423,TR-023,Nairobi,completed,Harvesting,41465.21,paid,2026-05-31T03:00:00
BKG-07924,FAR-424,TR-024,Embu,pending,Soil management,44497.95,pending,2026-06-01T04:00:00
BKG-07925,FAR-425,TR-025,Kiambu,cancelled,Land preparation,12671.42,void,2026-06-02T05:00:00
BKG-07926,FAR-426,TR-026,Machakos,completed,Planting,47282.74,paid,2026-06-03T06:00:00
BKG-07927,FAR-427,TR-027,Nakuru,completed,Weeding,33513.41,paid,2026-06-04T07:00:00
BKG-07928,FAR-428,TR-028,Nairobi,completed,Harvesting,18985.22,paid,2026-06-05T08:00:00
BKG-07929,FAR-429,TR-029,Embu,completed,Soil management,42678.05,paid,2026-06-06T09:00:00
BKG-07930,FAR-430,TR-030,Kiambu,pending,Land preparation,32015.26,pending,2026-06-07T10:00:00
BKG-07931,FAR-431,TR-031,Machakos,cancelled,Planting,33848.74,void,2026-06-08T11:00:00
BKG-07932,FAR-432,TR-032,Nakuru,completed,Weeding,22907.86,paid,2026-06-09T12:00:00
BKG-07933,FAR-433,TR-033,Nairobi,completed,Harvesting,43868.18,paid,2026-06-10T13:00:00
BKG-07934,FAR-434,TR-034,Embu,completed,Soil management,41591.61,paid,2026-06-11T14:00:00
BKG-07935,FAR-435,TR-035,Kiambu,completed,Land preparation,41505.74,pending,2026-06-12T15:00:00
BKG-07936,FAR-436,TR-036,Machakos,pending,Planting,42605.61,pending,2026-06-13T16:00:00
BKG-07937,FAR-437,TR-037,Nakuru,cancelled,Weeding,53918.06,void,2026-06-14T17:00:00
BKG-07938,FAR-438,TR-038,Nairobi,completed,Harvesting,53514.07,paid,2026-06-15T18:00:00
BKG-07939,FAR-439,TR-039,Embu,completed,Soil management,28427.85,paid,2026-06-16T19:00:00
BKG-07940,FAR-440,TR-040,Kiambu,completed,Land preparation,52295.79,paid,2026-06-17T20:00:00
BKG-07941,FAR-441,TR-041,Machakos,completed,Planting,47731.19,paid,2026-06-18T21:00:00
BKG-07942,FAR-442,TR-042,Nakuru,pending,Weeding,22309.44,pending,2026-06-19T22:00:00
BKG-07943,FAR-443,TR-043,Nairobi,cancelled,Harvesting,28891.74,void,2026-06-20T23:00:00
BKG-07944,FAR-444,TR-044,Embu,completed,Soil management,53581.38,paid,2026-06-21T00:00:00
BKG-07945,FAR-445,TR-045,Kiambu,completed,Land preparation,32297.58,paid,2026-06-22T01:00:00
BKG-07946,FAR-446,TR-046,Machakos,completed,Planting,42216.87,paid,2026-06-23T02:00:00
BKG-07947,FAR-447,TR-047,Nakuru,completed,Weeding,19838.65,paid,2026-06-24T03:00:00
BKG-07948,FAR-448,TR-048,Nairobi,pending,Harvesting,52804.51,pending,2026-06-25T04:00:00
BKG-07949,FAR-449,TR-049,Embu,cancelled,Soil management,39115.17,void,2026-06-26T05:00:00
BKG-07950,FAR-450,TR-050,Kiambu,completed,Land preparation,42578.93,paid,2026-06-27T06:00:00
BKG-07951,FAR-451,TR-051,Machakos,completed,Planting,15849.12,pending,2026-06-28T07:00:00
BKG-07952,FAR-452,TR-052,Nakuru,completed,Weeding,24773.8,paid,2026-06-29T08:00:00
BKG-07953,FAR-453,TR-053,Nairobi,completed,Harvesting,12129.75,paid,2026-06-30T09:00:00
BKG-07954,FAR-454,TR-054,Embu,pending,Soil management,46898.17,pending,2026-07-01T10:00:00
BKG-07955,FAR-455,TR-055,Kiambu,cancelled,Land preparation,40890.97,void,2026-07-02T11:00:00
BKG-07956,FAR-456,TR-056,Machakos,completed,Planting,21362.98,paid,2026-07-03T12:00:00
BKG-07957,FAR-457,TR-057,Nakuru,completed,Weeding,51895.27,paid,2026-07-04T13:00:00
BKG-07958,FAR-458,TR-058,Nairobi,completed,Harvesting,33502.17,paid,2026-07-05T14:00:00
BKG-07959,FAR-459,TR-059,Embu,completed,Soil management,44681.08,paid,2026-07-06T15:00:00
BKG-07960,FAR-460,TR-060,Kiambu,pending,Land preparation,39911.39,pending,2026-07-07T16:00:00
BKG-07961,FAR-461,TR-061,Machakos,cancelled,Planting,44815.69,void,2026-07-08T17:00:00
BKG-07962,FAR-462,TR-062,Nakuru,completed,Weeding,22596.75,paid,2026-07-09T18:00:00
BKG-07963,FAR-463,TR-063,Nairobi,completed,Harvesting,16606.82,paid,2026-07-10T19:00:00
BKG-07964,FAR-464,TR-064,Embu,completed,Soil management,53939.6,paid,2026-07-11T20:00:00
BKG-07965,FAR-465,TR-065,Kiambu,completed,Land preparation,19075.27,paid,2026-07-12T21:00:00
BKG-07966,FAR-466,TR-066,Machakos,pending,Planting,18360.29,pending,2026-07-13T22:00:00
BKG-07967,FAR-467,TR-067,Nakuru,cancelled,Weeding,31379.27,void,2026-07-14T23:00:00
BKG-07968,FAR-468,TR-068,Nairobi,completed,Harvesting,53251.02,paid,2026-07-15T00:00:00
BKG-07969,FAR-469,TR-069,Embu,completed,Soil management,9486.93,pending,2026-07-16T01:00:00
BKG-07970,FAR-470,TR-070,Kiambu,completed,Land preparation,10555.19,paid,2026-07-17T02:00:00
BKG-07971,FAR-471,TR-071,Machakos,completed,Planting,46707.92,paid,2026-07-18T03:00:00
BKG-07972,FAR-472,TR-072,Nakuru,pending,Weeding,29499.79,pending,2026-07-19T04:00:00
BKG-07973,FAR-473,TR-073,Nairobi,cancelled,Harvesting,37350.83,void,2026-07-20T05:00:00
BKG-07974,FAR-474,TR-074,Embu,completed,Soil management,15949.58,paid,2026-07-21T06:00:00
BKG-07975,FAR-475,TR-075,Kiambu,completed,Land preparation,41837.24,paid,2026-07-22T07:00:00
BKG-07976,FAR-476,TR-076,Machakos,completed,Planting,29238.13,paid,2026-07-23T08:00:00
BKG-07977,FAR-477,TR-077,Nakuru,completed,Weeding,46796.78,paid,2026-07-24T09:00:00
BKG-07978,FAR-478,TR-078,Nairobi,pending,Harvesting,35215.34,pending,2026-07-25T10:00:00
BKG-07979,FAR-479,TR-079,Embu,cancelled,Soil management,23043.13,void,2026-07-26T11:00:00
BKG-07980,FAR-480,TR-080,Kiambu,completed,Land preparation,30556.46,paid,2026-07-27T12:00:00
BKG-07981,FAR-481,TR-081,Machakos,completed,Planting,32659.64,paid,2026-07-28T13:00:00
BKG-07982,FAR-482,TR-082,Nakuru,completed,Weeding,30894.06,paid,2026-07-29T14:00:00
BKG-07983,FAR-483,TR-083,Nairobi,completed,Harvesting,42797.97,paid,2026-07-30T15:00:00
BKG-07984,FAR-484,TR-084,Embu,pending,Soil management,20962.97,pending,2026-07-31T16:00:00
BKG-07985,FAR-485,TR-085,Kiambu,cancelled,Land preparation,17777.92,void,2026-08-01T17:00:00
BKG-07986,FAR-486,TR-086,Machakos,completed,Planting,35573.65,paid,2026-08-02T18:00:00
BKG-07987,FAR-487,TR-087,Nakuru,completed,Weeding,49666.97,paid,2026-08-03T19:00:00
BKG-07988,FAR-488,TR-088,Nairobi,completed,Harvesting,40901.61,pending,2026-08-04T20:00:00
BKG-07989,FAR-489,TR-089,Embu,completed,Soil management,18578.77,paid,2026-08-05T21:00:00
BKG-07990,FAR-490,TR-090,Kiambu,pending,Land preparation,10308.71,pending,2026-08-06T22:00:00
BKG-07991,FAR-491,TR-091,Machakos,cancelled,Planting,35950.45,void,2026-08-07T23:00:00
BKG-07992,FAR-492,TR-092,Nakuru,completed,Weeding,20340.33,paid,2026-08-08T00:00:00
BKG-07993,FAR-493,TR-093,Nairobi,completed,Harvesting,47116.15,paid,2026-08-09T01:00:00
BKG-07994,FAR-494,TR-094,Embu,completed,Soil management,16180.41,paid,2026-08-10T02:00:00
BKG-07995,FAR-495,TR-095,Kiambu,completed,Land preparation,30063.53,paid,2026-08-11T03:00:00
BKG-07996,FAR-496,TR-096,Machakos,pending,Planting,24021.11,pending,2026-08-12T04:00:00
BKG-07997,FAR-497,TR-097,Nakuru,cancelled,Weeding,33382.12,void,2026-08-13T05:00:00
BKG-07998,FAR-498,TR-098,Nairobi,completed,Harvesting,23778.89,paid,2026-08-14T06:00:00
BKG-07999,FAR-499,TR-099,Embu,completed,Soil management,23958.73,pending,2026-08-15T07:00:00
BKG-08000,FAR-500,TR-100,Kiambu,completed,Land preparation,11224.88,pending,2026-08-16T08:00:00
BKG-08001,FAR-001,TR-001,Machakos,completed,Planting,48967.41,paid,2026-08-17T09:00:00
BKG-08002,FAR-002,TR-002,Nakuru,pending,Weeding,37462.12,pending,2026-08-18T10:00:00
BKG-08003,FAR-003,TR-003,Nairobi,cancelled,Harvesting,9452.53,void,2026-08-19T11:00:00
BKG-08004,FAR-004,TR-004,Embu,completed,Soil management,53549.84,paid,2026-08-20T12:00:00
BKG-08005,FAR-005,TR-005,Kiambu,completed,Land preparation,29063.73,paid,2026-08-21T13:00:00
BKG-08006,FAR-006,TR-006,Machakos,completed,Planting,32784.97,paid,2026-08-22T14:00:00
BKG-08007,FAR-007,TR-007,Nakuru,completed,Weeding,20034.99,paid,2026-08-23T15:00:00
BKG-08008,FAR-008,TR-008,Nairobi,pending,Harvesting,24160.01,pending,2026-08-24T16:00:00
BKG-08009,FAR-009,TR-009,Embu,cancelled,Soil management,26019.94,void,2026-08-25T17:00:00
BKG-08010,FAR-010,TR-010,Kiambu,completed,Land preparation,11367.74,paid,2026-08-26T18:00:00
BKG-08011,FAR-011,TR-011,Machakos,completed,Planting,42074.72,paid,2026-08-27T19:00:00
BKG-08012,FAR-012,TR-012,Nakuru,completed,Weeding,44726.2,paid,2026-08-28T20:00:00
BKG-08013,FAR-013,TR-013,Nairobi,completed,Harvesting,48394.4,paid,2026-08-29T21:00:00
BKG-08014,FAR-014,TR-014,Embu,pending,Soil management,34368.47,pending,2026-08-30T22:00:00
BKG-08015,FAR-015,TR-015,Kiambu,cancelled,Land preparation,46974.04,void,2026-08-31T23:00:00
BKG-08016,FAR-016,TR-016,Machakos,completed,Planting,48998.1,pending,2026-09-01T00:00:00
BKG-08017,FAR-017,TR-017,Nakuru,completed,Weeding,18531.44,paid,2026-09-02T01:00:00
BKG-08018,FAR-018,TR-018,Nairobi,completed,Harvesting,32089.81,paid,2026-09-03T02:00:00
BKG-08019,FAR-019,TR-019,Embu,completed,Soil management,47836.86,paid,2026-09-04T03:00:00
BKG-08020,FAR-020,TR-020,Kiambu,pending,Land preparation,12294.44,pending,2026-09-05T04:00:00
BKG-08021,FAR-021,TR-021,Machakos,cancelled,Planting,51127.84,void,2026-09-06T05:00:00
BKG-08022,FAR-022,TR-022,Nakuru,completed,Weeding,36853.67,paid,2026-09-07T06:00:00
BKG-08023,FAR-023,TR-023,Nairobi,completed,Harvesting,52490.14,paid,2026-09-08T07:00:00
BKG-08024,FAR-024,TR-024,Embu,completed,Soil management,27648.6,paid,2026-09-09T08:00:00
BKG-08025,FAR-025,TR-025,Kiambu,completed,Land preparation,39029.22,paid,2026-09-10T09:00:00
BKG-08026,FAR-026,TR-026,Machakos,pending,Planting,49199.4,pending,2026-09-11T10:00:00
BKG-08027,FAR-027,TR-027,Nakuru,cancelled,Weeding,14804.36,void,2026-09-12T11:00:00
BKG-08028,FAR-028,TR-028,Nairobi,completed,Harvesting,19168.37,paid,2026-09-13T12:00:00
BKG-08029,FAR-029,TR-029,Embu,completed,Soil management,23349.97,paid,2026-09-14T13:00:00
BKG-08030,FAR-030,TR-030,Kiambu,completed,Land preparation,13787.91,paid,2025-09-15T14:00:00
BKG-08031,FAR-031,TR-031,Machakos,completed,Planting,12282.96,paid,2025-09-16T15:00:00
BKG-08032,FAR-032,TR-032,Nakuru,pending,Weeding,18252.74,pending,2025-09-17T16:00:00
BKG-08033,FAR-033,TR-033,Nairobi,cancelled,Harvesting,48798.7,void,2025-09-18T17:00:00
BKG-08034,FAR-034,TR-034,Embu,completed,Soil management,50308.81,paid,2025-09-19T18:00:00
BKG-08035,FAR-035,TR-035,Kiambu,completed,Land preparation,30635.03,paid,2025-09-20T19:00:00
BKG-08036,FAR-036,TR-036,Machakos,completed,Planting,25779.05,paid,2025-09-21T20:00:00
BKG-08037,FAR-037,TR-037,Nakuru,completed,Weeding,28870.99,paid,2025-09-22T21:00:00
BKG-08038,FAR-038,TR-038,Nairobi,pending,Harvesting,49550.22,pending,2025-09-23T22:00:00
BKG-08039,FAR-039,TR-039,Embu,cancelled,Soil management,10331.62,void,2025-09-24T23:00:00
BKG-08040,FAR-040,TR-040,Kiambu,completed,Land preparation,9267.55,paid,2025-09-25T00:00:00
BKG-08041,FAR-041,TR-041,Machakos,completed,Planting,12082.52,pending,2025-09-26T01:00:00
BKG-08042,FAR-042,TR-042,Nakuru,completed,Weeding,21545.45,paid,2025-09-27T02:00:00
BKG-08043,FAR-043,TR-043,Nairobi,completed,Harvesting,38840.46,paid,2025-09-28T03:00:00
BKG-08044,FAR-044,TR-044,Embu,pending,Soil management,42758.77,pending,2025-09-29T04:00:00
BKG-08045,FAR-045,TR-045,Kiambu,cancelled,Land preparation,47744.96,void,2025-09-30T05:00:00
BKG-08046,FAR-046,TR-046,Machakos,completed,Planting,28338.57,paid,2025-10-01T06:00:00
BKG-08047,FAR-047,TR-047,Nakuru,completed,Weeding,16684.06,paid,2025-10-02T07:00:00
BKG-08048,FAR-048,TR-048,Nairobi,completed,Harvesting,46066.58,pending,2025-10-03T08:00:00
BKG-08049,FAR-049,TR-049,Embu,completed,Soil management,14766.02,paid,2025-10-04T09:00:00
BKG-08050,FAR-050,TR-050,Kiambu,pending,Land preparation,27528.06,pending,2025-10-05T10:00:00
BKG-08051,FAR-051,TR-051,Machakos,cancelled,Planting,20459.19,void,2025-10-06T11:00:00
BKG-08052,FAR-052,TR-052,Nakuru,completed,Weeding,34826.79,pending,2025-10-07T12:00:00
BKG-08053,FAR-053,TR-053,Nairobi,completed,Harvesting,30422.7,paid,2025-10-08T13:00:00
BKG-08054,FAR-054,TR-054,Embu,completed,Soil management,9738.48,paid,2025-10-09T14:00:00
BKG-08055,FAR-055,TR-055,Kiambu,completed,Land preparation,24394.42,paid,2025-10-10T15:00:00
BKG-08056,FAR-056,TR-056,Machakos,pending,Planting,28282.11,pending,2025-10-11T16:00:00
BKG-08057,FAR-057,TR-057,Nakuru,cancelled,Weeding,23069.5,void,2025-10-12T17:00:00
BKG-08058,FAR-058,TR-058,Nairobi,completed,Harvesting,12677.06,paid,2025-10-13T18:00:00
BKG-08059,FAR-059,TR-059,Embu,completed,Soil management,23338.5,paid,2025-10-14T19:00:00
BKG-08060,FAR-060,TR-060,Kiambu,completed,Land preparation,18895.58,paid,2025-10-15T20:00:00
BKG-08061,FAR-061,TR-061,Machakos,completed,Planting,23479.77,paid,2025-10-16T21:00:00
BKG-08062,FAR-062,TR-062,Nakuru,pending,Weeding,23223.17,pending,2025-10-17T22:00:00
BKG-08063,FAR-063,TR-063,Nairobi,cancelled,Harvesting,34199.83,void,2025-10-18T23:00:00
BKG-08064,FAR-064,TR-064,Embu,completed,Soil management,44772.22,paid,2025-10-19T00:00:00
BKG-08065,FAR-065,TR-065,Kiambu,completed,Land preparation,15812.48,paid,2025-10-20T01:00:00
BKG-08066,FAR-066,TR-066,Machakos,completed,Planting,24188.89,paid,2025-10-21T02:00:00
BKG-08067,FAR-067,TR-067,Nakuru,completed,Weeding,36274.19,paid,2025-10-22T03:00:00
BKG-08068,FAR-068,TR-068,Nairobi,pending,Harvesting,37696.33,pending,2025-10-23T04:00:00
BKG-08069,FAR-069,TR-069,Embu,cancelled,Soil management,15605.45,void,2025-10-24T05:00:00
BKG-08070,FAR-070,TR-070,Kiambu,completed,Land preparation,17696.25,paid,2025-10-25T06:00:00
BKG-08071,FAR-071,TR-071,Machakos,completed,Planting,22751.47,paid,2025-10-26T07:00:00
BKG-08072,FAR-072,TR-072,Nakuru,completed,Weeding,50074.01,paid,2025-10-27T08:00:00
BKG-08073,FAR-073,TR-073,Nairobi,completed,Harvesting,41799.9,paid,2025-10-28T09:00:00
BKG-08074,FAR-074,TR-074,Embu,pending,Soil management,41690.67,pending,2025-10-29T10:00:00
BKG-08075,FAR-075,TR-075,Kiambu,cancelled,Land preparation,11115.55,void,2025-10-30T11:00:00
BKG-08076,FAR-076,TR-076,Machakos,completed,Planting,31899.77,paid,2025-10-31T12:00:00
BKG-08077,FAR-077,TR-077,Nakuru,completed,Weeding,13179.15,paid,2025-11-01T13:00:00
BKG-08078,FAR-078,TR-078,Nairobi,completed,Harvesting,36419.59,paid,2025-11-02T14:00:00
BKG-08079,FAR-079,TR-079,Embu,completed,Soil management,44697.24,paid,2025-11-03T15:00:00
BKG-08080,FAR-080,TR-080,Kiambu,pending,Land preparation,40189.73,pending,2025-11-04T16:00:00
BKG-08081,FAR-081,TR-081,Machakos,cancelled,Planting,36821.27,void,2025-11-05T17:00:00
BKG-08082,FAR-082,TR-082,Nakuru,completed,Weeding,53918.35,paid,2025-11-06T18:00:00
BKG-08083,FAR-083,TR-083,Nairobi,completed,Harvesting,49664.23,paid,2025-11-07T19:00:00
BKG-08084,FAR-084,TR-084,Embu,completed,Soil management,13817.34,paid,2025-11-08T20:00:00
BKG-08085,FAR-085,TR-085,Kiambu,completed,Land preparation,24519.6,paid,2025-11-09T21:00:00
BKG-08086,FAR-086,TR-086,Machakos,pending,Planting,47570.15,pending,2025-11-10T22:00:00
BKG-08087,FAR-087,TR-087,Nakuru,cancelled,Weeding,32857.41,void,2025-11-11T23:00:00
BKG-08088,FAR-088,TR-088,Nairobi,completed,Harvesting,15202.11,pending,2025-11-12T00:00:00
BKG-08089,FAR-089,TR-089,Embu,completed,Soil management,38380.76,paid,2025-11-13T01:00:00
BKG-08090,FAR-090,TR-090,Kiambu,completed,Land preparation,9401.91,paid,2025-11-14T02:00:00
BKG-08091,FAR-091,TR-091,Machakos,completed,Planting,26135.06,paid,2025-11-15T03:00:00
BKG-08092,FAR-092,TR-092,Nakuru,pending,Weeding,17443.11,pending,2025-11-16T04:00:00
BKG-08093,FAR-093,TR-093,Nairobi,cancelled,Harvesting,10594.17,void,2025-11-17T05:00:00
BKG-08094,FAR-094,TR-094,Embu,completed,Soil management,18111.95,paid,2025-11-18T06:00:00
BKG-08095,FAR-095,TR-095,Kiambu,completed,Land preparation,18809.92,paid,2025-11-19T07:00:00
BKG-08096,FAR-096,TR-096,Machakos,completed,Planting,35891.11,paid,2025-11-20T08:00:00
BKG-08097,FAR-097,TR-097,Nakuru,completed,Weeding,52706.1,paid,2025-11-21T09:00:00
BKG-08098,FAR-098,TR-098,Nairobi,pending,Harvesting,10768.62,pending,2025-11-22T10:00:00
BKG-08099,FAR-099,TR-099,Embu,cancelled,Soil management,40766.11,void,2025-11-23T11:00:00
BKG-08100,FAR-100,TR-100,Kiambu,completed,Land preparation,50563.94,paid,2025-11-24T12:00:00
BKG-08101,FAR-101,TR-001,Machakos,completed,Planting,16075.48,paid,2025-11-25T13:00:00
BKG-08102,FAR-102,TR-002,Nakuru,completed,Weeding,27004.46,pending,2025-11-26T14:00:00
BKG-08103,FAR-103,TR-003,Nairobi,completed,Harvesting,10594.35,pending,2025-11-27T15:00:00
BKG-08104,FAR-104,TR-004,Embu,pending,Soil management,26924.79,pending,2025-11-28T16:00:00
BKG-08105,FAR-105,TR-005,Kiambu,cancelled,Land preparation,19933.47,void,2025-11-29T17:00:00
BKG-08106,FAR-106,TR-006,Machakos,completed,Planting,10899.63,paid,2025-11-30T18:00:00
BKG-08107,FAR-107,TR-007,Nakuru,completed,Weeding,42329.25,paid,2025-12-01T19:00:00
BKG-08108,FAR-108,TR-008,Nairobi,completed,Harvesting,11594.12,paid,2025-12-02T20:00:00
BKG-08109,FAR-109,TR-009,Embu,completed,Soil management,39765.06,pending,2025-12-03T21:00:00
BKG-08110,FAR-110,TR-010,Kiambu,pending,Land preparation,42670.16,pending,2025-12-04T22:00:00
BKG-08111,FAR-111,TR-011,Machakos,cancelled,Planting,50329.36,void,2025-12-05T23:00:00
BKG-08112,FAR-112,TR-012,Nakuru,completed,Weeding,25283.01,paid,2025-12-06T00:00:00
BKG-08113,FAR-113,TR-013,Nairobi,completed,Harvesting,32534.16,paid,2025-12-07T01:00:00
BKG-08114,FAR-114,TR-014,Embu,completed,Soil management,26332.9,paid,2025-12-08T02:00:00
BKG-08115,FAR-115,TR-015,Kiambu,completed,Land preparation,35666.16,paid,2025-12-09T03:00:00
BKG-08116,FAR-116,TR-016,Machakos,pending,Planting,10065.89,pending,2025-12-10T04:00:00
BKG-08117,FAR-117,TR-017,Nakuru,cancelled,Weeding,10067.64,void,2025-12-11T05:00:00
BKG-08118,FAR-118,TR-018,Nairobi,completed,Harvesting,21518.35,paid,2025-12-12T06:00:00
BKG-08119,FAR-119,TR-019,Embu,completed,Soil management,39743.81,paid,2025-12-13T07:00:00
BKG-08120,FAR-120,TR-020,Kiambu,completed,Land preparation,13038.9,paid,2025-12-14T08:00:00
BKG-08121,FAR-121,TR-021,Machakos,completed,Planting,50244.93,paid,2025-12-15T09:00:00
BKG-08122,FAR-122,TR-022,Nakuru,pending,Weeding,32250.76,pending,2025-12-16T10:00:00
BKG-08123,FAR-123,TR-023,Nairobi,cancelled,Harvesting,36952.84,void,2025-12-17T11:00:00
BKG-08124,FAR-124,TR-024,Embu,completed,Soil management,14876.71,paid,2025-12-18T12:00:00
BKG-08125,FAR-125,TR-025,Kiambu,completed,Land preparation,38478.89,paid,2025-12-19T13:00:00
BKG-08126,FAR-126,TR-026,Machakos,completed,Planting,33408.45,paid,2025-12-20T14:00:00
BKG-08127,FAR-127,TR-027,Nakuru,completed,Weeding,29464.42,paid,2025-12-21T15:00:00
BKG-08128,FAR-128,TR-028,Nairobi,pending,Harvesting,44378.92,pending,2025-12-22T16:00:00
BKG-08129,FAR-129,TR-029,Embu,cancelled,Soil management,17026.65,void,2025-12-23T17:00:00
BKG-08130,FAR-130,TR-030,Kiambu,completed,Land preparation,47302.13,paid,2025-12-24T18:00:00
BKG-08131,FAR-131,TR-031,Machakos,completed,Planting,28308.31,paid,2025-12-25T19:00:00
BKG-08132,FAR-132,TR-032,Nakuru,completed,Weeding,29006.63,pending,2025-12-26T20:00:00
BKG-08133,FAR-133,TR-033,Nairobi,completed,Harvesting,42767.53,paid,2025-12-27T21:00:00
BKG-08134,FAR-134,TR-034,Embu,pending,Soil management,29330.34,pending,2025-12-28T22:00:00
BKG-08135,FAR-135,TR-035,Kiambu,cancelled,Land preparation,50928.17,void,2025-12-29T23:00:00
BKG-08136,FAR-136,TR-036,Machakos,completed,Planting,53499.86,pending,2025-12-30T00:00:00
BKG-08137,FAR-137,TR-037,Nakuru,completed,Weeding,50042.56,paid,2025-12-31T01:00:00
BKG-08138,FAR-138,TR-038,Nairobi,completed,Harvesting,23529.4,paid,2026-01-01T02:00:00
BKG-08139,FAR-139,TR-039,Embu,completed,Soil management,33953.81,pending,2026-01-02T03:00:00
BKG-08140,FAR-140,TR-040,Kiambu,pending,Land preparation,9394.06,pending,2026-01-03T04:00:00
BKG-08141,FAR-141,TR-041,Machakos,cancelled,Planting,51118.08,void,2026-01-04T05:00:00
BKG-08142,FAR-142,TR-042,Nakuru,completed,Weeding,44232.52,paid,2026-01-05T06:00:00
BKG-08143,FAR-143,TR-043,Nairobi,completed,Harvesting,22526.14,pending,2026-01-06T07:00:00
BKG-08144,FAR-144,TR-044,Embu,completed,Soil management,11119.07,paid,2026-01-07T08:00:00
BKG-08145,FAR-145,TR-045,Kiambu,completed,Land preparation,38727.5,paid,2026-01-08T09:00:00
BKG-08146,FAR-146,TR-046,Machakos,pending,Planting,14707.06,pending,2026-01-09T10:00:00
BKG-08147,FAR-147,TR-047,Nakuru,cancelled,Weeding,45384.85,void,2026-01-10T11:00:00
BKG-08148,FAR-148,TR-048,Nairobi,completed,Harvesting,38035.69,paid,2026-01-11T12:00:00
BKG-08149,FAR-149,TR-049,Embu,completed,Soil management,20542.55,paid,2026-01-12T13:00:00
BKG-08150,FAR-150,TR-050,Kiambu,completed,Land preparation,20674.24,paid,2026-01-13T14:00:00
BKG-08151,FAR-151,TR-051,Machakos,completed,Planting,22088.23,paid,2026-01-14T15:00:00
BKG-08152,FAR-152,TR-052,Nakuru,pending,Weeding,38546.97,pending,2026-01-15T16:00:00
BKG-08153,FAR-153,TR-053,Nairobi,cancelled,Harvesting,20070.63,void,2026-01-16T17:00:00
BKG-08154,FAR-154,TR-054,Embu,completed,Soil management,37808.91,paid,2026-01-17T18:00:00
BKG-08155,FAR-155,TR-055,Kiambu,completed,Land preparation,33068.81,paid,2026-01-18T19:00:00
BKG-08156,FAR-156,TR-056,Machakos,completed,Planting,33405.62,paid,2026-01-19T20:00:00
BKG-08157,FAR-157,TR-057,Nakuru,completed,Weeding,36523.58,pending,2026-01-20T21:00:00
BKG-08158,FAR-158,TR-058,Nairobi,pending,Harvesting,12140.32,pending,2026-01-21T22:00:00
BKG-08159,FAR-159,TR-059,Embu,cancelled,Soil management,20331.44,void,2026-01-22T23:00:00
BKG-08160,FAR-160,TR-060,Kiambu,completed,Land preparation,33726.64,paid,2026-01-23T00:00:00
BKG-08161,FAR-161,TR-061,Machakos,completed,Planting,9114.13,paid,2026-01-24T01:00:00
BKG-08162,FAR-162,TR-062,Nakuru,completed,Weeding,10059.31,paid,2026-01-25T02:00:00
BKG-08163,FAR-163,TR-063,Nairobi,completed,Harvesting,26230.73,paid,2026-01-26T03:00:00
BKG-08164,FAR-164,TR-064,Embu,pending,Soil management,42557.63,pending,2026-01-27T04:00:00
BKG-08165,FAR-165,TR-065,Kiambu,cancelled,Land preparation,26375.34,void,2026-01-28T05:00:00
BKG-08166,FAR-166,TR-066,Machakos,completed,Planting,48870.24,paid,2026-01-29T06:00:00
BKG-08167,FAR-167,TR-067,Nakuru,completed,Weeding,21472.3,paid,2026-01-30T07:00:00
BKG-08168,FAR-168,TR-068,Nairobi,completed,Harvesting,49733.84,paid,2026-01-31T08:00:00
BKG-08169,FAR-169,TR-069,Embu,completed,Soil management,21669.67,paid,2026-02-01T09:00:00
BKG-08170,FAR-170,TR-070,Kiambu,pending,Land preparation,38418.61,pending,2026-02-02T10:00:00
BKG-08171,FAR-171,TR-071,Machakos,cancelled,Planting,33832.48,void,2026-02-03T11:00:00
BKG-08172,FAR-172,TR-072,Nakuru,completed,Weeding,19248.64,paid,2026-02-04T12:00:00
BKG-08173,FAR-173,TR-073,Nairobi,completed,Harvesting,26335.23,paid,2026-02-05T13:00:00
BKG-08174,FAR-174,TR-074,Embu,completed,Soil management,27081.23,paid,2026-02-06T14:00:00
BKG-08175,FAR-175,TR-075,Kiambu,completed,Land preparation,25953.19,paid,2026-02-07T15:00:00
BKG-08176,FAR-176,TR-076,Machakos,pending,Planting,37119.33,pending,2026-02-08T16:00:00
BKG-08177,FAR-177,TR-077,Nakuru,cancelled,Weeding,24666.01,void,2026-02-09T17:00:00
BKG-08178,FAR-178,TR-078,Nairobi,completed,Harvesting,50161.23,paid,2026-02-10T18:00:00
BKG-08179,FAR-179,TR-079,Embu,completed,Soil management,36991.52,paid,2026-02-11T19:00:00
BKG-08180,FAR-180,TR-080,Kiambu,completed,Land preparation,20045.46,paid,2026-02-12T20:00:00
BKG-08181,FAR-181,TR-081,Machakos,completed,Planting,26819.14,paid,2026-02-13T21:00:00
BKG-08182,FAR-182,TR-082,Nakuru,pending,Weeding,49877.42,pending,2026-02-14T22:00:00
BKG-08183,FAR-183,TR-083,Nairobi,cancelled,Harvesting,9166.52,void,2026-02-15T23:00:00
BKG-08184,FAR-184,TR-084,Embu,completed,Soil management,51554.75,paid,2026-02-16T00:00:00
BKG-08185,FAR-185,TR-085,Kiambu,completed,Land preparation,46359.75,paid,2026-02-17T01:00:00
BKG-08186,FAR-186,TR-086,Machakos,completed,Planting,20033.93,pending,2026-02-18T02:00:00
BKG-08187,FAR-187,TR-087,Nakuru,completed,Weeding,40659.93,paid,2026-02-19T03:00:00
BKG-08188,FAR-188,TR-088,Nairobi,pending,Harvesting,34283.05,pending,2026-02-20T04:00:00
BKG-08189,FAR-189,TR-089,Embu,cancelled,Soil management,12651.52,void,2026-02-21T05:00:00
BKG-08190,FAR-190,TR-090,Kiambu,completed,Land preparation,32493.59,paid,2026-02-22T06:00:00
BKG-08191,FAR-191,TR-091,Machakos,completed,Planting,37068.81,paid,2026-02-23T07:00:00
BKG-08192,FAR-192,TR-092,Nakuru,completed,Weeding,52392.91,paid,2026-02-24T08:00:00
BKG-08193,FAR-193,TR-093,Nairobi,completed,Harvesting,34383.61,paid,2026-02-25T09:00:00
BKG-08194,FAR-194,TR-094,Embu,pending,Soil management,31664.93,pending,2026-02-26T10:00:00
BKG-08195,FAR-195,TR-095,Kiambu,cancelled,Land preparation,14148.73,void,2026-02-27T11:00:00
BKG-08196,FAR-196,TR-096,Machakos,completed,Planting,33543.97,paid,2026-02-28T12:00:00
BKG-08197,FAR-197,TR-097,Nakuru,completed,Weeding,34254.13,pending,2026-03-01T13:00:00
BKG-08198,FAR-198,TR-098,Nairobi,completed,Harvesting,18030.77,paid,2026-03-02T14:00:00
BKG-08199,FAR-199,TR-099,Embu,completed,Soil management,48101.47,paid,2026-03-03T15:00:00
BKG-08200,FAR-200,TR-100,Kiambu,pending,Land preparation,41327.33,pending,2026-03-04T16:00:00
BKG-08201,FAR-201,TR-001,Machakos,cancelled,Planting,11131.9,void,2026-03-05T17:00:00
BKG-08202,FAR-202,TR-002,Nakuru,completed,Weeding,48250.28,paid,2026-03-06T18:00:00
BKG-08203,FAR-203,TR-003,Nairobi,completed,Harvesting,36334.79,pending,2026-03-07T19:00:00
BKG-08204,FAR-204,TR-004,Embu,completed,Soil management,49586.82,paid,2026-03-08T20:00:00
BKG-08205,FAR-205,TR-005,Kiambu,completed,Land preparation,25706.99,paid,2026-03-09T21:00:00
BKG-08206,FAR-206,TR-006,Machakos,pending,Planting,33424.67,pending,2026-03-10T22:00:00
BKG-08207,FAR-207,TR-007,Nakuru,cancelled,Weeding,41605.14,void,2026-03-11T23:00:00
BKG-08208,FAR-208,TR-008,Nairobi,completed,Harvesting,12974.26,paid,2026-03-12T00:00:00
BKG-08209,FAR-209,TR-009,Embu,completed,Soil management,47828.28,paid,2026-03-13T01:00:00
BKG-08210,FAR-210,TR-010,Kiambu,completed,Land preparation,12549.02,paid,2026-03-14T02:00:00
BKG-08211,FAR-211,TR-011,Machakos,completed,Planting,16130.39,paid,2026-03-15T03:00:00
BKG-08212,FAR-212,TR-012,Nakuru,pending,Weeding,31301.4,pending,2026-03-16T04:00:00
BKG-08213,FAR-213,TR-013,Nairobi,cancelled,Harvesting,23570.9,void,2026-03-17T05:00:00
BKG-08214,FAR-214,TR-014,Embu,completed,Soil management,14852.27,paid,2026-03-18T06:00:00
BKG-08215,FAR-215,TR-015,Kiambu,completed,Land preparation,28096.21,paid,2026-03-19T07:00:00
BKG-08216,FAR-216,TR-016,Machakos,completed,Planting,23096.63,paid,2026-03-20T08:00:00
BKG-08217,FAR-217,TR-017,Nakuru,completed,Weeding,45201.82,paid,2026-03-21T09:00:00
BKG-08218,FAR-218,TR-018,Nairobi,pending,Harvesting,26456.25,pending,2026-03-22T10:00:00
BKG-08219,FAR-219,TR-019,Embu,cancelled,Soil management,53345.04,void,2026-03-23T11:00:00
BKG-08220,FAR-220,TR-020,Kiambu,completed,Land preparation,41771.7,paid,2026-03-24T12:00:00
BKG-08221,FAR-221,TR-021,Machakos,completed,Planting,23083.02,paid,2026-03-25T13:00:00
BKG-08222,FAR-222,TR-022,Nakuru,completed,Weeding,42337.93,paid,2026-03-26T14:00:00
BKG-08223,FAR-223,TR-023,Nairobi,completed,Harvesting,31696.15,paid,2026-03-27T15:00:00
BKG-08224,FAR-224,TR-024,Embu,pending,Soil management,49494.71,pending,2026-03-28T16:00:00
BKG-08225,FAR-225,TR-025,Kiambu,cancelled,Land preparation,14830.05,void,2026-03-29T17:00:00
BKG-08226,FAR-226,TR-026,Machakos,completed,Planting,51253.63,paid,2026-03-30T18:00:00
BKG-08227,FAR-227,TR-027,Nakuru,completed,Weeding,41242.37,paid,2026-03-31T19:00:00
BKG-08228,FAR-228,TR-028,Nairobi,completed,Harvesting,16136.79,paid,2026-04-01T20:00:00
BKG-08229,FAR-229,TR-029,Embu,completed,Soil management,24720.18,paid,2026-04-02T21:00:00
BKG-08230,FAR-230,TR-030,Kiambu,pending,Land preparation,25033.3,pending,2026-04-03T22:00:00
BKG-08231,FAR-231,TR-031,Machakos,cancelled,Planting,22839.57,void,2026-04-04T23:00:00
BKG-08232,FAR-232,TR-032,Nakuru,completed,Weeding,52594.78,paid,2026-04-05T00:00:00
BKG-08233,FAR-233,TR-033,Nairobi,completed,Harvesting,37743.86,pending,2026-04-06T01:00:00
BKG-08234,FAR-234,TR-034,Embu,completed,Soil management,37660.03,paid,2026-04-07T02:00:00
BKG-08235,FAR-235,TR-035,Kiambu,completed,Land preparation,32155.81,paid,2026-04-08T03:00:00
BKG-08236,FAR-236,TR-036,Machakos,pending,Planting,48086.85,pending,2026-04-09T04:00:00
BKG-08237,FAR-237,TR-037,Nakuru,cancelled,Weeding,11078.82,void,2026-04-10T05:00:00
BKG-08238,FAR-238,TR-038,Nairobi,completed,Harvesting,17984.09,paid,2026-04-11T06:00:00
BKG-08239,FAR-239,TR-039,Embu,completed,Soil management,13150.12,paid,2026-04-12T07:00:00
BKG-08240,FAR-240,TR-040,Kiambu,completed,Land preparation,35911.93,paid,2026-04-13T08:00:00
BKG-08241,FAR-241,TR-041,Machakos,completed,Planting,11152.9,paid,2026-04-14T09:00:00
BKG-08242,FAR-242,TR-042,Nakuru,pending,Weeding,28012.65,pending,2026-04-15T10:00:00
BKG-08243,FAR-243,TR-043,Nairobi,cancelled,Harvesting,35477.51,void,2026-04-16T11:00:00
BKG-08244,FAR-244,TR-044,Embu,completed,Soil management,39165.56,paid,2026-04-17T12:00:00
BKG-08245,FAR-245,TR-045,Kiambu,completed,Land preparation,36010.88,paid,2026-04-18T13:00:00
BKG-08246,FAR-246,TR-046,Machakos,completed,Planting,50848.15,pending,2026-04-19T14:00:00
BKG-08247,FAR-247,TR-047,Nakuru,completed,Weeding,53000.31,pending,2026-04-20T15:00:00
BKG-08248,FAR-248,TR-048,Nairobi,pending,Harvesting,18310.17,pending,2026-04-21T16:00:00
BKG-08249,FAR-249,TR-049,Embu,cancelled,Soil management,48286.9,void,2026-04-22T17:00:00
BKG-08250,FAR-250,TR-050,Kiambu,completed,Land preparation,29192.83,paid,2026-04-23T18:00:00
BKG-08251,FAR-251,TR-051,Machakos,completed,Planting,16399.15,paid,2026-04-24T19:00:00
BKG-08252,FAR-252,TR-052,Nakuru,completed,Weeding,30116.99,paid,2026-04-25T20:00:00
BKG-08253,FAR-253,TR-053,Nairobi,completed,Harvesting,48321.91,pending,2026-04-26T21:00:00
BKG-08254,FAR-254,TR-054,Embu,pending,Soil management,38153.56,pending,2026-04-27T22:00:00
BKG-08255,FAR-255,TR-055,Kiambu,cancelled,Land preparation,48507.19,void,2026-04-28T23:00:00
BKG-08256,FAR-256,TR-056,Machakos,completed,Planting,44538.76,paid,2026-04-29T00:00:00
BKG-08257,FAR-257,TR-057,Nakuru,completed,Weeding,27998.49,paid,2026-04-30T01:00:00
BKG-08258,FAR-258,TR-058,Nairobi,completed,Harvesting,49956.3,paid,2026-05-01T02:00:00
BKG-08259,FAR-259,TR-059,Embu,completed,Soil management,10772.28,paid,2026-05-02T03:00:00
BKG-08260,FAR-260,TR-060,Kiambu,pending,Land preparation,19699.49,pending,2026-05-03T04:00:00
BKG-08261,FAR-261,TR-061,Machakos,cancelled,Planting,39536.42,void,2026-05-04T05:00:00
BKG-08262,FAR-262,TR-062,Nakuru,completed,Weeding,49005.26,paid,2026-05-05T06:00:00
BKG-08263,FAR-263,TR-063,Nairobi,completed,Harvesting,41339.47,paid,2026-05-06T07:00:00
BKG-08264,FAR-264,TR-064,Embu,completed,Soil management,42507.55,pending,2026-05-07T08:00:00
BKG-08265,FAR-265,TR-065,Kiambu,completed,Land preparation,35019.44,paid,2026-05-08T09:00:00
BKG-08266,FAR-266,TR-066,Machakos,pending,Planting,30077.39,pending,2026-05-09T10:00:00
BKG-08267,FAR-267,TR-067,Nakuru,cancelled,Weeding,19012.86,void,2026-05-10T11:00:00
BKG-08268,FAR-268,TR-068,Nairobi,completed,Harvesting,31960.31,paid,2026-05-11T12:00:00
BKG-08269,FAR-269,TR-069,Embu,completed,Soil management,17548.86,paid,2026-05-12T13:00:00
BKG-08270,FAR-270,TR-070,Kiambu,completed,Land preparation,19302.25,paid,2026-05-13T14:00:00
BKG-08271,FAR-271,TR-071,Machakos,completed,Planting,31089.77,paid,2026-05-14T15:00:00
BKG-08272,FAR-272,TR-072,Nakuru,pending,Weeding,13763.76,pending,2026-05-15T16:00:00
BKG-08273,FAR-273,TR-073,Nairobi,cancelled,Harvesting,12822.98,void,2026-05-16T17:00:00
BKG-08274,FAR-274,TR-074,Embu,completed,Soil management,21809.97,paid,2026-05-17T18:00:00
BKG-08275,FAR-275,TR-075,Kiambu,completed,Land preparation,27142.31,paid,2026-05-18T19:00:00
BKG-08276,FAR-276,TR-076,Machakos,completed,Planting,31403.87,paid,2026-05-19T20:00:00
BKG-08277,FAR-277,TR-077,Nakuru,completed,Weeding,45532.08,paid,2026-05-20T21:00:00
BKG-08278,FAR-278,TR-078,Nairobi,pending,Harvesting,15589.22,pending,2026-05-21T22:00:00
BKG-08279,FAR-279,TR-079,Embu,cancelled,Soil management,48655.43,void,2026-05-22T23:00:00
BKG-08280,FAR-280,TR-080,Kiambu,completed,Land preparation,28386.43,pending,2026-05-23T00:00:00
BKG-08281,FAR-281,TR-081,Machakos,completed,Planting,22832.18,pending,2026-05-24T01:00:00
BKG-08282,FAR-282,TR-082,Nakuru,completed,Weeding,48023.73,pending,2026-05-25T02:00:00
BKG-08283,FAR-283,TR-083,Nairobi,completed,Harvesting,23363.37,pending,2026-05-26T03:00:00
BKG-08284,FAR-284,TR-084,Embu,pending,Soil management,30211.64,pending,2026-05-27T04:00:00
BKG-08285,FAR-285,TR-085,Kiambu,cancelled,Land preparation,34897.63,void,2026-05-28T05:00:00
BKG-08286,FAR-286,TR-086,Machakos,completed,Planting,17109.23,pending,2026-05-29T06:00:00
BKG-08287,FAR-287,TR-087,Nakuru,completed,Weeding,42453.42,pending,2026-05-30T07:00:00
BKG-08288,FAR-288,TR-088,Nairobi,completed,Harvesting,13621.79,paid,2026-05-31T08:00:00
BKG-08289,FAR-289,TR-089,Embu,completed,Soil management,23950.27,paid,2026-06-01T09:00:00
BKG-08290,FAR-290,TR-090,Kiambu,pending,Land preparation,52353.91,pending,2026-06-02T10:00:00
BKG-08291,FAR-291,TR-091,Machakos,cancelled,Planting,47516.8,void,2026-06-03T11:00:00
BKG-08292,FAR-292,TR-092,Nakuru,completed,Weeding,32781.0,pending,2026-06-04T12:00:00
BKG-08293,FAR-293,TR-093,Nairobi,completed,Harvesting,23954.03,paid,2026-06-05T13:00:00
BKG-08294,FAR-294,TR-094,Embu,completed,Soil management,53314.97,paid,2026-06-06T14:00:00
BKG-08295,FAR-295,TR-095,Kiambu,completed,Land preparation,51953.33,paid,2026-06-07T15:00:00
BKG-08296,FAR-296,TR-096,Machakos,pending,Planting,18582.27,pending,2026-06-08T16:00:00
BKG-08297,FAR-297,TR-097,Nakuru,cancelled,Weeding,29375.83,void,2026-06-09T17:00:00
BKG-08298,FAR-298,TR-098,Nairobi,completed,Harvesting,49769.02,paid,2026-06-10T18:00:00
BKG-08299,FAR-299,TR-099,Embu,completed,Soil management,22631.57,paid,2026-06-11T19:00:00
BKG-08300,FAR-300,TR-100,Kiambu,completed,Land preparation,15653.68,paid,2026-06-12T20:00:00
BKG-08301,FAR-301,TR-001,Machakos,completed,Planting,53500.76,paid,2026-06-13T21:00:00
BKG-08302,FAR-302,TR-002,Nakuru,pending,Weeding,47800.67,pending,2026-06-14T22:00:00
BKG-08303,FAR-303,TR-003,Nairobi,cancelled,Harvesting,32449.11,void,2026-06-15T23:00:00
BKG-08304,FAR-304,TR-004,Embu,completed,Soil management,20621.91,paid,2026-06-16T00:00:00
BKG-08305,FAR-305,TR-005,Kiambu,completed,Land preparation,26536.85,paid,2026-06-17T01:00:00
BKG-08306,FAR-306,TR-006,Machakos,completed,Planting,12457.95,paid,2026-06-18T02:00:00
BKG-08307,FAR-307,TR-007,Nakuru,completed,Weeding,28274.89,pending,2026-06-19T03:00:00
BKG-08308,FAR-308,TR-008,Nairobi,pending,Harvesting,20663.14,pending,2026-06-20T04:00:00
BKG-08309,FAR-309,TR-009,Embu,cancelled,Soil management,53214.96,void,2026-06-21T05:00:00
BKG-08310,FAR-310,TR-010,Kiambu,completed,Land preparation,31003.18,paid,2026-06-22T06:00:00
BKG-08311,FAR-311,TR-011,Machakos,completed,Planting,28895.79,pending,2026-06-23T07:00:00
BKG-08312,FAR-312,TR-012,Nakuru,completed,Weeding,44880.7,paid,2026-06-24T08:00:00
BKG-08313,FAR-313,TR-013,Nairobi,completed,Harvesting,42990.41,paid,2026-06-25T09:00:00
BKG-08314,FAR-314,TR-014,Embu,pending,Soil management,31048.84,pending,2026-06-26T10:00:00
BKG-08315,FAR-315,TR-015,Kiambu,cancelled,Land preparation,9168.9,void,2026-06-27T11:00:00
BKG-08316,FAR-316,TR-016,Machakos,completed,Planting,15723.35,paid,2026-06-28T12:00:00
BKG-08317,FAR-317,TR-017,Nakuru,completed,Weeding,29895.16,paid,2026-06-29T13:00:00
BKG-08318,FAR-318,TR-018,Nairobi,completed,Harvesting,18824.28,paid,2026-06-30T14:00:00
BKG-08319,FAR-319,TR-019,Embu,completed,Soil management,40262.35,paid,2026-07-01T15:00:00
BKG-08320,FAR-320,TR-020,Kiambu,pending,Land preparation,30802.21,pending,2026-07-02T16:00:00
BKG-08321,FAR-321,TR-021,Machakos,cancelled,Planting,45809.27,void,2026-07-03T17:00:00
BKG-08322,FAR-322,TR-022,Nakuru,completed,Weeding,30101.92,pending,2026-07-04T18:00:00
BKG-08323,FAR-323,TR-023,Nairobi,completed,Harvesting,33766.6,paid,2026-07-05T19:00:00
BKG-08324,FAR-324,TR-024,Embu,completed,Soil management,12623.18,pending,2026-07-06T20:00:00
BKG-08325,FAR-325,TR-025,Kiambu,completed,Land preparation,17998.77,pending,2026-07-07T21:00:00
BKG-08326,FAR-326,TR-026,Machakos,pending,Planting,46637.96,pending,2026-07-08T22:00:00
BKG-08327,FAR-327,TR-027,Nakuru,cancelled,Weeding,24785.48,void,2026-07-09T23:00:00
BKG-08328,FAR-328,TR-028,Nairobi,completed,Harvesting,24880.63,paid,2026-07-10T00:00:00
BKG-08329,FAR-329,TR-029,Embu,completed,Soil management,50125.88,paid,2026-07-11T01:00:00
BKG-08330,FAR-330,TR-030,Kiambu,completed,Land preparation,28481.9,pending,2026-07-12T02:00:00
BKG-08331,FAR-331,TR-031,Machakos,completed,Planting,45197.38,paid,2026-07-13T03:00:00
BKG-08332,FAR-332,TR-032,Nakuru,pending,Weeding,38509.74,pending,2026-07-14T04:00:00
BKG-08333,FAR-333,TR-033,Nairobi,cancelled,Harvesting,18100.51,void,2026-07-15T05:00:00
BKG-08334,FAR-334,TR-034,Embu,completed,Soil management,50617.91,paid,2026-07-16T06:00:00
BKG-08335,FAR-335,TR-035,Kiambu,completed,Land preparation,24877.55,paid,2026-07-17T07:00:00
BKG-08336,FAR-336,TR-036,Machakos,completed,Planting,45019.56,pending,2026-07-18T08:00:00
BKG-08337,FAR-337,TR-037,Nakuru,completed,Weeding,39443.91,paid,2026-07-19T09:00:00
BKG-08338,FAR-338,TR-038,Nairobi,pending,Harvesting,9126.59,pending,2026-07-20T10:00:00
BKG-08339,FAR-339,TR-039,Embu,cancelled,Soil management,18829.9,void,2026-07-21T11:00:00
BKG-08340,FAR-340,TR-040,Kiambu,completed,Land preparation,26861.69,paid,2026-07-22T12:00:00
BKG-08341,FAR-341,TR-041,Machakos,completed,Planting,47815.31,paid,2026-07-23T13:00:00
BKG-08342,FAR-342,TR-042,Nakuru,completed,Weeding,26085.23,paid,2026-07-24T14:00:00
BKG-08343,FAR-343,TR-043,Nairobi,completed,Harvesting,23707.98,pending,2026-07-25T15:00:00
BKG-08344,FAR-344,TR-044,Embu,pending,Soil management,44157.5,pending,2026-07-26T16:00:00
BKG-08345,FAR-345,TR-045,Kiambu,cancelled,Land preparation,34387.31,void,2026-07-27T17:00:00
BKG-08346,FAR-346,TR-046,Machakos,completed,Planting,45020.29,pending,2026-07-28T18:00:00
BKG-08347,FAR-347,TR-047,Nakuru,completed,Weeding,44105.19,pending,2026-07-29T19:00:00
BKG-08348,FAR-348,TR-048,Nairobi,completed,Harvesting,46026.81,paid,2026-07-30T20:00:00
BKG-08349,FAR-349,TR-049,Embu,completed,Soil management,23060.34,paid,2026-07-31T21:00:00
BKG-08350,FAR-350,TR-050,Kiambu,pending,Land preparation,52861.82,pending,2026-08-01T22:00:00
BKG-08351,FAR-351,TR-051,Machakos,cancelled,Planting,25542.0,void,2026-08-02T23:00:00
BKG-08352,FAR-352,TR-052,Nakuru,completed,Weeding,42780.98,paid,2026-08-03T00:00:00
BKG-08353,FAR-353,TR-053,Nairobi,completed,Harvesting,37785.4,paid,2026-08-04T01:00:00
BKG-08354,FAR-354,TR-054,Embu,completed,Soil management,46398.9,paid,2026-08-05T02:00:00
BKG-08355,FAR-355,TR-055,Kiambu,completed,Land preparation,33560.48,paid,2026-08-06T03:00:00
BKG-08356,FAR-356,TR-056,Machakos,pending,Planting,10817.81,pending,2026-08-07T04:00:00
BKG-08357,FAR-357,TR-057,Nakuru,cancelled,Weeding,9213.5,void,2026-08-08T05:00:00
BKG-08358,FAR-358,TR-058,Nairobi,completed,Harvesting,45445.05,pending,2026-08-09T06:00:00
BKG-08359,FAR-359,TR-059,Embu,completed,Soil management,52136.28,paid,2026-08-10T07:00:00
BKG-08360,FAR-360,TR-060,Kiambu,completed,Land preparation,9785.52,paid,2026-08-11T08:00:00
BKG-08361,FAR-361,TR-061,Machakos,completed,Planting,31355.67,pending,2026-08-12T09:00:00
BKG-08362,FAR-362,TR-062,Nakuru,pending,Weeding,13692.85,pending,2026-08-13T10:00:00
BKG-08363,FAR-363,TR-063,Nairobi,cancelled,Harvesting,11469.36,void,2026-08-14T11:00:00
BKG-08364,FAR-364,TR-064,Embu,completed,Soil management,52655.29,paid,2026-08-15T12:00:00
BKG-08365,FAR-365,TR-065,Kiambu,completed,Land preparation,23324.96,paid,2026-08-16T13:00:00
BKG-08366,FAR-366,TR-066,Machakos,completed,Planting,51004.57,paid,2026-08-17T14:00:00
BKG-08367,FAR-367,TR-067,Nakuru,completed,Weeding,38307.49,paid,2026-08-18T15:00:00
BKG-08368,FAR-368,TR-068,Nairobi,pending,Harvesting,26980.31,pending,2026-08-19T16:00:00
BKG-08369,FAR-369,TR-069,Embu,cancelled,Soil management,35451.66,void,2026-08-20T17:00:00
BKG-08370,FAR-370,TR-070,Kiambu,completed,Land preparation,39027.03,pending,2026-08-21T18:00:00
BKG-08371,FAR-371,TR-071,Machakos,completed,Planting,36544.17,pending,2026-08-22T19:00:00
BKG-08372,FAR-372,TR-072,Nakuru,completed,Weeding,47964.44,pending,2026-08-23T20:00:00
BKG-08373,FAR-373,TR-073,Nairobi,completed,Harvesting,31901.12,paid,2026-08-24T21:00:00
BKG-08374,FAR-374,TR-074,Embu,pending,Soil management,41765.06,pending,2026-08-25T22:00:00
BKG-08375,FAR-375,TR-075,Kiambu,cancelled,Land preparation,53690.36,void,2026-08-26T23:00:00
BKG-08376,FAR-376,TR-076,Machakos,completed,Planting,45253.56,paid,2026-08-27T00:00:00
BKG-08377,FAR-377,TR-077,Nakuru,completed,Weeding,51521.17,paid,2026-08-28T01:00:00
BKG-08378,FAR-378,TR-078,Nairobi,completed,Harvesting,33363.18,paid,2026-08-29T02:00:00
BKG-08379,FAR-379,TR-079,Embu,completed,Soil management,19957.73,paid,2026-08-30T03:00:00
BKG-08380,FAR-380,TR-080,Kiambu,pending,Land preparation,40703.88,pending,2026-08-31T04:00:00
BKG-08381,FAR-381,TR-081,Machakos,cancelled,Planting,45232.3,void,2026-09-01T05:00:00
BKG-08382,FAR-382,TR-082,Nakuru,completed,Weeding,20757.13,paid,2026-09-02T06:00:00
BKG-08383,FAR-383,TR-083,Nairobi,completed,Harvesting,44292.62,paid,2026-09-03T07:00:00
BKG-08384,FAR-384,TR-084,Embu,completed,Soil management,11104.22,paid,2026-09-04T08:00:00
BKG-08385,FAR-385,TR-085,Kiambu,completed,Land preparation,44260.58,paid,2026-09-05T09:00:00
BKG-08386,FAR-386,TR-086,Machakos,pending,Planting,16587.46,pending,2026-09-06T10:00:00
BKG-08387,FAR-387,TR-087,Nakuru,cancelled,Weeding,22315.95,void,2026-09-07T11:00:00
BKG-08388,FAR-388,TR-088,Nairobi,completed,Harvesting,49140.55,paid,2026-09-08T12:00:00
BKG-08389,FAR-389,TR-089,Embu,completed,Soil management,11876.44,paid,2026-09-09T13:00:00
BKG-08390,FAR-390,TR-090,Kiambu,completed,Land preparation,15394.83,paid,2026-09-10T14:00:00
BKG-08391,FAR-391,TR-091,Machakos,completed,Planting,42635.87,pending,2026-09-11T15:00:00
BKG-08392,FAR-392,TR-092,Nakuru,pending,Weeding,37647.58,pending,2026-09-12T16:00:00
BKG-08393,FAR-393,TR-093,Nairobi,cancelled,Harvesting,24314.05,void,2026-09-13T17:00:00
BKG-08394,FAR-394,TR-094,Embu,completed,Soil management,26419.14,pending,2026-09-14T18:00:00
BKG-08395,FAR-395,TR-095,Kiambu,completed,Land preparation,46803.07,paid,2025-09-15T19:00:00
BKG-08396,FAR-396,TR-096,Machakos,completed,Planting,15616.67,paid,2025-09-16T20:00:00
BKG-08397,FAR-397,TR-097,Nakuru,completed,Weeding,25046.75,paid,2025-09-17T21:00:00
BKG-08398,FAR-398,TR-098,Nairobi,pending,Harvesting,29101.11,pending,2025-09-18T22:00:00
BKG-08399,FAR-399,TR-099,Embu,cancelled,Soil management,39343.57,void,2025-09-19T23:00:00
BKG-08400,FAR-400,TR-100,Kiambu,completed,Land preparation,16809.53,pending,2025-09-20T00:00:00
BKG-08401,FAR-401,TR-001,Machakos,completed,Planting,11133.77,paid,2025-09-21T01:00:00
BKG-08402,FAR-402,TR-002,Nakuru,completed,Weeding,49531.59,paid,2025-09-22T02:00:00
BKG-08403,FAR-403,TR-003,Nairobi,completed,Harvesting,18333.81,paid,2025-09-23T03:00:00
BKG-08404,FAR-404,TR-004,Embu,pending,Soil management,44917.27,pending,2025-09-24T04:00:00
BKG-08405,FAR-405,TR-005,Kiambu,cancelled,Land preparation,20478.07,void,2025-09-25T05:00:00
BKG-08406,FAR-406,TR-006,Machakos,completed,Planting,29478.12,paid,2025-09-26T06:00:00
BKG-08407,FAR-407,TR-007,Nakuru,completed,Weeding,21925.61,paid,2025-09-27T07:00:00
BKG-08408,FAR-408,TR-008,Nairobi,completed,Harvesting,18667.05,pending,2025-09-28T08:00:00
BKG-08409,FAR-409,TR-009,Embu,completed,Soil management,25635.2,pending,2025-09-29T09:00:00
BKG-08410,FAR-410,TR-010,Kiambu,pending,Land preparation,39613.85,pending,2025-09-30T10:00:00
BKG-08411,FAR-411,TR-011,Machakos,cancelled,Planting,36500.19,void,2025-10-01T11:00:00
BKG-08412,FAR-412,TR-012,Nakuru,completed,Weeding,35182.64,paid,2025-10-02T12:00:00
BKG-08413,FAR-413,TR-013,Nairobi,completed,Harvesting,38700.19,pending,2025-10-03T13:00:00
BKG-08414,FAR-414,TR-014,Embu,completed,Soil management,14729.76,paid,2025-10-04T14:00:00
BKG-08415,FAR-415,TR-015,Kiambu,completed,Land preparation,33313.68,paid,2025-10-05T15:00:00
BKG-08416,FAR-416,TR-016,Machakos,pending,Planting,31529.31,pending,2025-10-06T16:00:00
BKG-08417,FAR-417,TR-017,Nakuru,cancelled,Weeding,28596.57,void,2025-10-07T17:00:00
BKG-08418,FAR-418,TR-018,Nairobi,completed,Harvesting,33875.59,paid,2025-10-08T18:00:00
BKG-08419,FAR-419,TR-019,Embu,completed,Soil management,30685.57,paid,2025-10-09T19:00:00
BKG-08420,FAR-420,TR-020,Kiambu,completed,Land preparation,35336.06,paid,2025-10-10T20:00:00
BKG-08421,FAR-421,TR-021,Machakos,completed,Planting,13774.3,paid,2025-10-11T21:00:00
BKG-08422,FAR-422,TR-022,Nakuru,pending,Weeding,9994.45,pending,2025-10-12T22:00:00
BKG-08423,FAR-423,TR-023,Nairobi,cancelled,Harvesting,32700.97,void,2025-10-13T23:00:00
BKG-08424,FAR-424,TR-024,Embu,completed,Soil management,35872.12,paid,2025-10-14T00:00:00
BKG-08425,FAR-425,TR-025,Kiambu,completed,Land preparation,37969.52,paid,2025-10-15T01:00:00
BKG-08426,FAR-426,TR-026,Machakos,completed,Planting,18433.37,pending,2025-10-16T02:00:00
BKG-08427,FAR-427,TR-027,Nakuru,completed,Weeding,23838.8,paid,2025-10-17T03:00:00
BKG-08428,FAR-428,TR-028,Nairobi,pending,Harvesting,23798.95,pending,2025-10-18T04:00:00
BKG-08429,FAR-429,TR-029,Embu,cancelled,Soil management,15464.18,void,2025-10-19T05:00:00
BKG-08430,FAR-430,TR-030,Kiambu,completed,Land preparation,29527.42,pending,2025-10-20T06:00:00
BKG-08431,FAR-431,TR-031,Machakos,completed,Planting,28250.76,paid,2025-10-21T07:00:00
BKG-08432,FAR-432,TR-032,Nakuru,completed,Weeding,28832.23,paid,2025-10-22T08:00:00
BKG-08433,FAR-433,TR-033,Nairobi,completed,Harvesting,38000.49,paid,2025-10-23T09:00:00
BKG-08434,FAR-434,TR-034,Embu,pending,Soil management,37683.26,pending,2025-10-24T10:00:00
BKG-08435,FAR-435,TR-035,Kiambu,cancelled,Land preparation,52335.78,void,2025-10-25T11:00:00
BKG-08436,FAR-436,TR-036,Machakos,completed,Planting,41776.41,pending,2025-10-26T12:00:00
BKG-08437,FAR-437,TR-037,Nakuru,completed,Weeding,47702.99,pending,2025-10-27T13:00:00
BKG-08438,FAR-438,TR-038,Nairobi,completed,Harvesting,12241.89,paid,2025-10-28T14:00:00
BKG-08439,FAR-439,TR-039,Embu,completed,Soil management,33686.81,paid,2025-10-29T15:00:00
BKG-08440,FAR-440,TR-040,Kiambu,pending,Land preparation,30230.46,pending,2025-10-30T16:00:00
BKG-08441,FAR-441,TR-041,Machakos,cancelled,Planting,20361.6,void,2025-10-31T17:00:00
BKG-08442,FAR-442,TR-042,Nakuru,completed,Weeding,40865.32,paid,2025-11-01T18:00:00
BKG-08443,FAR-443,TR-043,Nairobi,completed,Harvesting,53708.33,paid,2025-11-02T19:00:00
BKG-08444,FAR-444,TR-044,Embu,completed,Soil management,39885.32,paid,2025-11-03T20:00:00
BKG-08445,FAR-445,TR-045,Kiambu,completed,Land preparation,47517.51,paid,2025-11-04T21:00:00
BKG-08446,FAR-446,TR-046,Machakos,pending,Planting,50513.84,pending,2025-11-05T22:00:00
BKG-08447,FAR-447,TR-047,Nakuru,cancelled,Weeding,42810.87,void,2025-11-06T23:00:00
BKG-08448,FAR-448,TR-048,Nairobi,completed,Harvesting,39172.02,paid,2025-11-07T00:00:00
BKG-08449,FAR-449,TR-049,Embu,completed,Soil management,33713.2,paid,2025-11-08T01:00:00
BKG-08450,FAR-450,TR-050,Kiambu,completed,Land preparation,17013.6,paid,2025-11-09T02:00:00
BKG-08451,FAR-451,TR-051,Machakos,completed,Planting,26205.84,paid,2025-11-10T03:00:00
BKG-08452,FAR-452,TR-052,Nakuru,pending,Weeding,52935.69,pending,2025-11-11T04:00:00
BKG-08453,FAR-453,TR-053,Nairobi,cancelled,Harvesting,33391.21,void,2025-11-12T05:00:00
BKG-08454,FAR-454,TR-054,Embu,completed,Soil management,49573.85,paid,2025-11-13T06:00:00
BKG-08455,FAR-455,TR-055,Kiambu,completed,Land preparation,47698.68,paid,2025-11-14T07:00:00
BKG-08456,FAR-456,TR-056,Machakos,completed,Planting,44153.01,paid,2025-11-15T08:00:00
BKG-08457,FAR-457,TR-057,Nakuru,completed,Weeding,45288.28,paid,2025-11-16T09:00:00
BKG-08458,FAR-458,TR-058,Nairobi,pending,Harvesting,26081.34,pending,2025-11-17T10:00:00
BKG-08459,FAR-459,TR-059,Embu,cancelled,Soil management,17645.57,void,2025-11-18T11:00:00
BKG-08460,FAR-460,TR-060,Kiambu,completed,Land preparation,15098.83,paid,2025-11-19T12:00:00
BKG-08461,FAR-461,TR-061,Machakos,completed,Planting,33282.91,paid,2025-11-20T13:00:00
BKG-08462,FAR-462,TR-062,Nakuru,completed,Weeding,49696.23,paid,2025-11-21T14:00:00
BKG-08463,FAR-463,TR-063,Nairobi,completed,Harvesting,17212.69,paid,2025-11-22T15:00:00
BKG-08464,FAR-464,TR-064,Embu,pending,Soil management,9584.69,pending,2025-11-23T16:00:00
BKG-08465,FAR-465,TR-065,Kiambu,cancelled,Land preparation,28791.63,void,2025-11-24T17:00:00
BKG-08466,FAR-466,TR-066,Machakos,completed,Planting,51267.63,paid,2025-11-25T18:00:00
BKG-08467,FAR-467,TR-067,Nakuru,completed,Weeding,13896.79,paid,2025-11-26T19:00:00
BKG-08468,FAR-468,TR-068,Nairobi,completed,Harvesting,9607.78,paid,2025-11-27T20:00:00
BKG-08469,FAR-469,TR-069,Embu,completed,Soil management,48043.04,paid,2025-11-28T21:00:00
BKG-08470,FAR-470,TR-070,Kiambu,pending,Land preparation,47348.93,pending,2025-11-29T22:00:00
BKG-08471,FAR-471,TR-071,Machakos,cancelled,Planting,9139.92,void,2025-11-30T23:00:00
BKG-08472,FAR-472,TR-072,Nakuru,completed,Weeding,15292.42,paid,2025-12-01T00:00:00
BKG-08473,FAR-473,TR-073,Nairobi,completed,Harvesting,18238.55,paid,2025-12-02T01:00:00
BKG-08474,FAR-474,TR-074,Embu,completed,Soil management,51748.26,paid,2025-12-03T02:00:00
BKG-08475,FAR-475,TR-075,Kiambu,completed,Land preparation,50913.63,paid,2025-12-04T03:00:00
BKG-08476,FAR-476,TR-076,Machakos,pending,Planting,50995.94,pending,2025-12-05T04:00:00
BKG-08477,FAR-477,TR-077,Nakuru,cancelled,Weeding,25445.81,void,2025-12-06T05:00:00
BKG-08478,FAR-478,TR-078,Nairobi,completed,Harvesting,14787.24,paid,2025-12-07T06:00:00
BKG-08479,FAR-479,TR-079,Embu,completed,Soil management,30307.48,paid,2025-12-08T07:00:00
BKG-08480,FAR-480,TR-080,Kiambu,completed,Land preparation,22457.96,paid,2025-12-09T08:00:00
BKG-08481,FAR-481,TR-081,Machakos,completed,Planting,24350.87,paid,2025-12-10T09:00:00
BKG-08482,FAR-482,TR-082,Nakuru,pending,Weeding,34887.06,pending,2025-12-11T10:00:00
BKG-08483,FAR-483,TR-083,Nairobi,cancelled,Harvesting,22428.51,void,2025-12-12T11:00:00
BKG-08484,FAR-484,TR-084,Embu,completed,Soil management,23506.91,paid,2025-12-13T12:00:00
BKG-08485,FAR-485,TR-085,Kiambu,completed,Land preparation,32966.02,paid,2025-12-14T13:00:00
BKG-08486,FAR-486,TR-086,Machakos,completed,Planting,29776.26,paid,2025-12-15T14:00:00
BKG-08487,FAR-487,TR-087,Nakuru,completed,Weeding,15538.5,paid,2025-12-16T15:00:00
BKG-08488,FAR-488,TR-088,Nairobi,pending,Harvesting,35714.14,pending,2025-12-17T16:00:00
BKG-08489,FAR-489,TR-089,Embu,cancelled,Soil management,29454.78,void,2025-12-18T17:00:00
BKG-08490,FAR-490,TR-090,Kiambu,completed,Land preparation,47760.18,paid,2025-12-19T18:00:00
BKG-08491,FAR-491,TR-091,Machakos,completed,Planting,35583.19,paid,2025-12-20T19:00:00
BKG-08492,FAR-492,TR-092,Nakuru,completed,Weeding,11210.16,paid,2025-12-21T20:00:00
BKG-08493,FAR-493,TR-093,Nairobi,completed,Harvesting,10524.79,paid,2025-12-22T21:00:00
BKG-08494,FAR-494,TR-094,Embu,pending,Soil management,51597.04,pending,2025-12-23T22:00:00
BKG-08495,FAR-495,TR-095,Kiambu,cancelled,Land preparation,19545.69,void,2025-12-24T23:00:00
BKG-08496,FAR-496,TR-096,Machakos,completed,Planting,34384.92,pending,2025-12-25T00:00:00
BKG-08497,FAR-497,TR-097,Nakuru,completed,Weeding,21322.15,paid,2025-12-26T01:00:00
BKG-08498,FAR-498,TR-098,Nairobi,completed,Harvesting,53324.8,paid,2025-12-27T02:00:00
BKG-08499,FAR-499,TR-099,Embu,completed,Soil management,25564.69,paid,2025-12-28T03:00:00
BKG-08500,FAR-500,TR-100,Kiambu,pending,Land preparation,16247.74,pending,2025-12-29T04:00:00
BKG-08501,FAR-001,TR-001,Machakos,cancelled,Planting,15385.88,void,2025-12-30T05:00:00
BKG-08502,FAR-002,TR-002,Nakuru,completed,Weeding,17026.91,paid,2025-12-31T06:00:00
BKG-08503,FAR-003,TR-003,Nairobi,completed,Harvesting,35851.73,paid,2026-01-01T07:00:00
BKG-08504,FAR-004,TR-004,Embu,completed,Soil management,33196.17,paid,2026-01-02T08:00:00
BKG-08505,FAR-005,TR-005,Kiambu,completed,Land preparation,45182.34,paid,2026-01-03T09:00:00
BKG-08506,FAR-006,TR-006,Machakos,pending,Planting,32811.41,pending,2026-01-04T10:00:00
BKG-08507,FAR-007,TR-007,Nakuru,cancelled,Weeding,52730.67,void,2026-01-05T11:00:00
BKG-08508,FAR-008,TR-008,Nairobi,completed,Harvesting,22351.52,paid,2026-01-06T12:00:00
BKG-08509,FAR-009,TR-009,Embu,completed,Soil management,21432.09,paid,2026-01-07T13:00:00
BKG-08510,FAR-010,TR-010,Kiambu,completed,Land preparation,22945.08,paid,2026-01-08T14:00:00
BKG-08511,FAR-011,TR-011,Machakos,completed,Planting,23568.94,paid,2026-01-09T15:00:00
BKG-08512,FAR-012,TR-012,Nakuru,pending,Weeding,42248.76,pending,2026-01-10T16:00:00
BKG-08513,FAR-013,TR-013,Nairobi,cancelled,Harvesting,17558.02,void,2026-01-11T17:00:00
BKG-08514,FAR-014,TR-014,Embu,completed,Soil management,25065.63,paid,2026-01-12T18:00:00
BKG-08515,FAR-015,TR-015,Kiambu,completed,Land preparation,26142.27,paid,2026-01-13T19:00:00
BKG-08516,FAR-016,TR-016,Machakos,completed,Planting,9743.82,paid,2026-01-14T20:00:00
BKG-08517,FAR-017,TR-017,Nakuru,completed,Weeding,12396.87,paid,2026-01-15T21:00:00
BKG-08518,FAR-018,TR-018,Nairobi,pending,Harvesting,33486.93,pending,2026-01-16T22:00:00
BKG-08519,FAR-019,TR-019,Embu,cancelled,Soil management,9532.55,void,2026-01-17T23:00:00
BKG-08520,FAR-020,TR-020,Kiambu,completed,Land preparation,44967.09,paid,2026-01-18T00:00:00
BKG-08521,FAR-021,TR-021,Machakos,completed,Planting,26630.02,paid,2026-01-19T01:00:00
BKG-08522,FAR-022,TR-022,Nakuru,completed,Weeding,38777.92,paid,2026-01-20T02:00:00
BKG-08523,FAR-023,TR-023,Nairobi,completed,Harvesting,46115.5,paid,2026-01-21T03:00:00
BKG-08524,FAR-024,TR-024,Embu,pending,Soil management,9037.01,pending,2026-01-22T04:00:00
BKG-08525,FAR-025,TR-025,Kiambu,cancelled,Land preparation,35119.9,void,2026-01-23T05:00:00
BKG-08526,FAR-026,TR-026,Machakos,completed,Planting,48413.7,paid,2026-01-24T06:00:00
BKG-08527,FAR-027,TR-027,Nakuru,completed,Weeding,39206.15,paid,2026-01-25T07:00:00
BKG-08528,FAR-028,TR-028,Nairobi,completed,Harvesting,47518.67,paid,2026-01-26T08:00:00
BKG-08529,FAR-029,TR-029,Embu,completed,Soil management,25764.85,pending,2026-01-27T09:00:00
BKG-08530,FAR-030,TR-030,Kiambu,pending,Land preparation,18211.99,pending,2026-01-28T10:00:00
BKG-08531,FAR-031,TR-031,Machakos,cancelled,Planting,23345.1,void,2026-01-29T11:00:00
BKG-08532,FAR-032,TR-032,Nakuru,completed,Weeding,45171.08,paid,2026-01-30T12:00:00
BKG-08533,FAR-033,TR-033,Nairobi,completed,Harvesting,14610.97,pending,2026-01-31T13:00:00
BKG-08534,FAR-034,TR-034,Embu,completed,Soil management,15016.88,paid,2026-02-01T14:00:00
BKG-08535,FAR-035,TR-035,Kiambu,completed,Land preparation,23004.24,paid,2026-02-02T15:00:00
BKG-08536,FAR-036,TR-036,Machakos,pending,Planting,35044.39,pending,2026-02-03T16:00:00
BKG-08537,FAR-037,TR-037,Nakuru,cancelled,Weeding,39928.96,void,2026-02-04T17:00:00
BKG-08538,FAR-038,TR-038,Nairobi,completed,Harvesting,15429.31,paid,2026-02-05T18:00:00
BKG-08539,FAR-039,TR-039,Embu,completed,Soil management,39233.76,paid,2026-02-06T19:00:00
BKG-08540,FAR-040,TR-040,Kiambu,completed,Land preparation,22635.31,paid,2026-02-07T20:00:00
BKG-08541,FAR-041,TR-041,Machakos,completed,Planting,47202.22,paid,2026-02-08T21:00:00
BKG-08542,FAR-042,TR-042,Nakuru,pending,Weeding,11000.17,pending,2026-02-09T22:00:00
BKG-08543,FAR-043,TR-043,Nairobi,cancelled,Harvesting,30533.75,void,2026-02-10T23:00:00
BKG-08544,FAR-044,TR-044,Embu,completed,Soil management,28333.69,paid,2026-02-11T00:00:00
BKG-08545,FAR-045,TR-045,Kiambu,completed,Land preparation,28292.41,paid,2026-02-12T01:00:00
BKG-08546,FAR-046,TR-046,Machakos,completed,Planting,52374.12,paid,2026-02-13T02:00:00
BKG-08547,FAR-047,TR-047,Nakuru,completed,Weeding,23174.13,paid,2026-02-14T03:00:00
BKG-08548,FAR-048,TR-048,Nairobi,pending,Harvesting,37681.14,pending,2026-02-15T04:00:00
BKG-08549,FAR-049,TR-049,Embu,cancelled,Soil management,52513.84,void,2026-02-16T05:00:00
BKG-08550,FAR-050,TR-050,Kiambu,completed,Land preparation,29500.3,pending,2026-02-17T06:00:00
BKG-08551,FAR-051,TR-051,Machakos,completed,Planting,49942.78,paid,2026-02-18T07:00:00
BKG-08552,FAR-052,TR-052,Nakuru,completed,Weeding,47246.31,pending,2026-02-19T08:00:00
BKG-08553,FAR-053,TR-053,Nairobi,completed,Harvesting,12068.54,paid,2026-02-20T09:00:00
BKG-08554,FAR-054,TR-054,Embu,pending,Soil management,37573.0,pending,2026-02-21T10:00:00
BKG-08555,FAR-055,TR-055,Kiambu,cancelled,Land preparation,50715.1,void,2026-02-22T11:00:00
BKG-08556,FAR-056,TR-056,Machakos,completed,Planting,21029.51,pending,2026-02-23T12:00:00
BKG-08557,FAR-057,TR-057,Nakuru,completed,Weeding,24646.48,paid,2026-02-24T13:00:00
BKG-08558,FAR-058,TR-058,Nairobi,completed,Harvesting,53537.68,paid,2026-02-25T14:00:00
BKG-08559,FAR-059,TR-059,Embu,completed,Soil management,13629.31,paid,2026-02-26T15:00:00
BKG-08560,FAR-060,TR-060,Kiambu,pending,Land preparation,18134.55,pending,2026-02-27T16:00:00
BKG-08561,FAR-061,TR-061,Machakos,cancelled,Planting,26994.66,void,2026-02-28T17:00:00
BKG-08562,FAR-062,TR-062,Nakuru,completed,Weeding,10729.25,pending,2026-03-01T18:00:00
BKG-08563,FAR-063,TR-063,Nairobi,completed,Harvesting,36940.47,paid,2026-03-02T19:00:00
BKG-08564,FAR-064,TR-064,Embu,completed,Soil management,41622.05,paid,2026-03-03T20:00:00
BKG-08565,FAR-065,TR-065,Kiambu,completed,Land preparation,22116.85,paid,2026-03-04T21:00:00
BKG-08566,FAR-066,TR-066,Machakos,pending,Planting,41843.94,pending,2026-03-05T22:00:00
BKG-08567,FAR-067,TR-067,Nakuru,cancelled,Weeding,47548.27,void,2026-03-06T23:00:00
BKG-08568,FAR-068,TR-068,Nairobi,completed,Harvesting,13835.79,paid,2026-03-07T00:00:00
BKG-08569,FAR-069,TR-069,Embu,completed,Soil management,37395.88,paid,2026-03-08T01:00:00
BKG-08570,FAR-070,TR-070,Kiambu,completed,Land preparation,17937.77,paid,2026-03-09T02:00:00
BKG-08571,FAR-071,TR-071,Machakos,completed,Planting,28122.05,paid,2026-03-10T03:00:00
BKG-08572,FAR-072,TR-072,Nakuru,pending,Weeding,44635.77,pending,2026-03-11T04:00:00
BKG-08573,FAR-073,TR-073,Nairobi,cancelled,Harvesting,28968.5,void,2026-03-12T05:00:00
BKG-08574,FAR-074,TR-074,Embu,completed,Soil management,35422.3,pending,2026-03-13T06:00:00
BKG-08575,FAR-075,TR-075,Kiambu,completed,Land preparation,34723.58,paid,2026-03-14T07:00:00
BKG-08576,FAR-076,TR-076,Machakos,completed,Planting,52473.28,paid,2026-03-15T08:00:00
BKG-08577,FAR-077,TR-077,Nakuru,completed,Weeding,23755.76,paid,2026-03-16T09:00:00
BKG-08578,FAR-078,TR-078,Nairobi,pending,Harvesting,29062.18,pending,2026-03-17T10:00:00
BKG-08579,FAR-079,TR-079,Embu,cancelled,Soil management,39912.69,void,2026-03-18T11:00:00
BKG-08580,FAR-080,TR-080,Kiambu,completed,Land preparation,27732.52,paid,2026-03-19T12:00:00
BKG-08581,FAR-081,TR-081,Machakos,completed,Planting,23173.66,paid,2026-03-20T13:00:00
BKG-08582,FAR-082,TR-082,Nakuru,completed,Weeding,30441.03,paid,2026-03-21T14:00:00
BKG-08583,FAR-083,TR-083,Nairobi,completed,Harvesting,13953.46,paid,2026-03-22T15:00:00
BKG-08584,FAR-084,TR-084,Embu,pending,Soil management,18522.09,pending,2026-03-23T16:00:00
BKG-08585,FAR-085,TR-085,Kiambu,cancelled,Land preparation,11270.18,void,2026-03-24T17:00:00
BKG-08586,FAR-086,TR-086,Machakos,completed,Planting,49511.57,paid,2026-03-25T18:00:00
BKG-08587,FAR-087,TR-087,Nakuru,completed,Weeding,29427.66,paid,2026-03-26T19:00:00
BKG-08588,FAR-088,TR-088,Nairobi,completed,Harvesting,45583.79,paid,2026-03-27T20:00:00
BKG-08589,FAR-089,TR-089,Embu,completed,Soil management,12589.14,paid,2026-03-28T21:00:00
BKG-08590,FAR-090,TR-090,Kiambu,pending,Land preparation,31401.98,pending,2026-03-29T22:00:00
BKG-08591,FAR-091,TR-091,Machakos,cancelled,Planting,19303.92,void,2026-03-30T23:00:00
BKG-08592,FAR-092,TR-092,Nakuru,completed,Weeding,48134.32,paid,2026-03-31T00:00:00
BKG-08593,FAR-093,TR-093,Nairobi,completed,Harvesting,29411.24,pending,2026-04-01T01:00:00
BKG-08594,FAR-094,TR-094,Embu,completed,Soil management,27898.45,pending,2026-04-02T02:00:00
BKG-08595,FAR-095,TR-095,Kiambu,completed,Land preparation,16479.59,paid,2026-04-03T03:00:00
BKG-08596,FAR-096,TR-096,Machakos,pending,Planting,10715.91,pending,2026-04-04T04:00:00
BKG-08597,FAR-097,TR-097,Nakuru,cancelled,Weeding,51380.84,void,2026-04-05T05:00:00
BKG-08598,FAR-098,TR-098,Nairobi,completed,Harvesting,19559.9,paid,2026-04-06T06:00:00
BKG-08599,FAR-099,TR-099,Embu,completed,Soil management,11325.38,paid,2026-04-07T07:00:00
BKG-08600,FAR-100,TR-100,Kiambu,completed,Land preparation,53255.37,paid,2026-04-08T08:00:00
BKG-08601,FAR-101,TR-001,Machakos,completed,Planting,38068.79,paid,2026-04-09T09:00:00
BKG-08602,FAR-102,TR-002,Nakuru,pending,Weeding,23033.49,pending,2026-04-10T10:00:00
BKG-08603,FAR-103,TR-003,Nairobi,cancelled,Harvesting,11607.51,void,2026-04-11T11:00:00
BKG-08604,FAR-104,TR-004,Embu,completed,Soil management,20740.51,paid,2026-04-12T12:00:00
BKG-08605,FAR-105,TR-005,Kiambu,completed,Land preparation,9021.53,paid,2026-04-13T13:00:00
BKG-08606,FAR-106,TR-006,Machakos,completed,Planting,53497.27,paid,2026-04-14T14:00:00
BKG-08607,FAR-107,TR-007,Nakuru,completed,Weeding,21099.41,pending,2026-04-15T15:00:00
BKG-08608,FAR-108,TR-008,Nairobi,pending,Harvesting,15440.87,pending,2026-04-16T16:00:00
BKG-08609,FAR-109,TR-009,Embu,cancelled,Soil management,42498.83,void,2026-04-17T17:00:00
BKG-08610,FAR-110,TR-010,Kiambu,completed,Land preparation,14561.05,paid,2026-04-18T18:00:00
BKG-08611,FAR-111,TR-011,Machakos,completed,Planting,41328.94,paid,2026-04-19T19:00:00
BKG-08612,FAR-112,TR-012,Nakuru,completed,Weeding,24890.91,paid,2026-04-20T20:00:00
BKG-08613,FAR-113,TR-013,Nairobi,completed,Harvesting,20191.54,paid,2026-04-21T21:00:00
BKG-08614,FAR-114,TR-014,Embu,pending,Soil management,33988.07,pending,2026-04-22T22:00:00
BKG-08615,FAR-115,TR-015,Kiambu,cancelled,Land preparation,12933.26,void,2026-04-23T23:00:00
BKG-08616,FAR-116,TR-016,Machakos,completed,Planting,53253.81,paid,2026-04-24T00:00:00
BKG-08617,FAR-117,TR-017,Nakuru,completed,Weeding,15026.15,paid,2026-04-25T01:00:00
BKG-08618,FAR-118,TR-018,Nairobi,completed,Harvesting,36676.21,paid,2026-04-26T02:00:00
BKG-08619,FAR-119,TR-019,Embu,completed,Soil management,21198.44,paid,2026-04-27T03:00:00
BKG-08620,FAR-120,TR-020,Kiambu,pending,Land preparation,27304.57,pending,2026-04-28T04:00:00
BKG-08621,FAR-121,TR-021,Machakos,cancelled,Planting,45152.72,void,2026-04-29T05:00:00
BKG-08622,FAR-122,TR-022,Nakuru,completed,Weeding,44353.88,paid,2026-04-30T06:00:00
BKG-08623,FAR-123,TR-023,Nairobi,completed,Harvesting,44853.04,paid,2026-05-01T07:00:00
BKG-08624,FAR-124,TR-024,Embu,completed,Soil management,17273.57,paid,2026-05-02T08:00:00
BKG-08625,FAR-125,TR-025,Kiambu,completed,Land preparation,41121.1,paid,2026-05-03T09:00:00
BKG-08626,FAR-126,TR-026,Machakos,pending,Planting,34185.73,pending,2026-05-04T10:00:00
BKG-08627,FAR-127,TR-027,Nakuru,cancelled,Weeding,49236.34,void,2026-05-05T11:00:00
BKG-08628,FAR-128,TR-028,Nairobi,completed,Harvesting,29929.9,paid,2026-05-06T12:00:00
BKG-08629,FAR-129,TR-029,Embu,completed,Soil management,26442.72,paid,2026-05-07T13:00:00
BKG-08630,FAR-130,TR-030,Kiambu,completed,Land preparation,36456.92,paid,2026-05-08T14:00:00
BKG-08631,FAR-131,TR-031,Machakos,completed,Planting,10817.76,paid,2026-05-09T15:00:00
BKG-08632,FAR-132,TR-032,Nakuru,pending,Weeding,32174.58,pending,2026-05-10T16:00:00
BKG-08633,FAR-133,TR-033,Nairobi,cancelled,Harvesting,43250.67,void,2026-05-11T17:00:00
BKG-08634,FAR-134,TR-034,Embu,completed,Soil management,18188.28,paid,2026-05-12T18:00:00
BKG-08635,FAR-135,TR-035,Kiambu,completed,Land preparation,37798.76,paid,2026-05-13T19:00:00
BKG-08636,FAR-136,TR-036,Machakos,completed,Planting,10089.84,paid,2026-05-14T20:00:00
BKG-08637,FAR-137,TR-037,Nakuru,completed,Weeding,41537.11,paid,2026-05-15T21:00:00
BKG-08638,FAR-138,TR-038,Nairobi,pending,Harvesting,31815.68,pending,2026-05-16T22:00:00
BKG-08639,FAR-139,TR-039,Embu,cancelled,Soil management,49823.11,void,2026-05-17T23:00:00
BKG-08640,FAR-140,TR-040,Kiambu,completed,Land preparation,24918.14,paid,2026-05-18T00:00:00
BKG-08641,FAR-141,TR-041,Machakos,completed,Planting,37461.69,paid,2026-05-19T01:00:00
BKG-08642,FAR-142,TR-042,Nakuru,completed,Weeding,49602.12,paid,2026-05-20T02:00:00
BKG-08643,FAR-143,TR-043,Nairobi,completed,Harvesting,28964.38,paid,2026-05-21T03:00:00
BKG-08644,FAR-144,TR-044,Embu,pending,Soil management,38112.95,pending,2026-05-22T04:00:00
BKG-08645,FAR-145,TR-045,Kiambu,cancelled,Land preparation,29084.1,void,2026-05-23T05:00:00
BKG-08646,FAR-146,TR-046,Machakos,completed,Planting,49981.21,paid,2026-05-24T06:00:00
BKG-08647,FAR-147,TR-047,Nakuru,completed,Weeding,24240.13,pending,2026-05-25T07:00:00
BKG-08648,FAR-148,TR-048,Nairobi,completed,Harvesting,53939.7,pending,2026-05-26T08:00:00
BKG-08649,FAR-149,TR-049,Embu,completed,Soil management,39147.4,paid,2026-05-27T09:00:00
BKG-08650,FAR-150,TR-050,Kiambu,pending,Land preparation,29807.41,pending,2026-05-28T10:00:00
BKG-08651,FAR-151,TR-051,Machakos,cancelled,Planting,48691.0,void,2026-05-29T11:00:00
BKG-08652,FAR-152,TR-052,Nakuru,completed,Weeding,53251.38,paid,2026-05-30T12:00:00
BKG-08653,FAR-153,TR-053,Nairobi,completed,Harvesting,32829.55,pending,2026-05-31T13:00:00
BKG-08654,FAR-154,TR-054,Embu,completed,Soil management,28641.4,paid,2026-06-01T14:00:00
BKG-08655,FAR-155,TR-055,Kiambu,completed,Land preparation,46085.77,paid,2026-06-02T15:00:00
BKG-08656,FAR-156,TR-056,Machakos,pending,Planting,39166.32,pending,2026-06-03T16:00:00
BKG-08657,FAR-157,TR-057,Nakuru,cancelled,Weeding,13772.75,void,2026-06-04T17:00:00
BKG-08658,FAR-158,TR-058,Nairobi,completed,Harvesting,40492.8,paid,2026-06-05T18:00:00
BKG-08659,FAR-159,TR-059,Embu,completed,Soil management,40023.87,pending,2026-06-06T19:00:00
BKG-08660,FAR-160,TR-060,Kiambu,completed,Land preparation,24261.84,paid,2026-06-07T20:00:00
BKG-08661,FAR-161,TR-061,Machakos,completed,Planting,45036.76,paid,2026-06-08T21:00:00
BKG-08662,FAR-162,TR-062,Nakuru,pending,Weeding,36655.72,pending,2026-06-09T22:00:00
BKG-08663,FAR-163,TR-063,Nairobi,cancelled,Harvesting,15884.56,void,2026-06-10T23:00:00
BKG-08664,FAR-164,TR-064,Embu,completed,Soil management,36623.99,paid,2026-06-11T00:00:00
BKG-08665,FAR-165,TR-065,Kiambu,completed,Land preparation,23379.33,paid,2026-06-12T01:00:00
BKG-08666,FAR-166,TR-066,Machakos,completed,Planting,46028.18,pending,2026-06-13T02:00:00
BKG-08667,FAR-167,TR-067,Nakuru,completed,Weeding,50844.04,paid,2026-06-14T03:00:00
BKG-08668,FAR-168,TR-068,Nairobi,pending,Harvesting,43445.8,pending,2026-06-15T04:00:00
BKG-08669,FAR-169,TR-069,Embu,cancelled,Soil management,17507.58,void,2026-06-16T05:00:00
BKG-08670,FAR-170,TR-070,Kiambu,completed,Land preparation,35395.98,paid,2026-06-17T06:00:00
BKG-08671,FAR-171,TR-071,Machakos,completed,Planting,47127.9,pending,2026-06-18T07:00:00
BKG-08672,FAR-172,TR-072,Nakuru,completed,Weeding,39951.27,paid,2026-06-19T08:00:00
BKG-08673,FAR-173,TR-073,Nairobi,completed,Harvesting,46771.44,paid,2026-06-20T09:00:00
BKG-08674,FAR-174,TR-074,Embu,pending,Soil management,31315.54,pending,2026-06-21T10:00:00
BKG-08675,FAR-175,TR-075,Kiambu,cancelled,Land preparation,46255.1,void,2026-06-22T11:00:00
BKG-08676,FAR-176,TR-076,Machakos,completed,Planting,24178.47,paid,2026-06-23T12:00:00
BKG-08677,FAR-177,TR-077,Nakuru,completed,Weeding,9991.79,paid,2026-06-24T13:00:00
BKG-08678,FAR-178,TR-078,Nairobi,completed,Harvesting,30009.53,paid,2026-06-25T14:00:00
BKG-08679,FAR-179,TR-079,Embu,completed,Soil management,41480.96,pending,2026-06-26T15:00:00
BKG-08680,FAR-180,TR-080,Kiambu,pending,Land preparation,21846.2,pending,2026-06-27T16:00:00
BKG-08681,FAR-181,TR-081,Machakos,cancelled,Planting,33862.35,void,2026-06-28T17:00:00
BKG-08682,FAR-182,TR-082,Nakuru,completed,Weeding,19781.75,paid,2026-06-29T18:00:00
BKG-08683,FAR-183,TR-083,Nairobi,completed,Harvesting,12236.84,paid,2026-06-30T19:00:00
BKG-08684,FAR-184,TR-084,Embu,completed,Soil management,21820.17,paid,2026-07-01T20:00:00
BKG-08685,FAR-185,TR-085,Kiambu,completed,Land preparation,26240.75,pending,2026-07-02T21:00:00
BKG-08686,FAR-186,TR-086,Machakos,pending,Planting,15757.37,pending,2026-07-03T22:00:00
BKG-08687,FAR-187,TR-087,Nakuru,cancelled,Weeding,9167.17,void,2026-07-04T23:00:00
BKG-08688,FAR-188,TR-088,Nairobi,completed,Harvesting,9488.1,paid,2026-07-05T00:00:00
BKG-08689,FAR-189,TR-089,Embu,completed,Soil management,20460.52,pending,2026-07-06T01:00:00
BKG-08690,FAR-190,TR-090,Kiambu,completed,Land preparation,9843.76,paid,2026-07-07T02:00:00
BKG-08691,FAR-191,TR-091,Machakos,completed,Planting,52641.47,paid,2026-07-08T03:00:00
BKG-08692,FAR-192,TR-092,Nakuru,pending,Weeding,45339.98,pending,2026-07-09T04:00:00
BKG-08693,FAR-193,TR-093,Nairobi,cancelled,Harvesting,44722.22,void,2026-07-10T05:00:00
BKG-08694,FAR-194,TR-094,Embu,completed,Soil management,11462.65,paid,2026-07-11T06:00:00
BKG-08695,FAR-195,TR-095,Kiambu,completed,Land preparation,19654.67,paid,2026-07-12T07:00:00
BKG-08696,FAR-196,TR-096,Machakos,completed,Planting,38022.23,paid,2026-07-13T08:00:00
BKG-08697,FAR-197,TR-097,Nakuru,completed,Weeding,25301.12,pending,2026-07-14T09:00:00
BKG-08698,FAR-198,TR-098,Nairobi,pending,Harvesting,9911.04,pending,2026-07-15T10:00:00
BKG-08699,FAR-199,TR-099,Embu,cancelled,Soil management,41886.88,void,2026-07-16T11:00:00
BKG-08700,FAR-200,TR-100,Kiambu,completed,Land preparation,32531.22,paid,2026-07-17T12:00:00
BKG-08701,FAR-201,TR-001,Machakos,completed,Planting,34752.14,paid,2026-07-18T13:00:00
BKG-08702,FAR-202,TR-002,Nakuru,completed,Weeding,34832.73,paid,2026-07-19T14:00:00
BKG-08703,FAR-203,TR-003,Nairobi,completed,Harvesting,51715.16,paid,2026-07-20T15:00:00
BKG-08704,FAR-204,TR-004,Embu,pending,Soil management,34574.65,pending,2026-07-21T16:00:00
BKG-08705,FAR-205,TR-005,Kiambu,cancelled,Land preparation,9465.92,void,2026-07-22T17:00:00
BKG-08706,FAR-206,TR-006,Machakos,completed,Planting,16694.87,paid,2026-07-23T18:00:00
BKG-08707,FAR-207,TR-007,Nakuru,completed,Weeding,48860.6,paid,2026-07-24T19:00:00
BKG-08708,FAR-208,TR-008,Nairobi,completed,Harvesting,38850.57,paid,2026-07-25T20:00:00
BKG-08709,FAR-209,TR-009,Embu,completed,Soil management,30145.03,paid,2026-07-26T21:00:00
BKG-08710,FAR-210,TR-010,Kiambu,pending,Land preparation,29243.06,pending,2026-07-27T22:00:00
BKG-08711,FAR-211,TR-011,Machakos,cancelled,Planting,15705.51,void,2026-07-28T23:00:00
BKG-08712,FAR-212,TR-012,Nakuru,completed,Weeding,15564.41,pending,2026-07-29T00:00:00
BKG-08713,FAR-213,TR-013,Nairobi,completed,Harvesting,49680.61,paid,2026-07-30T01:00:00
BKG-08714,FAR-214,TR-014,Embu,completed,Soil management,11373.47,paid,2026-07-31T02:00:00
BKG-08715,FAR-215,TR-015,Kiambu,completed,Land preparation,11707.8,paid,2026-08-01T03:00:00
BKG-08716,FAR-216,TR-016,Machakos,pending,Planting,33196.27,pending,2026-08-02T04:00:00
BKG-08717,FAR-217,TR-017,Nakuru,cancelled,Weeding,22153.04,void,2026-08-03T05:00:00
BKG-08718,FAR-218,TR-018,Nairobi,completed,Harvesting,13634.07,paid,2026-08-04T06:00:00
BKG-08719,FAR-219,TR-019,Embu,completed,Soil management,30257.4,paid,2026-08-05T07:00:00
BKG-08720,FAR-220,TR-020,Kiambu,completed,Land preparation,44810.53,paid,2026-08-06T08:00:00
BKG-08721,FAR-221,TR-021,Machakos,completed,Planting,44342.35,paid,2026-08-07T09:00:00
BKG-08722,FAR-222,TR-022,Nakuru,pending,Weeding,14300.29,pending,2026-08-08T10:00:00
BKG-08723,FAR-223,TR-023,Nairobi,cancelled,Harvesting,42860.81,void,2026-08-09T11:00:00
BKG-08724,FAR-224,TR-024,Embu,completed,Soil management,53685.38,pending,2026-08-10T12:00:00
BKG-08725,FAR-225,TR-025,Kiambu,completed,Land preparation,21381.11,paid,2026-08-11T13:00:00
BKG-08726,FAR-226,TR-026,Machakos,completed,Planting,42772.64,paid,2026-08-12T14:00:00
BKG-08727,FAR-227,TR-027,Nakuru,completed,Weeding,21321.55,paid,2026-08-13T15:00:00
BKG-08728,FAR-228,TR-028,Nairobi,pending,Harvesting,49456.19,pending,2026-08-14T16:00:00
BKG-08729,FAR-229,TR-029,Embu,cancelled,Soil management,11690.01,void,2026-08-15T17:00:00
BKG-08730,FAR-230,TR-030,Kiambu,completed,Land preparation,14383.37,paid,2026-08-16T18:00:00
BKG-08731,FAR-231,TR-031,Machakos,completed,Planting,15079.23,paid,2026-08-17T19:00:00
BKG-08732,FAR-232,TR-032,Nakuru,completed,Weeding,26334.06,paid,2026-08-18T20:00:00
BKG-08733,FAR-233,TR-033,Nairobi,completed,Harvesting,50230.36,pending,2026-08-19T21:00:00
BKG-08734,FAR-234,TR-034,Embu,pending,Soil management,36385.58,pending,2026-08-20T22:00:00
BKG-08735,FAR-235,TR-035,Kiambu,cancelled,Land preparation,53817.22,void,2026-08-21T23:00:00
BKG-08736,FAR-236,TR-036,Machakos,completed,Planting,42726.72,paid,2026-08-22T00:00:00
BKG-08737,FAR-237,TR-037,Nakuru,completed,Weeding,32927.84,paid,2026-08-23T01:00:00
BKG-08738,FAR-238,TR-038,Nairobi,completed,Harvesting,27517.69,paid,2026-08-24T02:00:00
BKG-08739,FAR-239,TR-039,Embu,completed,Soil management,52875.31,paid,2026-08-25T03:00:00
BKG-08740,FAR-240,TR-040,Kiambu,pending,Land preparation,35503.4,pending,2026-08-26T04:00:00
BKG-08741,FAR-241,TR-041,Machakos,cancelled,Planting,52563.41,void,2026-08-27T05:00:00
BKG-08742,FAR-242,TR-042,Nakuru,completed,Weeding,11286.34,paid,2026-08-28T06:00:00
BKG-08743,FAR-243,TR-043,Nairobi,completed,Harvesting,36648.88,paid,2026-08-29T07:00:00
BKG-08744,FAR-244,TR-044,Embu,completed,Soil management,20283.59,paid,2026-08-30T08:00:00
BKG-08745,FAR-245,TR-045,Kiambu,completed,Land preparation,28197.61,paid,2026-08-31T09:00:00
BKG-08746,FAR-246,TR-046,Machakos,pending,Planting,36166.0,pending,2026-09-01T10:00:00
BKG-08747,FAR-247,TR-047,Nakuru,cancelled,Weeding,38445.11,void,2026-09-02T11:00:00
BKG-08748,FAR-248,TR-048,Nairobi,completed,Harvesting,13185.75,paid,2026-09-03T12:00:00
BKG-08749,FAR-249,TR-049,Embu,completed,Soil management,34847.46,paid,2026-09-04T13:00:00
BKG-08750,FAR-250,TR-050,Kiambu,completed,Land preparation,25548.7,pending,2026-09-05T14:00:00
BKG-08751,FAR-251,TR-051,Machakos,completed,Planting,25484.78,paid,2026-09-06T15:00:00
BKG-08752,FAR-252,TR-052,Nakuru,pending,Weeding,52971.6,pending,2026-09-07T16:00:00
BKG-08753,FAR-253,TR-053,Nairobi,cancelled,Harvesting,52251.38,void,2026-09-08T17:00:00
BKG-08754,FAR-254,TR-054,Embu,completed,Soil management,9806.5,paid,2026-09-09T18:00:00
BKG-08755,FAR-255,TR-055,Kiambu,completed,Land preparation,10431.32,paid,2026-09-10T19:00:00
BKG-08756,FAR-256,TR-056,Machakos,completed,Planting,14393.99,paid,2026-09-11T20:00:00
BKG-08757,FAR-257,TR-057,Nakuru,completed,Weeding,47213.65,pending,2026-09-12T21:00:00
BKG-08758,FAR-258,TR-058,Nairobi,pending,Harvesting,29653.61,pending,2026-09-13T22:00:00
BKG-08759,FAR-259,TR-059,Embu,cancelled,Soil management,34074.46,void,2026-09-14T23:00:00
BKG-08760,FAR-260,TR-060,Kiambu,completed,Land preparation,27714.25,paid,2025-09-15T00:00:00
BKG-08761,FAR-261,TR-061,Machakos,completed,Planting,42737.38,paid,2025-09-16T01:00:00
BKG-08762,FAR-262,TR-062,Nakuru,completed,Weeding,37739.33,paid,2025-09-17T02:00:00
BKG-08763,FAR-263,TR-063,Nairobi,completed,Harvesting,29776.02,paid,2025-09-18T03:00:00
BKG-08764,FAR-264,TR-064,Embu,pending,Soil management,40906.53,pending,2025-09-19T04:00:00
BKG-08765,FAR-265,TR-065,Kiambu,cancelled,Land preparation,14398.75,void,2025-09-20T05:00:00
BKG-08766,FAR-266,TR-066,Machakos,completed,Planting,12838.54,paid,2025-09-21T06:00:00
BKG-08767,FAR-267,TR-067,Nakuru,completed,Weeding,42455.42,paid,2025-09-22T07:00:00
BKG-08768,FAR-268,TR-068,Nairobi,completed,Harvesting,19742.01,paid,2025-09-23T08:00:00
BKG-08769,FAR-269,TR-069,Embu,completed,Soil management,40208.27,paid,2025-09-24T09:00:00
BKG-08770,FAR-270,TR-070,Kiambu,pending,Land preparation,21858.13,pending,2025-09-25T10:00:00
BKG-08771,FAR-271,TR-071,Machakos,cancelled,Planting,27848.64,void,2025-09-26T11:00:00
BKG-08772,FAR-272,TR-072,Nakuru,completed,Weeding,53237.09,paid,2025-09-27T12:00:00
BKG-08773,FAR-273,TR-073,Nairobi,completed,Harvesting,53804.15,pending,2025-09-28T13:00:00
BKG-08774,FAR-274,TR-074,Embu,completed,Soil management,39933.62,paid,2025-09-29T14:00:00
BKG-08775,FAR-275,TR-075,Kiambu,completed,Land preparation,47193.19,paid,2025-09-30T15:00:00
BKG-08776,FAR-276,TR-076,Machakos,pending,Planting,13993.56,pending,2025-10-01T16:00:00
BKG-08777,FAR-277,TR-077,Nakuru,cancelled,Weeding,52541.82,void,2025-10-02T17:00:00
BKG-08778,FAR-278,TR-078,Nairobi,completed,Harvesting,42523.33,paid,2025-10-03T18:00:00
BKG-08779,FAR-279,TR-079,Embu,completed,Soil management,10880.64,pending,2025-10-04T19:00:00
BKG-08780,FAR-280,TR-080,Kiambu,completed,Land preparation,22643.21,paid,2025-10-05T20:00:00
BKG-08781,FAR-281,TR-081,Machakos,completed,Planting,31711.72,paid,2025-10-06T21:00:00
BKG-08782,FAR-282,TR-082,Nakuru,pending,Weeding,28663.22,pending,2025-10-07T22:00:00
BKG-08783,FAR-283,TR-083,Nairobi,cancelled,Harvesting,46864.82,void,2025-10-08T23:00:00
BKG-08784,FAR-284,TR-084,Embu,completed,Soil management,47243.85,paid,2025-10-09T00:00:00
BKG-08785,FAR-285,TR-085,Kiambu,completed,Land preparation,46249.16,paid,2025-10-10T01:00:00
BKG-08786,FAR-286,TR-086,Machakos,completed,Planting,37863.03,paid,2025-10-11T02:00:00
BKG-08787,FAR-287,TR-087,Nakuru,completed,Weeding,37200.84,paid,2025-10-12T03:00:00
BKG-08788,FAR-288,TR-088,Nairobi,pending,Harvesting,17318.3,pending,2025-10-13T04:00:00
BKG-08789,FAR-289,TR-089,Embu,cancelled,Soil management,50048.36,void,2025-10-14T05:00:00
BKG-08790,FAR-290,TR-090,Kiambu,completed,Land preparation,12841.8,paid,2025-10-15T06:00:00
BKG-08791,FAR-291,TR-091,Machakos,completed,Planting,24393.47,paid,2025-10-16T07:00:00
BKG-08792,FAR-292,TR-092,Nakuru,completed,Weeding,27356.85,paid,2025-10-17T08:00:00
BKG-08793,FAR-293,TR-093,Nairobi,completed,Harvesting,24070.6,paid,2025-10-18T09:00:00
BKG-08794,FAR-294,TR-094,Embu,pending,Soil management,39984.42,pending,2025-10-19T10:00:00
BKG-08795,FAR-295,TR-095,Kiambu,cancelled,Land preparation,42506.62,void,2025-10-20T11:00:00
BKG-08796,FAR-296,TR-096,Machakos,completed,Planting,25903.37,paid,2025-10-21T12:00:00
BKG-08797,FAR-297,TR-097,Nakuru,completed,Weeding,37680.43,paid,2025-10-22T13:00:00
BKG-08798,FAR-298,TR-098,Nairobi,completed,Harvesting,31148.89,paid,2025-10-23T14:00:00
BKG-08799,FAR-299,TR-099,Embu,completed,Soil management,48907.59,paid,2025-10-24T15:00:00
BKG-08800,FAR-300,TR-100,Kiambu,pending,Land preparation,50945.62,pending,2025-10-25T16:00:00
BKG-08801,FAR-301,TR-001,Machakos,cancelled,Planting,22965.39,void,2025-10-26T17:00:00
BKG-08802,FAR-302,TR-002,Nakuru,completed,Weeding,53524.83,paid,2025-10-27T18:00:00
BKG-08803,FAR-303,TR-003,Nairobi,completed,Harvesting,16370.09,paid,2025-10-28T19:00:00
BKG-08804,FAR-304,TR-004,Embu,completed,Soil management,37630.04,paid,2025-10-29T20:00:00
BKG-08805,FAR-305,TR-005,Kiambu,completed,Land preparation,32084.64,paid,2025-10-30T21:00:00
BKG-08806,FAR-306,TR-006,Machakos,pending,Planting,13571.99,pending,2025-10-31T22:00:00
BKG-08807,FAR-307,TR-007,Nakuru,cancelled,Weeding,44944.91,void,2025-11-01T23:00:00
BKG-08808,FAR-308,TR-008,Nairobi,completed,Harvesting,38530.33,paid,2025-11-02T00:00:00
BKG-08809,FAR-309,TR-009,Embu,completed,Soil management,45885.49,paid,2025-11-03T01:00:00
BKG-08810,FAR-310,TR-010,Kiambu,completed,Land preparation,43600.99,pending,2025-11-04T02:00:00
BKG-08811,FAR-311,TR-011,Machakos,completed,Planting,29986.22,paid,2025-11-05T03:00:00
BKG-08812,FAR-312,TR-012,Nakuru,pending,Weeding,36426.01,pending,2025-11-06T04:00:00
BKG-08813,FAR-313,TR-013,Nairobi,cancelled,Harvesting,49614.82,void,2025-11-07T05:00:00
BKG-08814,FAR-314,TR-014,Embu,completed,Soil management,49926.94,pending,2025-11-08T06:00:00
BKG-08815,FAR-315,TR-015,Kiambu,completed,Land preparation,33197.23,paid,2025-11-09T07:00:00
BKG-08816,FAR-316,TR-016,Machakos,completed,Planting,17503.23,paid,2025-11-10T08:00:00
BKG-08817,FAR-317,TR-017,Nakuru,completed,Weeding,36673.09,paid,2025-11-11T09:00:00
BKG-08818,FAR-318,TR-018,Nairobi,pending,Harvesting,45528.74,pending,2025-11-12T10:00:00
BKG-08819,FAR-319,TR-019,Embu,cancelled,Soil management,47101.7,void,2025-11-13T11:00:00
BKG-08820,FAR-320,TR-020,Kiambu,completed,Land preparation,34203.28,paid,2025-11-14T12:00:00
BKG-08821,FAR-321,TR-021,Machakos,completed,Planting,52280.01,paid,2025-11-15T13:00:00
BKG-08822,FAR-322,TR-022,Nakuru,completed,Weeding,15289.8,paid,2025-11-16T14:00:00
BKG-08823,FAR-323,TR-023,Nairobi,completed,Harvesting,30206.39,paid,2025-11-17T15:00:00
BKG-08824,FAR-324,TR-024,Embu,pending,Soil management,20830.83,pending,2025-11-18T16:00:00
BKG-08825,FAR-325,TR-025,Kiambu,cancelled,Land preparation,35039.55,void,2025-11-19T17:00:00
BKG-08826,FAR-326,TR-026,Machakos,completed,Planting,30949.05,paid,2025-11-20T18:00:00
BKG-08827,FAR-327,TR-027,Nakuru,completed,Weeding,12918.03,paid,2025-11-21T19:00:00
BKG-08828,FAR-328,TR-028,Nairobi,completed,Harvesting,26290.89,pending,2025-11-22T20:00:00
BKG-08829,FAR-329,TR-029,Embu,completed,Soil management,17188.75,pending,2025-11-23T21:00:00
BKG-08830,FAR-330,TR-030,Kiambu,pending,Land preparation,12958.44,pending,2025-11-24T22:00:00
BKG-08831,FAR-331,TR-031,Machakos,cancelled,Planting,49266.61,void,2025-11-25T23:00:00
BKG-08832,FAR-332,TR-032,Nakuru,completed,Weeding,51923.51,paid,2025-11-26T00:00:00
BKG-08833,FAR-333,TR-033,Nairobi,completed,Harvesting,37296.16,paid,2025-11-27T01:00:00
BKG-08834,FAR-334,TR-034,Embu,completed,Soil management,14915.28,paid,2025-11-28T02:00:00
BKG-08835,FAR-335,TR-035,Kiambu,completed,Land preparation,15157.21,paid,2025-11-29T03:00:00
BKG-08836,FAR-336,TR-036,Machakos,pending,Planting,43233.82,pending,2025-11-30T04:00:00
BKG-08837,FAR-337,TR-037,Nakuru,cancelled,Weeding,24870.77,void,2025-12-01T05:00:00
BKG-08838,FAR-338,TR-038,Nairobi,completed,Harvesting,31710.92,paid,2025-12-02T06:00:00
BKG-08839,FAR-339,TR-039,Embu,completed,Soil management,39883.56,paid,2025-12-03T07:00:00
BKG-08840,FAR-340,TR-040,Kiambu,completed,Land preparation,13144.49,paid,2025-12-04T08:00:00
BKG-08841,FAR-341,TR-041,Machakos,completed,Planting,39141.57,pending,2025-12-05T09:00:00
BKG-08842,FAR-342,TR-042,Nakuru,pending,Weeding,20023.07,pending,2025-12-06T10:00:00
BKG-08843,FAR-343,TR-043,Nairobi,cancelled,Harvesting,39576.17,void,2025-12-07T11:00:00
BKG-08844,FAR-344,TR-044,Embu,completed,Soil management,35894.55,paid,2025-12-08T12:00:00
BKG-08845,FAR-345,TR-045,Kiambu,completed,Land preparation,27079.13,paid,2025-12-09T13:00:00
BKG-08846,FAR-346,TR-046,Machakos,completed,Planting,46199.83,paid,2025-12-10T14:00:00
BKG-08847,FAR-347,TR-047,Nakuru,completed,Weeding,41757.56,paid,2025-12-11T15:00:00
BKG-08848,FAR-348,TR-048,Nairobi,pending,Harvesting,44064.22,pending,2025-12-12T16:00:00
BKG-08849,FAR-349,TR-049,Embu,cancelled,Soil management,31838.23,void,2025-12-13T17:00:00
BKG-08850,FAR-350,TR-050,Kiambu,completed,Land preparation,17918.76,paid,2025-12-14T18:00:00
BKG-08851,FAR-351,TR-051,Machakos,completed,Planting,43787.66,paid,2025-12-15T19:00:00
BKG-08852,FAR-352,TR-052,Nakuru,completed,Weeding,17431.29,paid,2025-12-16T20:00:00
BKG-08853,FAR-353,TR-053,Nairobi,completed,Harvesting,30757.47,paid,2025-12-17T21:00:00
BKG-08854,FAR-354,TR-054,Embu,pending,Soil management,29651.38,pending,2025-12-18T22:00:00
BKG-08855,FAR-355,TR-055,Kiambu,cancelled,Land preparation,35991.13,void,2025-12-19T23:00:00
BKG-08856,FAR-356,TR-056,Machakos,completed,Planting,53710.65,paid,2025-12-20T00:00:00
BKG-08857,FAR-357,TR-057,Nakuru,completed,Weeding,33431.69,paid,2025-12-21T01:00:00
BKG-08858,FAR-358,TR-058,Nairobi,completed,Harvesting,39017.52,paid,2025-12-22T02:00:00
BKG-08859,FAR-359,TR-059,Embu,completed,Soil management,41601.41,paid,2025-12-23T03:00:00
BKG-08860,FAR-360,TR-060,Kiambu,pending,Land preparation,52058.09,pending,2025-12-24T04:00:00
BKG-08861,FAR-361,TR-061,Machakos,cancelled,Planting,35866.12,void,2025-12-25T05:00:00
BKG-08862,FAR-362,TR-062,Nakuru,completed,Weeding,21073.2,paid,2025-12-26T06:00:00
BKG-08863,FAR-363,TR-063,Nairobi,completed,Harvesting,18742.02,paid,2025-12-27T07:00:00
BKG-08864,FAR-364,TR-064,Embu,completed,Soil management,41594.61,paid,2025-12-28T08:00:00
BKG-08865,FAR-365,TR-065,Kiambu,completed,Land preparation,46712.32,paid,2025-12-29T09:00:00
BKG-08866,FAR-366,TR-066,Machakos,pending,Planting,33413.59,pending,2025-12-30T10:00:00
BKG-08867,FAR-367,TR-067,Nakuru,cancelled,Weeding,52665.31,void,2025-12-31T11:00:00
BKG-08868,FAR-368,TR-068,Nairobi,completed,Harvesting,21555.04,paid,2026-01-01T12:00:00
BKG-08869,FAR-369,TR-069,Embu,completed,Soil management,32053.83,paid,2026-01-02T13:00:00
BKG-08870,FAR-370,TR-070,Kiambu,completed,Land preparation,17429.5,pending,2026-01-03T14:00:00
BKG-08871,FAR-371,TR-071,Machakos,completed,Planting,12188.82,pending,2026-01-04T15:00:00
BKG-08872,FAR-372,TR-072,Nakuru,pending,Weeding,9685.59,pending,2026-01-05T16:00:00
BKG-08873,FAR-373,TR-073,Nairobi,cancelled,Harvesting,20524.54,void,2026-01-06T17:00:00
BKG-08874,FAR-374,TR-074,Embu,completed,Soil management,49875.26,paid,2026-01-07T18:00:00
BKG-08875,FAR-375,TR-075,Kiambu,completed,Land preparation,42463.81,paid,2026-01-08T19:00:00
BKG-08876,FAR-376,TR-076,Machakos,completed,Planting,46164.01,paid,2026-01-09T20:00:00
BKG-08877,FAR-377,TR-077,Nakuru,completed,Weeding,44403.07,paid,2026-01-10T21:00:00
BKG-08878,FAR-378,TR-078,Nairobi,pending,Harvesting,30566.05,pending,2026-01-11T22:00:00
BKG-08879,FAR-379,TR-079,Embu,cancelled,Soil management,33805.07,void,2026-01-12T23:00:00
BKG-08880,FAR-380,TR-080,Kiambu,completed,Land preparation,45557.45,pending,2026-01-13T00:00:00
BKG-08881,FAR-381,TR-081,Machakos,completed,Planting,34462.46,paid,2026-01-14T01:00:00
BKG-08882,FAR-382,TR-082,Nakuru,completed,Weeding,14958.39,paid,2026-01-15T02:00:00
BKG-08883,FAR-383,TR-083,Nairobi,completed,Harvesting,38399.13,paid,2026-01-16T03:00:00
BKG-08884,FAR-384,TR-084,Embu,pending,Soil management,48622.73,pending,2026-01-17T04:00:00
BKG-08885,FAR-385,TR-085,Kiambu,cancelled,Land preparation,43261.6,void,2026-01-18T05:00:00
BKG-08886,FAR-386,TR-086,Machakos,completed,Planting,25949.52,pending,2026-01-19T06:00:00
BKG-08887,FAR-387,TR-087,Nakuru,completed,Weeding,25633.54,paid,2026-01-20T07:00:00
BKG-08888,FAR-388,TR-088,Nairobi,completed,Harvesting,33049.3,paid,2026-01-21T08:00:00
BKG-08889,FAR-389,TR-089,Embu,completed,Soil management,41451.86,paid,2026-01-22T09:00:00
BKG-08890,FAR-390,TR-090,Kiambu,pending,Land preparation,44680.64,pending,2026-01-23T10:00:00
BKG-08891,FAR-391,TR-091,Machakos,cancelled,Planting,49359.73,void,2026-01-24T11:00:00
BKG-08892,FAR-392,TR-092,Nakuru,completed,Weeding,41766.91,paid,2026-01-25T12:00:00
BKG-08893,FAR-393,TR-093,Nairobi,completed,Harvesting,32118.56,paid,2026-01-26T13:00:00
BKG-08894,FAR-394,TR-094,Embu,completed,Soil management,40913.35,paid,2026-01-27T14:00:00
BKG-08895,FAR-395,TR-095,Kiambu,completed,Land preparation,21578.9,paid,2026-01-28T15:00:00
BKG-08896,FAR-396,TR-096,Machakos,pending,Planting,12536.23,pending,2026-01-29T16:00:00
BKG-08897,FAR-397,TR-097,Nakuru,cancelled,Weeding,12984.66,void,2026-01-30T17:00:00
BKG-08898,FAR-398,TR-098,Nairobi,completed,Harvesting,13479.19,pending,2026-01-31T18:00:00
BKG-08899,FAR-399,TR-099,Embu,completed,Soil management,53412.53,paid,2026-02-01T19:00:00
BKG-08900,FAR-400,TR-100,Kiambu,completed,Land preparation,12726.26,paid,2026-02-02T20:00:00
BKG-08901,FAR-401,TR-001,Machakos,completed,Planting,40169.41,paid,2026-02-03T21:00:00
BKG-08902,FAR-402,TR-002,Nakuru,pending,Weeding,46016.25,pending,2026-02-04T22:00:00
BKG-08903,FAR-403,TR-003,Nairobi,cancelled,Harvesting,30534.18,void,2026-02-05T23:00:00
BKG-08904,FAR-404,TR-004,Embu,completed,Soil management,48934.87,paid,2026-02-06T00:00:00
BKG-08905,FAR-405,TR-005,Kiambu,completed,Land preparation,28012.74,paid,2026-02-07T01:00:00
BKG-08906,FAR-406,TR-006,Machakos,completed,Planting,46789.22,paid,2026-02-08T02:00:00
BKG-08907,FAR-407,TR-007,Nakuru,completed,Weeding,30056.46,paid,2026-02-09T03:00:00
BKG-08908,FAR-408,TR-008,Nairobi,pending,Harvesting,35390.05,pending,2026-02-10T04:00:00
BKG-08909,FAR-409,TR-009,Embu,cancelled,Soil management,20937.43,void,2026-02-11T05:00:00
BKG-08910,FAR-410,TR-010,Kiambu,completed,Land preparation,10724.57,paid,2026-02-12T06:00:00
BKG-08911,FAR-411,TR-011,Machakos,completed,Planting,46907.37,paid,2026-02-13T07:00:00
BKG-08912,FAR-412,TR-012,Nakuru,completed,Weeding,50907.69,paid,2026-02-14T08:00:00
BKG-08913,FAR-413,TR-013,Nairobi,completed,Harvesting,29023.65,pending,2026-02-15T09:00:00
BKG-08914,FAR-414,TR-014,Embu,pending,Soil management,10558.13,pending,2026-02-16T10:00:00
BKG-08915,FAR-415,TR-015,Kiambu,cancelled,Land preparation,27697.18,void,2026-02-17T11:00:00
BKG-08916,FAR-416,TR-016,Machakos,completed,Planting,12680.06,paid,2026-02-18T12:00:00
BKG-08917,FAR-417,TR-017,Nakuru,completed,Weeding,12659.29,paid,2026-02-19T13:00:00
BKG-08918,FAR-418,TR-018,Nairobi,completed,Harvesting,11152.61,paid,2026-02-20T14:00:00
BKG-08919,FAR-419,TR-019,Embu,completed,Soil management,31833.55,pending,2026-02-21T15:00:00
BKG-08920,FAR-420,TR-020,Kiambu,pending,Land preparation,12411.57,pending,2026-02-22T16:00:00
BKG-08921,FAR-421,TR-021,Machakos,cancelled,Planting,32150.78,void,2026-02-23T17:00:00
BKG-08922,FAR-422,TR-022,Nakuru,completed,Weeding,42737.32,paid,2026-02-24T18:00:00
BKG-08923,FAR-423,TR-023,Nairobi,completed,Harvesting,43848.81,paid,2026-02-25T19:00:00
BKG-08924,FAR-424,TR-024,Embu,completed,Soil management,25783.26,pending,2026-02-26T20:00:00
BKG-08925,FAR-425,TR-025,Kiambu,completed,Land preparation,46369.52,paid,2026-02-27T21:00:00
BKG-08926,FAR-426,TR-026,Machakos,pending,Planting,38435.27,pending,2026-02-28T22:00:00
BKG-08927,FAR-427,TR-027,Nakuru,cancelled,Weeding,43302.51,void,2026-03-01T23:00:00
BKG-08928,FAR-428,TR-028,Nairobi,completed,Harvesting,40236.17,paid,2026-03-02T00:00:00
BKG-08929,FAR-429,TR-029,Embu,completed,Soil management,24872.37,pending,2026-03-03T01:00:00
BKG-08930,FAR-430,TR-030,Kiambu,completed,Land preparation,41856.24,paid,2026-03-04T02:00:00
BKG-08931,FAR-431,TR-031,Machakos,completed,Planting,42150.61,paid,2026-03-05T03:00:00
BKG-08932,FAR-432,TR-032,Nakuru,pending,Weeding,45387.41,pending,2026-03-06T04:00:00
BKG-08933,FAR-433,TR-033,Nairobi,cancelled,Harvesting,10888.52,void,2026-03-07T05:00:00
BKG-08934,FAR-434,TR-034,Embu,completed,Soil management,30008.84,paid,2026-03-08T06:00:00
BKG-08935,FAR-435,TR-035,Kiambu,completed,Land preparation,15123.48,paid,2026-03-09T07:00:00
BKG-08936,FAR-436,TR-036,Machakos,completed,Planting,53460.38,paid,2026-03-10T08:00:00
BKG-08937,FAR-437,TR-037,Nakuru,completed,Weeding,52720.32,paid,2026-03-11T09:00:00
BKG-08938,FAR-438,TR-038,Nairobi,pending,Harvesting,52595.27,pending,2026-03-12T10:00:00
BKG-08939,FAR-439,TR-039,Embu,cancelled,Soil management,19345.64,void,2026-03-13T11:00:00
BKG-08940,FAR-440,TR-040,Kiambu,completed,Land preparation,38746.13,paid,2026-03-14T12:00:00
BKG-08941,FAR-441,TR-041,Machakos,completed,Planting,46935.94,paid,2026-03-15T13:00:00
BKG-08942,FAR-442,TR-042,Nakuru,completed,Weeding,39844.88,paid,2026-03-16T14:00:00
BKG-08943,FAR-443,TR-043,Nairobi,completed,Harvesting,37803.83,paid,2026-03-17T15:00:00
BKG-08944,FAR-444,TR-044,Embu,pending,Soil management,17178.94,pending,2026-03-18T16:00:00
BKG-08945,FAR-445,TR-045,Kiambu,cancelled,Land preparation,48057.08,void,2026-03-19T17:00:00
BKG-08946,FAR-446,TR-046,Machakos,completed,Planting,39447.15,paid,2026-03-20T18:00:00
BKG-08947,FAR-447,TR-047,Nakuru,completed,Weeding,47529.81,paid,2026-03-21T19:00:00
BKG-08948,FAR-448,TR-048,Nairobi,completed,Harvesting,36729.36,paid,2026-03-22T20:00:00
BKG-08949,FAR-449,TR-049,Embu,completed,Soil management,13876.04,paid,2026-03-23T21:00:00
BKG-08950,FAR-450,TR-050,Kiambu,pending,Land preparation,43737.81,pending,2026-03-24T22:00:00
BKG-08951,FAR-451,TR-051,Machakos,cancelled,Planting,27540.94,void,2026-03-25T23:00:00
BKG-08952,FAR-452,TR-052,Nakuru,completed,Weeding,14104.95,paid,2026-03-26T00:00:00
BKG-08953,FAR-453,TR-053,Nairobi,completed,Harvesting,30464.39,pending,2026-03-27T01:00:00
BKG-08954,FAR-454,TR-054,Embu,completed,Soil management,37610.93,paid,2026-03-28T02:00:00
BKG-08955,FAR-455,TR-055,Kiambu,completed,Land preparation,32088.64,paid,2026-03-29T03:00:00
BKG-08956,FAR-456,TR-056,Machakos,pending,Planting,12079.66,pending,2026-03-30T04:00:00
BKG-08957,FAR-457,TR-057,Nakuru,cancelled,Weeding,43720.0,void,2026-03-31T05:00:00
BKG-08958,FAR-458,TR-058,Nairobi,completed,Harvesting,10194.88,paid,2026-04-01T06:00:00
BKG-08959,FAR-459,TR-059,Embu,completed,Soil management,48253.62,paid,2026-04-02T07:00:00
BKG-08960,FAR-460,TR-060,Kiambu,completed,Land preparation,31925.38,paid,2026-04-03T08:00:00
BKG-08961,FAR-461,TR-061,Machakos,completed,Planting,49980.37,paid,2026-04-04T09:00:00
BKG-08962,FAR-462,TR-062,Nakuru,pending,Weeding,25278.85,pending,2026-04-05T10:00:00
BKG-08963,FAR-463,TR-063,Nairobi,cancelled,Harvesting,29922.71,void,2026-04-06T11:00:00
BKG-08964,FAR-464,TR-064,Embu,completed,Soil management,45430.43,paid,2026-04-07T12:00:00
BKG-08965,FAR-465,TR-065,Kiambu,completed,Land preparation,27187.76,paid,2026-04-08T13:00:00
BKG-08966,FAR-466,TR-066,Machakos,completed,Planting,21671.51,paid,2026-04-09T14:00:00
BKG-08967,FAR-467,TR-067,Nakuru,completed,Weeding,22756.88,paid,2026-04-10T15:00:00
BKG-08968,FAR-468,TR-068,Nairobi,pending,Harvesting,50699.39,pending,2026-04-11T16:00:00
BKG-08969,FAR-469,TR-069,Embu,cancelled,Soil management,49612.02,void,2026-04-12T17:00:00
BKG-08970,FAR-470,TR-070,Kiambu,completed,Land preparation,13298.32,paid,2026-04-13T18:00:00
BKG-08971,FAR-471,TR-071,Machakos,completed,Planting,21058.36,pending,2026-04-14T19:00:00
BKG-08972,FAR-472,TR-072,Nakuru,completed,Weeding,24787.21,paid,2026-04-15T20:00:00
BKG-08973,FAR-473,TR-073,Nairobi,completed,Harvesting,19057.84,paid,2026-04-16T21:00:00
BKG-08974,FAR-474,TR-074,Embu,pending,Soil management,26262.11,pending,2026-04-17T22:00:00
BKG-08975,FAR-475,TR-075,Kiambu,cancelled,Land preparation,22971.55,void,2026-04-18T23:00:00
BKG-08976,FAR-476,TR-076,Machakos,completed,Planting,30489.12,paid,2026-04-19T00:00:00
BKG-08977,FAR-477,TR-077,Nakuru,completed,Weeding,28156.74,paid,2026-04-20T01:00:00
BKG-08978,FAR-478,TR-078,Nairobi,completed,Harvesting,36324.29,paid,2026-04-21T02:00:00
BKG-08979,FAR-479,TR-079,Embu,completed,Soil management,10378.74,paid,2026-04-22T03:00:00
BKG-08980,FAR-480,TR-080,Kiambu,pending,Land preparation,42850.87,pending,2026-04-23T04:00:00
BKG-08981,FAR-481,TR-081,Machakos,cancelled,Planting,52330.63,void,2026-04-24T05:00:00
BKG-08982,FAR-482,TR-082,Nakuru,completed,Weeding,50364.49,pending,2026-04-25T06:00:00
BKG-08983,FAR-483,TR-083,Nairobi,completed,Harvesting,13451.99,paid,2026-04-26T07:00:00
BKG-08984,FAR-484,TR-084,Embu,completed,Soil management,32146.01,paid,2026-04-27T08:00:00
BKG-08985,FAR-485,TR-085,Kiambu,completed,Land preparation,47826.57,paid,2026-04-28T09:00:00
BKG-08986,FAR-486,TR-086,Machakos,pending,Planting,10053.25,pending,2026-04-29T10:00:00
BKG-08987,FAR-487,TR-087,Nakuru,cancelled,Weeding,53856.33,void,2026-04-30T11:00:00
BKG-08988,FAR-488,TR-088,Nairobi,completed,Harvesting,50120.39,paid,2026-05-01T12:00:00
BKG-08989,FAR-489,TR-089,Embu,completed,Soil management,16268.85,paid,2026-05-02T13:00:00
BKG-08990,FAR-490,TR-090,Kiambu,completed,Land preparation,33654.25,paid,2026-05-03T14:00:00
BKG-08991,FAR-491,TR-091,Machakos,completed,Planting,46831.11,paid,2026-05-04T15:00:00
BKG-08992,FAR-492,TR-092,Nakuru,pending,Weeding,19017.11,pending,2026-05-05T16:00:00
BKG-08993,FAR-493,TR-093,Nairobi,cancelled,Harvesting,29849.85,void,2026-05-06T17:00:00
BKG-08994,FAR-494,TR-094,Embu,completed,Soil management,44902.35,paid,2026-05-07T18:00:00
BKG-08995,FAR-495,TR-095,Kiambu,completed,Land preparation,51003.44,paid,2026-05-08T19:00:00
BKG-08996,FAR-496,TR-096,Machakos,completed,Planting,37749.18,paid,2026-05-09T20:00:00
BKG-08997,FAR-497,TR-097,Nakuru,completed,Weeding,23265.21,paid,2026-05-10T21:00:00
BKG-08998,FAR-498,TR-098,Nairobi,pending,Harvesting,52515.79,pending,2026-05-11T22:00:00
BKG-08999,FAR-499,TR-099,Embu,cancelled,Soil management,14321.67,void,2026-05-12T23:00:00
BKG-09000,FAR-500,TR-100,Kiambu,completed,Land preparation,29300.34,paid,2026-05-13T00:00:00
BKG-09001,FAR-001,TR-001,Machakos,completed,Planting,22371.66,paid,2026-05-14T01:00:00
BKG-09002,FAR-002,TR-002,Nakuru,completed,Weeding,34143.02,paid,2026-05-15T02:00:00
BKG-09003,FAR-003,TR-003,Nairobi,completed,Harvesting,51874.58,pending,2026-05-16T03:00:00
BKG-09004,FAR-004,TR-004,Embu,pending,Soil management,51071.93,pending,2026-05-17T04:00:00
BKG-09005,FAR-005,TR-005,Kiambu,cancelled,Land preparation,29555.53,void,2026-05-18T05:00:00
BKG-09006,FAR-006,TR-006,Machakos,completed,Planting,19182.2,paid,2026-05-19T06:00:00
BKG-09007,FAR-007,TR-007,Nakuru,completed,Weeding,20015.99,paid,2026-05-20T07:00:00
BKG-09008,FAR-008,TR-008,Nairobi,completed,Harvesting,53201.56,paid,2026-05-21T08:00:00
BKG-09009,FAR-009,TR-009,Embu,completed,Soil management,28193.59,paid,2026-05-22T09:00:00
BKG-09010,FAR-010,TR-010,Kiambu,pending,Land preparation,25226.52,pending,2026-05-23T10:00:00
BKG-09011,FAR-011,TR-011,Machakos,cancelled,Planting,15871.15,void,2026-05-24T11:00:00
BKG-09012,FAR-012,TR-012,Nakuru,completed,Weeding,14698.05,paid,2026-05-25T12:00:00
BKG-09013,FAR-013,TR-013,Nairobi,completed,Harvesting,46429.57,paid,2026-05-26T13:00:00
BKG-09014,FAR-014,TR-014,Embu,completed,Soil management,28357.23,pending,2026-05-27T14:00:00
BKG-09015,FAR-015,TR-015,Kiambu,completed,Land preparation,20776.01,paid,2026-05-28T15:00:00
BKG-09016,FAR-016,TR-016,Machakos,pending,Planting,31395.41,pending,2026-05-29T16:00:00
BKG-09017,FAR-017,TR-017,Nakuru,cancelled,Weeding,24540.17,void,2026-05-30T17:00:00
BKG-09018,FAR-018,TR-018,Nairobi,completed,Harvesting,11764.55,paid,2026-05-31T18:00:00
BKG-09019,FAR-019,TR-019,Embu,completed,Soil management,21802.84,paid,2026-06-01T19:00:00
BKG-09020,FAR-020,TR-020,Kiambu,completed,Land preparation,17400.55,paid,2026-06-02T20:00:00
BKG-09021,FAR-021,TR-021,Machakos,completed,Planting,21017.71,paid,2026-06-03T21:00:00
BKG-09022,FAR-022,TR-022,Nakuru,pending,Weeding,49036.71,pending,2026-06-04T22:00:00
BKG-09023,FAR-023,TR-023,Nairobi,cancelled,Harvesting,19786.01,void,2026-06-05T23:00:00
BKG-09024,FAR-024,TR-024,Embu,completed,Soil management,30791.13,paid,2026-06-06T00:00:00
BKG-09025,FAR-025,TR-025,Kiambu,completed,Land preparation,30810.09,pending,2026-06-07T01:00:00
BKG-09026,FAR-026,TR-026,Machakos,completed,Planting,50537.5,paid,2026-06-08T02:00:00
BKG-09027,FAR-027,TR-027,Nakuru,completed,Weeding,34815.21,paid,2026-06-09T03:00:00
BKG-09028,FAR-028,TR-028,Nairobi,pending,Harvesting,49227.72,pending,2026-06-10T04:00:00
BKG-09029,FAR-029,TR-029,Embu,cancelled,Soil management,40919.9,void,2026-06-11T05:00:00
BKG-09030,FAR-030,TR-030,Kiambu,completed,Land preparation,17054.78,paid,2026-06-12T06:00:00
BKG-09031,FAR-031,TR-031,Machakos,completed,Planting,31955.38,paid,2026-06-13T07:00:00
BKG-09032,FAR-032,TR-032,Nakuru,completed,Weeding,18214.42,pending,2026-06-14T08:00:00
BKG-09033,FAR-033,TR-033,Nairobi,completed,Harvesting,46338.43,paid,2026-06-15T09:00:00
BKG-09034,FAR-034,TR-034,Embu,pending,Soil management,24525.18,pending,2026-06-16T10:00:00
BKG-09035,FAR-035,TR-035,Kiambu,cancelled,Land preparation,48528.34,void,2026-06-17T11:00:00
BKG-09036,FAR-036,TR-036,Machakos,completed,Planting,34841.13,paid,2026-06-18T12:00:00
BKG-09037,FAR-037,TR-037,Nakuru,completed,Weeding,33528.11,paid,2026-06-19T13:00:00
BKG-09038,FAR-038,TR-038,Nairobi,completed,Harvesting,15449.51,paid,2026-06-20T14:00:00
BKG-09039,FAR-039,TR-039,Embu,completed,Soil management,51481.24,paid,2026-06-21T15:00:00
BKG-09040,FAR-040,TR-040,Kiambu,pending,Land preparation,49171.83,pending,2026-06-22T16:00:00
BKG-09041,FAR-041,TR-041,Machakos,cancelled,Planting,45241.6,void,2026-06-23T17:00:00
BKG-09042,FAR-042,TR-042,Nakuru,completed,Weeding,23623.19,paid,2026-06-24T18:00:00
BKG-09043,FAR-043,TR-043,Nairobi,completed,Harvesting,26963.45,paid,2026-06-25T19:00:00
BKG-09044,FAR-044,TR-044,Embu,completed,Soil management,10753.17,paid,2026-06-26T20:00:00
BKG-09045,FAR-045,TR-045,Kiambu,completed,Land preparation,41415.12,paid,2026-06-27T21:00:00
BKG-09046,FAR-046,TR-046,Machakos,pending,Planting,33042.21,pending,2026-06-28T22:00:00
BKG-09047,FAR-047,TR-047,Nakuru,cancelled,Weeding,33987.63,void,2026-06-29T23:00:00
BKG-09048,FAR-048,TR-048,Nairobi,completed,Harvesting,10711.96,paid,2026-06-30T00:00:00
BKG-09049,FAR-049,TR-049,Embu,completed,Soil management,38693.9,paid,2026-07-01T01:00:00
BKG-09050,FAR-050,TR-050,Kiambu,completed,Land preparation,39224.79,paid,2026-07-02T02:00:00
BKG-09051,FAR-051,TR-051,Machakos,completed,Planting,19221.2,paid,2026-07-03T03:00:00
BKG-09052,FAR-052,TR-052,Nakuru,pending,Weeding,12450.5,pending,2026-07-04T04:00:00
BKG-09053,FAR-053,TR-053,Nairobi,cancelled,Harvesting,49813.05,void,2026-07-05T05:00:00
BKG-09054,FAR-054,TR-054,Embu,completed,Soil management,14690.7,paid,2026-07-06T06:00:00
BKG-09055,FAR-055,TR-055,Kiambu,completed,Land preparation,39504.07,paid,2026-07-07T07:00:00
BKG-09056,FAR-056,TR-056,Machakos,completed,Planting,21243.17,paid,2026-07-08T08:00:00
BKG-09057,FAR-057,TR-057,Nakuru,completed,Weeding,46573.45,paid,2026-07-09T09:00:00
BKG-09058,FAR-058,TR-058,Nairobi,pending,Harvesting,45727.03,pending,2026-07-10T10:00:00
BKG-09059,FAR-059,TR-059,Embu,cancelled,Soil management,24400.28,void,2026-07-11T11:00:00
BKG-09060,FAR-060,TR-060,Kiambu,completed,Land preparation,13111.45,paid,2026-07-12T12:00:00
BKG-09061,FAR-061,TR-061,Machakos,completed,Planting,40876.67,paid,2026-07-13T13:00:00
BKG-09062,FAR-062,TR-062,Nakuru,completed,Weeding,50162.1,paid,2026-07-14T14:00:00
BKG-09063,FAR-063,TR-063,Nairobi,completed,Harvesting,39078.52,pending,2026-07-15T15:00:00
BKG-09064,FAR-064,TR-064,Embu,pending,Soil management,13899.03,pending,2026-07-16T16:00:00
BKG-09065,FAR-065,TR-065,Kiambu,cancelled,Land preparation,22874.81,void,2026-07-17T17:00:00
BKG-09066,FAR-066,TR-066,Machakos,completed,Planting,46908.54,paid,2026-07-18T18:00:00
BKG-09067,FAR-067,TR-067,Nakuru,completed,Weeding,26167.82,pending,2026-07-19T19:00:00
BKG-09068,FAR-068,TR-068,Nairobi,completed,Harvesting,14612.43,paid,2026-07-20T20:00:00
BKG-09069,FAR-069,TR-069,Embu,completed,Soil management,14382.93,paid,2026-07-21T21:00:00
BKG-09070,FAR-070,TR-070,Kiambu,pending,Land preparation,42411.08,pending,2026-07-22T22:00:00
BKG-09071,FAR-071,TR-071,Machakos,cancelled,Planting,42674.21,void,2026-07-23T23:00:00
BKG-09072,FAR-072,TR-072,Nakuru,completed,Weeding,44021.49,paid,2026-07-24T00:00:00
BKG-09073,FAR-073,TR-073,Nairobi,completed,Harvesting,39711.56,paid,2026-07-25T01:00:00
BKG-09074,FAR-074,TR-074,Embu,completed,Soil management,24978.14,paid,2026-07-26T02:00:00
BKG-09075,FAR-075,TR-075,Kiambu,completed,Land preparation,43420.19,paid,2026-07-27T03:00:00
BKG-09076,FAR-076,TR-076,Machakos,pending,Planting,47673.12,pending,2026-07-28T04:00:00
BKG-09077,FAR-077,TR-077,Nakuru,cancelled,Weeding,27788.57,void,2026-07-29T05:00:00
BKG-09078,FAR-078,TR-078,Nairobi,completed,Harvesting,23616.94,pending,2026-07-30T06:00:00
BKG-09079,FAR-079,TR-079,Embu,completed,Soil management,19962.18,paid,2026-07-31T07:00:00
BKG-09080,FAR-080,TR-080,Kiambu,completed,Land preparation,31168.2,paid,2026-08-01T08:00:00
BKG-09081,FAR-081,TR-081,Machakos,completed,Planting,27543.8,paid,2026-08-02T09:00:00
BKG-09082,FAR-082,TR-082,Nakuru,pending,Weeding,13346.61,pending,2026-08-03T10:00:00
BKG-09083,FAR-083,TR-083,Nairobi,cancelled,Harvesting,53920.53,void,2026-08-04T11:00:00
BKG-09084,FAR-084,TR-084,Embu,completed,Soil management,44911.1,paid,2026-08-05T12:00:00
BKG-09085,FAR-085,TR-085,Kiambu,completed,Land preparation,15816.92,paid,2026-08-06T13:00:00
BKG-09086,FAR-086,TR-086,Machakos,completed,Planting,31118.0,paid,2026-08-07T14:00:00
BKG-09087,FAR-087,TR-087,Nakuru,completed,Weeding,48039.73,paid,2026-08-08T15:00:00
BKG-09088,FAR-088,TR-088,Nairobi,pending,Harvesting,20166.72,pending,2026-08-09T16:00:00
BKG-09089,FAR-089,TR-089,Embu,cancelled,Soil management,51265.32,void,2026-08-10T17:00:00
BKG-09090,FAR-090,TR-090,Kiambu,completed,Land preparation,38626.2,paid,2026-08-11T18:00:00
BKG-09091,FAR-091,TR-091,Machakos,completed,Planting,49854.02,paid,2026-08-12T19:00:00
BKG-09092,FAR-092,TR-092,Nakuru,completed,Weeding,44804.1,paid,2026-08-13T20:00:00
BKG-09093,FAR-093,TR-093,Nairobi,completed,Harvesting,31076.46,paid,2026-08-14T21:00:00
BKG-09094,FAR-094,TR-094,Embu,pending,Soil management,9846.94,pending,2026-08-15T22:00:00
BKG-09095,FAR-095,TR-095,Kiambu,cancelled,Land preparation,21878.95,void,2026-08-16T23:00:00
BKG-09096,FAR-096,TR-096,Machakos,completed,Planting,19963.88,paid,2026-08-17T00:00:00
BKG-09097,FAR-097,TR-097,Nakuru,completed,Weeding,35876.32,paid,2026-08-18T01:00:00
BKG-09098,FAR-098,TR-098,Nairobi,completed,Harvesting,48261.08,paid,2026-08-19T02:00:00
BKG-09099,FAR-099,TR-099,Embu,completed,Soil management,44099.24,paid,2026-08-20T03:00:00
BKG-09100,FAR-100,TR-100,Kiambu,pending,Land preparation,40183.75,pending,2026-08-21T04:00:00
BKG-09101,FAR-101,TR-001,Machakos,cancelled,Planting,47511.61,void,2026-08-22T05:00:00
BKG-09102,FAR-102,TR-002,Nakuru,completed,Weeding,38259.22,paid,2026-08-23T06:00:00
BKG-09103,FAR-103,TR-003,Nairobi,completed,Harvesting,46337.35,paid,2026-08-24T07:00:00
BKG-09104,FAR-104,TR-004,Embu,completed,Soil management,47434.8,paid,2026-08-25T08:00:00
BKG-09105,FAR-105,TR-005,Kiambu,completed,Land preparation,24438.05,paid,2026-08-26T09:00:00
BKG-09106,FAR-106,TR-006,Machakos,pending,Planting,26053.23,pending,2026-08-27T10:00:00
BKG-09107,FAR-107,TR-007,Nakuru,cancelled,Weeding,53826.69,void,2026-08-28T11:00:00
BKG-09108,FAR-108,TR-008,Nairobi,completed,Harvesting,41990.06,paid,2026-08-29T12:00:00
BKG-09109,FAR-109,TR-009,Embu,completed,Soil management,49149.52,paid,2026-08-30T13:00:00
BKG-09110,FAR-110,TR-010,Kiambu,completed,Land preparation,16267.03,paid,2026-08-31T14:00:00
BKG-09111,FAR-111,TR-011,Machakos,completed,Planting,18465.98,pending,2026-09-01T15:00:00
BKG-09112,FAR-112,TR-012,Nakuru,pending,Weeding,11413.93,pending,2026-09-02T16:00:00
BKG-09113,FAR-113,TR-013,Nairobi,cancelled,Harvesting,36030.26,void,2026-09-03T17:00:00
BKG-09114,FAR-114,TR-014,Embu,completed,Soil management,24404.81,paid,2026-09-04T18:00:00
BKG-09115,FAR-115,TR-015,Kiambu,completed,Land preparation,23643.23,pending,2026-09-05T19:00:00
BKG-09116,FAR-116,TR-016,Machakos,completed,Planting,27994.71,paid,2026-09-06T20:00:00
BKG-09117,FAR-117,TR-017,Nakuru,completed,Weeding,41068.75,paid,2026-09-07T21:00:00
BKG-09118,FAR-118,TR-018,Nairobi,pending,Harvesting,37019.32,pending,2026-09-08T22:00:00
BKG-09119,FAR-119,TR-019,Embu,cancelled,Soil management,22741.2,void,2026-09-09T23:00:00
BKG-09120,FAR-120,TR-020,Kiambu,completed,Land preparation,31037.81,paid,2026-09-10T00:00:00
BKG-09121,FAR-121,TR-021,Machakos,completed,Planting,49499.8,paid,2026-09-11T01:00:00
BKG-09122,FAR-122,TR-022,Nakuru,completed,Weeding,12777.08,paid,2026-09-12T02:00:00
BKG-09123,FAR-123,TR-023,Nairobi,completed,Harvesting,31789.67,paid,2026-09-13T03:00:00
BKG-09124,FAR-124,TR-024,Embu,pending,Soil management,45283.86,pending,2026-09-14T04:00:00
BKG-09125,FAR-125,TR-025,Kiambu,cancelled,Land preparation,36966.69,void,2025-09-15T05:00:00
BKG-09126,FAR-126,TR-026,Machakos,completed,Planting,52378.74,paid,2025-09-16T06:00:00
BKG-09127,FAR-127,TR-027,Nakuru,completed,Weeding,13836.06,pending,2025-09-17T07:00:00
BKG-09128,FAR-128,TR-028,Nairobi,completed,Harvesting,53004.36,paid,2025-09-18T08:00:00
BKG-09129,FAR-129,TR-029,Embu,completed,Soil management,27172.59,pending,2025-09-19T09:00:00
BKG-09130,FAR-130,TR-030,Kiambu,pending,Land preparation,40888.04,pending,2025-09-20T10:00:00
BKG-09131,FAR-131,TR-031,Machakos,cancelled,Planting,34966.99,void,2025-09-21T11:00:00
BKG-09132,FAR-132,TR-032,Nakuru,completed,Weeding,24629.84,paid,2025-09-22T12:00:00
BKG-09133,FAR-133,TR-033,Nairobi,completed,Harvesting,17451.75,paid,2025-09-23T13:00:00
BKG-09134,FAR-134,TR-034,Embu,completed,Soil management,18079.15,paid,2025-09-24T14:00:00
BKG-09135,FAR-135,TR-035,Kiambu,completed,Land preparation,33436.99,paid,2025-09-25T15:00:00
BKG-09136,FAR-136,TR-036,Machakos,pending,Planting,48083.66,pending,2025-09-26T16:00:00
BKG-09137,FAR-137,TR-037,Nakuru,cancelled,Weeding,34878.8,void,2025-09-27T17:00:00
BKG-09138,FAR-138,TR-038,Nairobi,completed,Harvesting,48780.75,paid,2025-09-28T18:00:00
BKG-09139,FAR-139,TR-039,Embu,completed,Soil management,52235.28,paid,2025-09-29T19:00:00
BKG-09140,FAR-140,TR-040,Kiambu,completed,Land preparation,30970.28,paid,2025-09-30T20:00:00
BKG-09141,FAR-141,TR-041,Machakos,completed,Planting,47959.53,paid,2025-10-01T21:00:00
BKG-09142,FAR-142,TR-042,Nakuru,pending,Weeding,46341.29,pending,2025-10-02T22:00:00
BKG-09143,FAR-143,TR-043,Nairobi,cancelled,Harvesting,24995.52,void,2025-10-03T23:00:00
BKG-09144,FAR-144,TR-044,Embu,completed,Soil management,51930.13,paid,2025-10-04T00:00:00
BKG-09145,FAR-145,TR-045,Kiambu,completed,Land preparation,19787.47,paid,2025-10-05T01:00:00
BKG-09146,FAR-146,TR-046,Machakos,completed,Planting,20052.08,paid,2025-10-06T02:00:00
BKG-09147,FAR-147,TR-047,Nakuru,completed,Weeding,22466.54,paid,2025-10-07T03:00:00
BKG-09148,FAR-148,TR-048,Nairobi,pending,Harvesting,14676.43,pending,2025-10-08T04:00:00
BKG-09149,FAR-149,TR-049,Embu,cancelled,Soil management,35917.94,void,2025-10-09T05:00:00
BKG-09150,FAR-150,TR-050,Kiambu,completed,Land preparation,52194.38,paid,2025-10-10T06:00:00
BKG-09151,FAR-151,TR-051,Machakos,completed,Planting,37705.91,pending,2025-10-11T07:00:00
BKG-09152,FAR-152,TR-052,Nakuru,completed,Weeding,28346.17,paid,2025-10-12T08:00:00
BKG-09153,FAR-153,TR-053,Nairobi,completed,Harvesting,37427.84,pending,2025-10-13T09:00:00
BKG-09154,FAR-154,TR-054,Embu,pending,Soil management,28072.57,pending,2025-10-14T10:00:00
BKG-09155,FAR-155,TR-055,Kiambu,cancelled,Land preparation,23188.35,void,2025-10-15T11:00:00
BKG-09156,FAR-156,TR-056,Machakos,completed,Planting,47529.31,paid,2025-10-16T12:00:00
BKG-09157,FAR-157,TR-057,Nakuru,completed,Weeding,48899.56,paid,2025-10-17T13:00:00
BKG-09158,FAR-158,TR-058,Nairobi,completed,Harvesting,53957.48,paid,2025-10-18T14:00:00
BKG-09159,FAR-159,TR-059,Embu,completed,Soil management,13467.53,paid,2025-10-19T15:00:00
BKG-09160,FAR-160,TR-060,Kiambu,pending,Land preparation,13565.18,pending,2025-10-20T16:00:00
BKG-09161,FAR-161,TR-061,Machakos,cancelled,Planting,42463.43,void,2025-10-21T17:00:00
BKG-09162,FAR-162,TR-062,Nakuru,completed,Weeding,21742.83,paid,2025-10-22T18:00:00
BKG-09163,FAR-163,TR-063,Nairobi,completed,Harvesting,25662.4,paid,2025-10-23T19:00:00
BKG-09164,FAR-164,TR-064,Embu,completed,Soil management,32873.6,paid,2025-10-24T20:00:00
BKG-09165,FAR-165,TR-065,Kiambu,completed,Land preparation,38291.83,paid,2025-10-25T21:00:00
BKG-09166,FAR-166,TR-066,Machakos,pending,Planting,46868.78,pending,2025-10-26T22:00:00
BKG-09167,FAR-167,TR-067,Nakuru,cancelled,Weeding,18566.99,void,2025-10-27T23:00:00
BKG-09168,FAR-168,TR-068,Nairobi,completed,Harvesting,44843.45,paid,2025-10-28T00:00:00
BKG-09169,FAR-169,TR-069,Embu,completed,Soil management,23706.37,paid,2025-10-29T01:00:00
BKG-09170,FAR-170,TR-070,Kiambu,completed,Land preparation,16749.87,pending,2025-10-30T02:00:00
BKG-09171,FAR-171,TR-071,Machakos,completed,Planting,10849.69,paid,2025-10-31T03:00:00
BKG-09172,FAR-172,TR-072,Nakuru,pending,Weeding,45749.35,pending,2025-11-01T04:00:00
BKG-09173,FAR-173,TR-073,Nairobi,cancelled,Harvesting,34162.28,void,2025-11-02T05:00:00
BKG-09174,FAR-174,TR-074,Embu,completed,Soil management,48908.48,paid,2025-11-03T06:00:00
BKG-09175,FAR-175,TR-075,Kiambu,completed,Land preparation,21234.46,pending,2025-11-04T07:00:00
BKG-09176,FAR-176,TR-076,Machakos,completed,Planting,39552.79,paid,2025-11-05T08:00:00
BKG-09177,FAR-177,TR-077,Nakuru,completed,Weeding,46156.89,paid,2025-11-06T09:00:00
BKG-09178,FAR-178,TR-078,Nairobi,pending,Harvesting,45735.82,pending,2025-11-07T10:00:00
BKG-09179,FAR-179,TR-079,Embu,cancelled,Soil management,24307.21,void,2025-11-08T11:00:00
BKG-09180,FAR-180,TR-080,Kiambu,completed,Land preparation,38253.35,paid,2025-11-09T12:00:00
BKG-09181,FAR-181,TR-081,Machakos,completed,Planting,44427.47,paid,2025-11-10T13:00:00
BKG-09182,FAR-182,TR-082,Nakuru,completed,Weeding,50342.73,paid,2025-11-11T14:00:00
BKG-09183,FAR-183,TR-083,Nairobi,completed,Harvesting,11977.18,pending,2025-11-12T15:00:00
BKG-09184,FAR-184,TR-084,Embu,pending,Soil management,46011.24,pending,2025-11-13T16:00:00
BKG-09185,FAR-185,TR-085,Kiambu,cancelled,Land preparation,17349.46,void,2025-11-14T17:00:00
BKG-09186,FAR-186,TR-086,Machakos,completed,Planting,18044.57,pending,2025-11-15T18:00:00
BKG-09187,FAR-187,TR-087,Nakuru,completed,Weeding,39178.72,paid,2025-11-16T19:00:00
BKG-09188,FAR-188,TR-088,Nairobi,completed,Harvesting,42971.42,paid,2025-11-17T20:00:00
BKG-09189,FAR-189,TR-089,Embu,completed,Soil management,50549.72,paid,2025-11-18T21:00:00
BKG-09190,FAR-190,TR-090,Kiambu,pending,Land preparation,19405.3,pending,2025-11-19T22:00:00
BKG-09191,FAR-191,TR-091,Machakos,cancelled,Planting,14489.42,void,2025-11-20T23:00:00
BKG-09192,FAR-192,TR-092,Nakuru,completed,Weeding,33579.86,paid,2025-11-21T00:00:00
BKG-09193,FAR-193,TR-093,Nairobi,completed,Harvesting,13938.73,paid,2025-11-22T01:00:00
BKG-09194,FAR-194,TR-094,Embu,completed,Soil management,14679.76,paid,2025-11-23T02:00:00
BKG-09195,FAR-195,TR-095,Kiambu,completed,Land preparation,37525.34,pending,2025-11-24T03:00:00
BKG-09196,FAR-196,TR-096,Machakos,pending,Planting,14718.17,pending,2025-11-25T04:00:00
BKG-09197,FAR-197,TR-097,Nakuru,cancelled,Weeding,41125.29,void,2025-11-26T05:00:00
BKG-09198,FAR-198,TR-098,Nairobi,completed,Harvesting,48480.59,pending,2025-11-27T06:00:00
BKG-09199,FAR-199,TR-099,Embu,completed,Soil management,9468.43,paid,2025-11-28T07:00:00
BKG-09200,FAR-200,TR-100,Kiambu,completed,Land preparation,24448.55,paid,2025-11-29T08:00:00
BKG-09201,FAR-201,TR-001,Machakos,completed,Planting,20774.25,pending,2025-11-30T09:00:00
BKG-09202,FAR-202,TR-002,Nakuru,pending,Weeding,52790.81,pending,2025-12-01T10:00:00
BKG-09203,FAR-203,TR-003,Nairobi,cancelled,Harvesting,53307.33,void,2025-12-02T11:00:00
BKG-09204,FAR-204,TR-004,Embu,completed,Soil management,43346.81,paid,2025-12-03T12:00:00
BKG-09205,FAR-205,TR-005,Kiambu,completed,Land preparation,12229.84,paid,2025-12-04T13:00:00
BKG-09206,FAR-206,TR-006,Machakos,completed,Planting,45324.22,paid,2025-12-05T14:00:00
BKG-09207,FAR-207,TR-007,Nakuru,completed,Weeding,44691.85,paid,2025-12-06T15:00:00
BKG-09208,FAR-208,TR-008,Nairobi,pending,Harvesting,53854.74,pending,2025-12-07T16:00:00
BKG-09209,FAR-209,TR-009,Embu,cancelled,Soil management,9265.27,void,2025-12-08T17:00:00
BKG-09210,FAR-210,TR-010,Kiambu,completed,Land preparation,14215.68,paid,2025-12-09T18:00:00
BKG-09211,FAR-211,TR-011,Machakos,completed,Planting,53135.25,paid,2025-12-10T19:00:00
BKG-09212,FAR-212,TR-012,Nakuru,completed,Weeding,44864.67,paid,2025-12-11T20:00:00
BKG-09213,FAR-213,TR-013,Nairobi,completed,Harvesting,50687.47,paid,2025-12-12T21:00:00
BKG-09214,FAR-214,TR-014,Embu,pending,Soil management,42861.45,pending,2025-12-13T22:00:00
BKG-09215,FAR-215,TR-015,Kiambu,cancelled,Land preparation,23347.3,void,2025-12-14T23:00:00
BKG-09216,FAR-216,TR-016,Machakos,completed,Planting,46952.95,paid,2025-12-15T00:00:00
BKG-09217,FAR-217,TR-017,Nakuru,completed,Weeding,15802.39,paid,2025-12-16T01:00:00
BKG-09218,FAR-218,TR-018,Nairobi,completed,Harvesting,11292.02,paid,2025-12-17T02:00:00
BKG-09219,FAR-219,TR-019,Embu,completed,Soil management,17622.06,paid,2025-12-18T03:00:00
BKG-09220,FAR-220,TR-020,Kiambu,pending,Land preparation,12697.35,pending,2025-12-19T04:00:00
BKG-09221,FAR-221,TR-021,Machakos,cancelled,Planting,22180.35,void,2025-12-20T05:00:00
BKG-09222,FAR-222,TR-022,Nakuru,completed,Weeding,16000.81,paid,2025-12-21T06:00:00
BKG-09223,FAR-223,TR-023,Nairobi,completed,Harvesting,27631.79,paid,2025-12-22T07:00:00
BKG-09224,FAR-224,TR-024,Embu,completed,Soil management,46481.78,paid,2025-12-23T08:00:00
BKG-09225,FAR-225,TR-025,Kiambu,completed,Land preparation,20617.2,paid,2025-12-24T09:00:00
BKG-09226,FAR-226,TR-026,Machakos,pending,Planting,21921.49,pending,2025-12-25T10:00:00
BKG-09227,FAR-227,TR-027,Nakuru,cancelled,Weeding,21661.86,void,2025-12-26T11:00:00
BKG-09228,FAR-228,TR-028,Nairobi,completed,Harvesting,36201.27,paid,2025-12-27T12:00:00
BKG-09229,FAR-229,TR-029,Embu,completed,Soil management,18181.6,paid,2025-12-28T13:00:00
BKG-09230,FAR-230,TR-030,Kiambu,completed,Land preparation,33214.12,paid,2025-12-29T14:00:00
BKG-09231,FAR-231,TR-031,Machakos,completed,Planting,16382.09,paid,2025-12-30T15:00:00
BKG-09232,FAR-232,TR-032,Nakuru,pending,Weeding,41651.71,pending,2025-12-31T16:00:00
BKG-09233,FAR-233,TR-033,Nairobi,cancelled,Harvesting,19712.84,void,2026-01-01T17:00:00
BKG-09234,FAR-234,TR-034,Embu,completed,Soil management,49386.96,paid,2026-01-02T18:00:00
BKG-09235,FAR-235,TR-035,Kiambu,completed,Land preparation,33488.79,paid,2026-01-03T19:00:00
BKG-09236,FAR-236,TR-036,Machakos,completed,Planting,26149.53,paid,2026-01-04T20:00:00
BKG-09237,FAR-237,TR-037,Nakuru,completed,Weeding,28205.69,paid,2026-01-05T21:00:00
BKG-09238,FAR-238,TR-038,Nairobi,pending,Harvesting,14970.31,pending,2026-01-06T22:00:00
BKG-09239,FAR-239,TR-039,Embu,cancelled,Soil management,27928.37,void,2026-01-07T23:00:00
BKG-09240,FAR-240,TR-040,Kiambu,completed,Land preparation,27137.92,paid,2026-01-08T00:00:00
BKG-09241,FAR-241,TR-041,Machakos,completed,Planting,46535.78,paid,2026-01-09T01:00:00
BKG-09242,FAR-242,TR-042,Nakuru,completed,Weeding,50851.68,pending,2026-01-10T02:00:00
BKG-09243,FAR-243,TR-043,Nairobi,completed,Harvesting,51011.19,paid,2026-01-11T03:00:00
BKG-09244,FAR-244,TR-044,Embu,pending,Soil management,27924.32,pending,2026-01-12T04:00:00
BKG-09245,FAR-245,TR-045,Kiambu,cancelled,Land preparation,14022.95,void,2026-01-13T05:00:00
BKG-09246,FAR-246,TR-046,Machakos,completed,Planting,15358.68,paid,2026-01-14T06:00:00
BKG-09247,FAR-247,TR-047,Nakuru,completed,Weeding,15255.85,paid,2026-01-15T07:00:00
BKG-09248,FAR-248,TR-048,Nairobi,completed,Harvesting,50717.81,paid,2026-01-16T08:00:00
BKG-09249,FAR-249,TR-049,Embu,completed,Soil management,10300.27,paid,2026-01-17T09:00:00
BKG-09250,FAR-250,TR-050,Kiambu,pending,Land preparation,42451.95,pending,2026-01-18T10:00:00
BKG-09251,FAR-251,TR-051,Machakos,cancelled,Planting,13735.79,void,2026-01-19T11:00:00
BKG-09252,FAR-252,TR-052,Nakuru,completed,Weeding,50094.57,pending,2026-01-20T12:00:00
BKG-09253,FAR-253,TR-053,Nairobi,completed,Harvesting,24725.87,paid,2026-01-21T13:00:00
BKG-09254,FAR-254,TR-054,Embu,completed,Soil management,30019.21,paid,2026-01-22T14:00:00
BKG-09255,FAR-255,TR-055,Kiambu,completed,Land preparation,45470.13,paid,2026-01-23T15:00:00
BKG-09256,FAR-256,TR-056,Machakos,pending,Planting,47947.98,pending,2026-01-24T16:00:00
BKG-09257,FAR-257,TR-057,Nakuru,cancelled,Weeding,53771.11,void,2026-01-25T17:00:00
BKG-09258,FAR-258,TR-058,Nairobi,completed,Harvesting,45348.48,paid,2026-01-26T18:00:00
BKG-09259,FAR-259,TR-059,Embu,completed,Soil management,12236.75,paid,2026-01-27T19:00:00
BKG-09260,FAR-260,TR-060,Kiambu,completed,Land preparation,9525.4,paid,2026-01-28T20:00:00
BKG-09261,FAR-261,TR-061,Machakos,completed,Planting,15672.91,paid,2026-01-29T21:00:00
BKG-09262,FAR-262,TR-062,Nakuru,pending,Weeding,21943.04,pending,2026-01-30T22:00:00
BKG-09263,FAR-263,TR-063,Nairobi,cancelled,Harvesting,30823.72,void,2026-01-31T23:00:00
BKG-09264,FAR-264,TR-064,Embu,completed,Soil management,29150.34,paid,2026-02-01T00:00:00
BKG-09265,FAR-265,TR-065,Kiambu,completed,Land preparation,16548.05,paid,2026-02-02T01:00:00
BKG-09266,FAR-266,TR-066,Machakos,completed,Planting,47856.03,paid,2026-02-03T02:00:00
BKG-09267,FAR-267,TR-067,Nakuru,completed,Weeding,47313.65,paid,2026-02-04T03:00:00
BKG-09268,FAR-268,TR-068,Nairobi,pending,Harvesting,40699.29,pending,2026-02-05T04:00:00
BKG-09269,FAR-269,TR-069,Embu,cancelled,Soil management,41172.15,void,2026-02-06T05:00:00
BKG-09270,FAR-270,TR-070,Kiambu,completed,Land preparation,9107.83,pending,2026-02-07T06:00:00
BKG-09271,FAR-271,TR-071,Machakos,completed,Planting,53820.85,paid,2026-02-08T07:00:00
BKG-09272,FAR-272,TR-072,Nakuru,completed,Weeding,27537.15,paid,2026-02-09T08:00:00
BKG-09273,FAR-273,TR-073,Nairobi,completed,Harvesting,9251.35,pending,2026-02-10T09:00:00
BKG-09274,FAR-274,TR-074,Embu,pending,Soil management,53904.67,pending,2026-02-11T10:00:00
BKG-09275,FAR-275,TR-075,Kiambu,cancelled,Land preparation,36287.32,void,2026-02-12T11:00:00
BKG-09276,FAR-276,TR-076,Machakos,completed,Planting,30803.91,paid,2026-02-13T12:00:00
BKG-09277,FAR-277,TR-077,Nakuru,completed,Weeding,46692.66,paid,2026-02-14T13:00:00
BKG-09278,FAR-278,TR-078,Nairobi,completed,Harvesting,9964.69,paid,2026-02-15T14:00:00
BKG-09279,FAR-279,TR-079,Embu,completed,Soil management,40334.23,pending,2026-02-16T15:00:00
BKG-09280,FAR-280,TR-080,Kiambu,pending,Land preparation,29887.24,pending,2026-02-17T16:00:00
BKG-09281,FAR-281,TR-081,Machakos,cancelled,Planting,53534.24,void,2026-02-18T17:00:00
BKG-09282,FAR-282,TR-082,Nakuru,completed,Weeding,14459.75,pending,2026-02-19T18:00:00
BKG-09283,FAR-283,TR-083,Nairobi,completed,Harvesting,53587.09,paid,2026-02-20T19:00:00
BKG-09284,FAR-284,TR-084,Embu,completed,Soil management,32022.96,paid,2026-02-21T20:00:00
BKG-09285,FAR-285,TR-085,Kiambu,completed,Land preparation,48290.42,pending,2026-02-22T21:00:00
BKG-09286,FAR-286,TR-086,Machakos,pending,Planting,17853.04,pending,2026-02-23T22:00:00
BKG-09287,FAR-287,TR-087,Nakuru,cancelled,Weeding,44809.88,void,2026-02-24T23:00:00
BKG-09288,FAR-288,TR-088,Nairobi,completed,Harvesting,41182.88,paid,2026-02-25T00:00:00
BKG-09289,FAR-289,TR-089,Embu,completed,Soil management,36759.84,paid,2026-02-26T01:00:00
BKG-09290,FAR-290,TR-090,Kiambu,completed,Land preparation,42558.47,pending,2026-02-27T02:00:00
BKG-09291,FAR-291,TR-091,Machakos,completed,Planting,22646.62,paid,2026-02-28T03:00:00
BKG-09292,FAR-292,TR-092,Nakuru,pending,Weeding,17659.6,pending,2026-03-01T04:00:00
BKG-09293,FAR-293,TR-093,Nairobi,cancelled,Harvesting,25585.51,void,2026-03-02T05:00:00
BKG-09294,FAR-294,TR-094,Embu,completed,Soil management,24812.96,paid,2026-03-03T06:00:00
BKG-09295,FAR-295,TR-095,Kiambu,completed,Land preparation,14990.03,paid,2026-03-04T07:00:00
BKG-09296,FAR-296,TR-096,Machakos,completed,Planting,32623.77,paid,2026-03-05T08:00:00
BKG-09297,FAR-297,TR-097,Nakuru,completed,Weeding,24425.19,paid,2026-03-06T09:00:00
BKG-09298,FAR-298,TR-098,Nairobi,pending,Harvesting,37284.95,pending,2026-03-07T10:00:00
BKG-09299,FAR-299,TR-099,Embu,cancelled,Soil management,40192.49,void,2026-03-08T11:00:00
BKG-09300,FAR-300,TR-100,Kiambu,completed,Land preparation,32623.78,paid,2026-03-09T12:00:00
BKG-09301,FAR-301,TR-001,Machakos,completed,Planting,14915.99,paid,2026-03-10T13:00:00
BKG-09302,FAR-302,TR-002,Nakuru,completed,Weeding,10223.46,paid,2026-03-11T14:00:00
BKG-09303,FAR-303,TR-003,Nairobi,completed,Harvesting,34484.29,paid,2026-03-12T15:00:00
BKG-09304,FAR-304,TR-004,Embu,pending,Soil management,44805.97,pending,2026-03-13T16:00:00
BKG-09305,FAR-305,TR-005,Kiambu,cancelled,Land preparation,25812.52,void,2026-03-14T17:00:00
BKG-09306,FAR-306,TR-006,Machakos,completed,Planting,29875.61,paid,2026-03-15T18:00:00
BKG-09307,FAR-307,TR-007,Nakuru,completed,Weeding,29027.42,paid,2026-03-16T19:00:00
BKG-09308,FAR-308,TR-008,Nairobi,completed,Harvesting,42046.91,paid,2026-03-17T20:00:00
BKG-09309,FAR-309,TR-009,Embu,completed,Soil management,24604.05,paid,2026-03-18T21:00:00
BKG-09310,FAR-310,TR-010,Kiambu,pending,Land preparation,33328.25,pending,2026-03-19T22:00:00
BKG-09311,FAR-311,TR-011,Machakos,cancelled,Planting,14572.8,void,2026-03-20T23:00:00
BKG-09312,FAR-312,TR-012,Nakuru,completed,Weeding,24477.48,paid,2026-03-21T00:00:00
BKG-09313,FAR-313,TR-013,Nairobi,completed,Harvesting,28807.76,paid,2026-03-22T01:00:00
BKG-09314,FAR-314,TR-014,Embu,completed,Soil management,9412.13,paid,2026-03-23T02:00:00
BKG-09315,FAR-315,TR-015,Kiambu,completed,Land preparation,17811.17,paid,2026-03-24T03:00:00
BKG-09316,FAR-316,TR-016,Machakos,pending,Planting,19542.88,pending,2026-03-25T04:00:00
BKG-09317,FAR-317,TR-017,Nakuru,cancelled,Weeding,17900.84,void,2026-03-26T05:00:00
BKG-09318,FAR-318,TR-018,Nairobi,completed,Harvesting,12427.92,paid,2026-03-27T06:00:00
BKG-09319,FAR-319,TR-019,Embu,completed,Soil management,29588.0,paid,2026-03-28T07:00:00
BKG-09320,FAR-320,TR-020,Kiambu,completed,Land preparation,46335.16,paid,2026-03-29T08:00:00
BKG-09321,FAR-321,TR-021,Machakos,completed,Planting,28448.01,pending,2026-03-30T09:00:00
BKG-09322,FAR-322,TR-022,Nakuru,pending,Weeding,11872.25,pending,2026-03-31T10:00:00
BKG-09323,FAR-323,TR-023,Nairobi,cancelled,Harvesting,46223.7,void,2026-04-01T11:00:00
BKG-09324,FAR-324,TR-024,Embu,completed,Soil management,30043.4,paid,2026-04-02T12:00:00
BKG-09325,FAR-325,TR-025,Kiambu,completed,Land preparation,23294.52,paid,2026-04-03T13:00:00
BKG-09326,FAR-326,TR-026,Machakos,completed,Planting,14460.87,paid,2026-04-04T14:00:00
BKG-09327,FAR-327,TR-027,Nakuru,completed,Weeding,31269.55,pending,2026-04-05T15:00:00
BKG-09328,FAR-328,TR-028,Nairobi,pending,Harvesting,9300.17,pending,2026-04-06T16:00:00
BKG-09329,FAR-329,TR-029,Embu,cancelled,Soil management,17940.89,void,2026-04-07T17:00:00
BKG-09330,FAR-330,TR-030,Kiambu,completed,Land preparation,24067.24,paid,2026-04-08T18:00:00
BKG-09331,FAR-331,TR-031,Machakos,completed,Planting,43164.38,pending,2026-04-09T19:00:00
BKG-09332,FAR-332,TR-032,Nakuru,completed,Weeding,34913.09,paid,2026-04-10T20:00:00
BKG-09333,FAR-333,TR-033,Nairobi,completed,Harvesting,49174.58,paid,2026-04-11T21:00:00
BKG-09334,FAR-334,TR-034,Embu,pending,Soil management,30173.12,pending,2026-04-12T22:00:00
BKG-09335,FAR-335,TR-035,Kiambu,cancelled,Land preparation,45719.61,void,2026-04-13T23:00:00
BKG-09336,FAR-336,TR-036,Machakos,completed,Planting,52218.05,paid,2026-04-14T00:00:00
BKG-09337,FAR-337,TR-037,Nakuru,completed,Weeding,45780.76,paid,2026-04-15T01:00:00
BKG-09338,FAR-338,TR-038,Nairobi,completed,Harvesting,42023.94,pending,2026-04-16T02:00:00
BKG-09339,FAR-339,TR-039,Embu,completed,Soil management,52985.38,paid,2026-04-17T03:00:00
BKG-09340,FAR-340,TR-040,Kiambu,pending,Land preparation,45515.76,pending,2026-04-18T04:00:00
BKG-09341,FAR-341,TR-041,Machakos,cancelled,Planting,49318.66,void,2026-04-19T05:00:00
BKG-09342,FAR-342,TR-042,Nakuru,completed,Weeding,49405.24,paid,2026-04-20T06:00:00
BKG-09343,FAR-343,TR-043,Nairobi,completed,Harvesting,24625.38,paid,2026-04-21T07:00:00
BKG-09344,FAR-344,TR-044,Embu,completed,Soil management,42602.52,paid,2026-04-22T08:00:00
BKG-09345,FAR-345,TR-045,Kiambu,completed,Land preparation,35072.53,paid,2026-04-23T09:00:00
BKG-09346,FAR-346,TR-046,Machakos,pending,Planting,15693.92,pending,2026-04-24T10:00:00
BKG-09347,FAR-347,TR-047,Nakuru,cancelled,Weeding,16141.88,void,2026-04-25T11:00:00
BKG-09348,FAR-348,TR-048,Nairobi,completed,Harvesting,34972.87,paid,2026-04-26T12:00:00
BKG-09349,FAR-349,TR-049,Embu,completed,Soil management,41255.27,pending,2026-04-27T13:00:00
BKG-09350,FAR-350,TR-050,Kiambu,completed,Land preparation,25904.33,paid,2026-04-28T14:00:00
BKG-09351,FAR-351,TR-051,Machakos,completed,Planting,24287.93,paid,2026-04-29T15:00:00
BKG-09352,FAR-352,TR-052,Nakuru,pending,Weeding,52133.47,pending,2026-04-30T16:00:00
BKG-09353,FAR-353,TR-053,Nairobi,cancelled,Harvesting,53877.02,void,2026-05-01T17:00:00
BKG-09354,FAR-354,TR-054,Embu,completed,Soil management,52180.16,paid,2026-05-02T18:00:00
BKG-09355,FAR-355,TR-055,Kiambu,completed,Land preparation,39786.81,paid,2026-05-03T19:00:00
BKG-09356,FAR-356,TR-056,Machakos,completed,Planting,21165.51,paid,2026-05-04T20:00:00
BKG-09357,FAR-357,TR-057,Nakuru,completed,Weeding,11623.85,paid,2026-05-05T21:00:00
BKG-09358,FAR-358,TR-058,Nairobi,pending,Harvesting,42652.73,pending,2026-05-06T22:00:00
BKG-09359,FAR-359,TR-059,Embu,cancelled,Soil management,11962.44,void,2026-05-07T23:00:00
BKG-09360,FAR-360,TR-060,Kiambu,completed,Land preparation,18060.48,paid,2026-05-08T00:00:00
BKG-09361,FAR-361,TR-061,Machakos,completed,Planting,19402.2,paid,2026-05-09T01:00:00
BKG-09362,FAR-362,TR-062,Nakuru,completed,Weeding,16962.17,paid,2026-05-10T02:00:00
BKG-09363,FAR-363,TR-063,Nairobi,completed,Harvesting,11449.84,pending,2026-05-11T03:00:00
BKG-09364,FAR-364,TR-064,Embu,pending,Soil management,26724.23,pending,2026-05-12T04:00:00
BKG-09365,FAR-365,TR-065,Kiambu,cancelled,Land preparation,52048.74,void,2026-05-13T05:00:00
BKG-09366,FAR-366,TR-066,Machakos,completed,Planting,42643.95,paid,2026-05-14T06:00:00
BKG-09367,FAR-367,TR-067,Nakuru,completed,Weeding,34406.24,paid,2026-05-15T07:00:00
BKG-09368,FAR-368,TR-068,Nairobi,completed,Harvesting,33850.83,paid,2026-05-16T08:00:00
BKG-09369,FAR-369,TR-069,Embu,completed,Soil management,26081.49,paid,2026-05-17T09:00:00
BKG-09370,FAR-370,TR-070,Kiambu,pending,Land preparation,24308.77,pending,2026-05-18T10:00:00
BKG-09371,FAR-371,TR-071,Machakos,cancelled,Planting,45566.67,void,2026-05-19T11:00:00
BKG-09372,FAR-372,TR-072,Nakuru,completed,Weeding,52624.71,paid,2026-05-20T12:00:00
BKG-09373,FAR-373,TR-073,Nairobi,completed,Harvesting,19191.83,paid,2026-05-21T13:00:00
BKG-09374,FAR-374,TR-074,Embu,completed,Soil management,28149.22,paid,2026-05-22T14:00:00
BKG-09375,FAR-375,TR-075,Kiambu,completed,Land preparation,22195.02,paid,2026-05-23T15:00:00
BKG-09376,FAR-376,TR-076,Machakos,pending,Planting,43727.59,pending,2026-05-24T16:00:00
BKG-09377,FAR-377,TR-077,Nakuru,cancelled,Weeding,42389.42,void,2026-05-25T17:00:00
BKG-09378,FAR-378,TR-078,Nairobi,completed,Harvesting,21275.32,paid,2026-05-26T18:00:00
BKG-09379,FAR-379,TR-079,Embu,completed,Soil management,29205.49,paid,2026-05-27T19:00:00
BKG-09380,FAR-380,TR-080,Kiambu,completed,Land preparation,24926.93,paid,2026-05-28T20:00:00
BKG-09381,FAR-381,TR-081,Machakos,completed,Planting,15621.91,paid,2026-05-29T21:00:00
BKG-09382,FAR-382,TR-082,Nakuru,pending,Weeding,32434.39,pending,2026-05-30T22:00:00
BKG-09383,FAR-383,TR-083,Nairobi,cancelled,Harvesting,16337.72,void,2026-05-31T23:00:00
BKG-09384,FAR-384,TR-084,Embu,completed,Soil management,30938.79,paid,2026-06-01T00:00:00
BKG-09385,FAR-385,TR-085,Kiambu,completed,Land preparation,20955.27,pending,2026-06-02T01:00:00
BKG-09386,FAR-386,TR-086,Machakos,completed,Planting,15844.84,paid,2026-06-03T02:00:00
BKG-09387,FAR-387,TR-087,Nakuru,completed,Weeding,13252.29,paid,2026-06-04T03:00:00
BKG-09388,FAR-388,TR-088,Nairobi,pending,Harvesting,29877.4,pending,2026-06-05T04:00:00
BKG-09389,FAR-389,TR-089,Embu,cancelled,Soil management,17429.01,void,2026-06-06T05:00:00
BKG-09390,FAR-390,TR-090,Kiambu,completed,Land preparation,9792.14,paid,2026-06-07T06:00:00
BKG-09391,FAR-391,TR-091,Machakos,completed,Planting,29871.59,paid,2026-06-08T07:00:00
BKG-09392,FAR-392,TR-092,Nakuru,completed,Weeding,20848.79,paid,2026-06-09T08:00:00
BKG-09393,FAR-393,TR-093,Nairobi,completed,Harvesting,16878.58,paid,2026-06-10T09:00:00
BKG-09394,FAR-394,TR-094,Embu,pending,Soil management,21847.31,pending,2026-06-11T10:00:00
BKG-09395,FAR-395,TR-095,Kiambu,cancelled,Land preparation,50996.72,void,2026-06-12T11:00:00
BKG-09396,FAR-396,TR-096,Machakos,completed,Planting,44875.15,paid,2026-06-13T12:00:00
BKG-09397,FAR-397,TR-097,Nakuru,completed,Weeding,44583.31,paid,2026-06-14T13:00:00
BKG-09398,FAR-398,TR-098,Nairobi,completed,Harvesting,53782.7,paid,2026-06-15T14:00:00
BKG-09399,FAR-399,TR-099,Embu,completed,Soil management,21452.86,paid,2026-06-16T15:00:00
BKG-09400,FAR-400,TR-100,Kiambu,pending,Land preparation,26315.45,pending,2026-06-17T16:00:00
BKG-09401,FAR-401,TR-001,Machakos,cancelled,Planting,39552.78,void,2026-06-18T17:00:00
BKG-09402,FAR-402,TR-002,Nakuru,completed,Weeding,21417.52,paid,2026-06-19T18:00:00
BKG-09403,FAR-403,TR-003,Nairobi,completed,Harvesting,40049.93,paid,2026-06-20T19:00:00
BKG-09404,FAR-404,TR-004,Embu,completed,Soil management,40485.83,paid,2026-06-21T20:00:00
BKG-09405,FAR-405,TR-005,Kiambu,completed,Land preparation,30334.34,paid,2026-06-22T21:00:00
BKG-09406,FAR-406,TR-006,Machakos,pending,Planting,24257.0,pending,2026-06-23T22:00:00
BKG-09407,FAR-407,TR-007,Nakuru,cancelled,Weeding,20190.56,void,2026-06-24T23:00:00
BKG-09408,FAR-408,TR-008,Nairobi,completed,Harvesting,20944.62,paid,2026-06-25T00:00:00
BKG-09409,FAR-409,TR-009,Embu,completed,Soil management,45843.46,paid,2026-06-26T01:00:00
BKG-09410,FAR-410,TR-010,Kiambu,completed,Land preparation,16138.04,paid,2026-06-27T02:00:00
BKG-09411,FAR-411,TR-011,Machakos,completed,Planting,35303.81,pending,2026-06-28T03:00:00
BKG-09412,FAR-412,TR-012,Nakuru,pending,Weeding,33172.0,pending,2026-06-29T04:00:00
BKG-09413,FAR-413,TR-013,Nairobi,cancelled,Harvesting,32159.0,void,2026-06-30T05:00:00
BKG-09414,FAR-414,TR-014,Embu,completed,Soil management,19922.95,pending,2026-07-01T06:00:00
BKG-09415,FAR-415,TR-015,Kiambu,completed,Land preparation,14709.85,paid,2026-07-02T07:00:00
BKG-09416,FAR-416,TR-016,Machakos,completed,Planting,42583.69,paid,2026-07-03T08:00:00
BKG-09417,FAR-417,TR-017,Nakuru,completed,Weeding,35861.5,paid,2026-07-04T09:00:00
BKG-09418,FAR-418,TR-018,Nairobi,pending,Harvesting,32149.28,pending,2026-07-05T10:00:00
BKG-09419,FAR-419,TR-019,Embu,cancelled,Soil management,15105.41,void,2026-07-06T11:00:00
BKG-09420,FAR-420,TR-020,Kiambu,completed,Land preparation,45530.17,paid,2026-07-07T12:00:00
BKG-09421,FAR-421,TR-021,Machakos,completed,Planting,26042.71,paid,2026-07-08T13:00:00
BKG-09422,FAR-422,TR-022,Nakuru,completed,Weeding,13456.57,paid,2026-07-09T14:00:00
BKG-09423,FAR-423,TR-023,Nairobi,completed,Harvesting,45125.27,paid,2026-07-10T15:00:00
BKG-09424,FAR-424,TR-024,Embu,pending,Soil management,40501.12,pending,2026-07-11T16:00:00
BKG-09425,FAR-425,TR-025,Kiambu,cancelled,Land preparation,34391.08,void,2026-07-12T17:00:00
BKG-09426,FAR-426,TR-026,Machakos,completed,Planting,32533.85,paid,2026-07-13T18:00:00
BKG-09427,FAR-427,TR-027,Nakuru,completed,Weeding,32245.44,paid,2026-07-14T19:00:00
BKG-09428,FAR-428,TR-028,Nairobi,completed,Harvesting,17130.68,paid,2026-07-15T20:00:00
BKG-09429,FAR-429,TR-029,Embu,completed,Soil management,11892.75,paid,2026-07-16T21:00:00
BKG-09430,FAR-430,TR-030,Kiambu,pending,Land preparation,12769.05,pending,2026-07-17T22:00:00
BKG-09431,FAR-431,TR-031,Machakos,cancelled,Planting,29994.62,void,2026-07-18T23:00:00
BKG-09432,FAR-432,TR-032,Nakuru,completed,Weeding,53529.06,paid,2026-07-19T00:00:00
BKG-09433,FAR-433,TR-033,Nairobi,completed,Harvesting,32426.75,pending,2026-07-20T01:00:00
BKG-09434,FAR-434,TR-034,Embu,completed,Soil management,15944.06,paid,2026-07-21T02:00:00
BKG-09435,FAR-435,TR-035,Kiambu,completed,Land preparation,40594.15,paid,2026-07-22T03:00:00
BKG-09436,FAR-436,TR-036,Machakos,pending,Planting,26454.5,pending,2026-07-23T04:00:00
BKG-09437,FAR-437,TR-037,Nakuru,cancelled,Weeding,50944.54,void,2026-07-24T05:00:00
BKG-09438,FAR-438,TR-038,Nairobi,completed,Harvesting,51572.91,pending,2026-07-25T06:00:00
BKG-09439,FAR-439,TR-039,Embu,completed,Soil management,32351.64,paid,2026-07-26T07:00:00
BKG-09440,FAR-440,TR-040,Kiambu,completed,Land preparation,53461.67,paid,2026-07-27T08:00:00
BKG-09441,FAR-441,TR-041,Machakos,completed,Planting,53589.15,paid,2026-07-28T09:00:00
BKG-09442,FAR-442,TR-042,Nakuru,pending,Weeding,43517.6,pending,2026-07-29T10:00:00
BKG-09443,FAR-443,TR-043,Nairobi,cancelled,Harvesting,33004.53,void,2026-07-30T11:00:00
BKG-09444,FAR-444,TR-044,Embu,completed,Soil management,33625.24,paid,2026-07-31T12:00:00
BKG-09445,FAR-445,TR-045,Kiambu,completed,Land preparation,38413.82,pending,2026-08-01T13:00:00
BKG-09446,FAR-446,TR-046,Machakos,completed,Planting,27121.28,paid,2026-08-02T14:00:00
BKG-09447,FAR-447,TR-047,Nakuru,completed,Weeding,20097.32,paid,2026-08-03T15:00:00
BKG-09448,FAR-448,TR-048,Nairobi,pending,Harvesting,17808.58,pending,2026-08-04T16:00:00
BKG-09449,FAR-449,TR-049,Embu,cancelled,Soil management,37339.34,void,2026-08-05T17:00:00
BKG-09450,FAR-450,TR-050,Kiambu,completed,Land preparation,45425.09,paid,2026-08-06T18:00:00
BKG-09451,FAR-451,TR-051,Machakos,completed,Planting,33290.18,paid,2026-08-07T19:00:00
BKG-09452,FAR-452,TR-052,Nakuru,completed,Weeding,52988.6,paid,2026-08-08T20:00:00
BKG-09453,FAR-453,TR-053,Nairobi,completed,Harvesting,42986.76,paid,2026-08-09T21:00:00
BKG-09454,FAR-454,TR-054,Embu,pending,Soil management,24764.69,pending,2026-08-10T22:00:00
BKG-09455,FAR-455,TR-055,Kiambu,cancelled,Land preparation,12459.96,void,2026-08-11T23:00:00
BKG-09456,FAR-456,TR-056,Machakos,completed,Planting,11567.45,paid,2026-08-12T00:00:00
BKG-09457,FAR-457,TR-057,Nakuru,completed,Weeding,45751.63,paid,2026-08-13T01:00:00
BKG-09458,FAR-458,TR-058,Nairobi,completed,Harvesting,16423.67,paid,2026-08-14T02:00:00
BKG-09459,FAR-459,TR-059,Embu,completed,Soil management,14307.05,paid,2026-08-15T03:00:00
BKG-09460,FAR-460,TR-060,Kiambu,pending,Land preparation,18558.91,pending,2026-08-16T04:00:00
BKG-09461,FAR-461,TR-061,Machakos,cancelled,Planting,53707.5,void,2026-08-17T05:00:00
BKG-09462,FAR-462,TR-062,Nakuru,completed,Weeding,35234.36,paid,2026-08-18T06:00:00
BKG-09463,FAR-463,TR-063,Nairobi,completed,Harvesting,27217.98,paid,2026-08-19T07:00:00
BKG-09464,FAR-464,TR-064,Embu,completed,Soil management,41645.35,paid,2026-08-20T08:00:00
BKG-09465,FAR-465,TR-065,Kiambu,completed,Land preparation,37634.04,paid,2026-08-21T09:00:00
BKG-09466,FAR-466,TR-066,Machakos,pending,Planting,9601.43,pending,2026-08-22T10:00:00
BKG-09467,FAR-467,TR-067,Nakuru,cancelled,Weeding,47416.02,void,2026-08-23T11:00:00
BKG-09468,FAR-468,TR-068,Nairobi,completed,Harvesting,33228.05,paid,2026-08-24T12:00:00
BKG-09469,FAR-469,TR-069,Embu,completed,Soil management,39116.57,paid,2026-08-25T13:00:00
BKG-09470,FAR-470,TR-070,Kiambu,completed,Land preparation,18895.14,paid,2026-08-26T14:00:00
BKG-09471,FAR-471,TR-071,Machakos,completed,Planting,30940.87,paid,2026-08-27T15:00:00
BKG-09472,FAR-472,TR-072,Nakuru,pending,Weeding,21355.53,pending,2026-08-28T16:00:00
BKG-09473,FAR-473,TR-073,Nairobi,cancelled,Harvesting,36136.77,void,2026-08-29T17:00:00
BKG-09474,FAR-474,TR-074,Embu,completed,Soil management,17086.77,paid,2026-08-30T18:00:00
BKG-09475,FAR-475,TR-075,Kiambu,completed,Land preparation,39082.42,paid,2026-08-31T19:00:00
BKG-09476,FAR-476,TR-076,Machakos,completed,Planting,27793.0,pending,2026-09-01T20:00:00
BKG-09477,FAR-477,TR-077,Nakuru,completed,Weeding,50330.6,paid,2026-09-02T21:00:00
BKG-09478,FAR-478,TR-078,Nairobi,pending,Harvesting,40735.31,pending,2026-09-03T22:00:00
BKG-09479,FAR-479,TR-079,Embu,cancelled,Soil management,42018.34,void,2026-09-04T23:00:00
BKG-09480,FAR-480,TR-080,Kiambu,completed,Land preparation,49567.24,paid,2026-09-05T00:00:00
BKG-09481,FAR-481,TR-081,Machakos,completed,Planting,51286.92,paid,2026-09-06T01:00:00
BKG-09482,FAR-482,TR-082,Nakuru,completed,Weeding,42228.54,paid,2026-09-07T02:00:00
BKG-09483,FAR-483,TR-083,Nairobi,completed,Harvesting,39320.75,paid,2026-09-08T03:00:00
BKG-09484,FAR-484,TR-084,Embu,pending,Soil management,33437.32,pending,2026-09-09T04:00:00
BKG-09485,FAR-485,TR-085,Kiambu,cancelled,Land preparation,29642.63,void,2026-09-10T05:00:00
BKG-09486,FAR-486,TR-086,Machakos,completed,Planting,23246.79,paid,2026-09-11T06:00:00
BKG-09487,FAR-487,TR-087,Nakuru,completed,Weeding,44961.78,pending,2026-09-12T07:00:00
BKG-09488,FAR-488,TR-088,Nairobi,completed,Harvesting,29825.73,paid,2026-09-13T08:00:00
BKG-09489,FAR-489,TR-089,Embu,completed,Soil management,24163.83,paid,2026-09-14T09:00:00
BKG-09490,FAR-490,TR-090,Kiambu,pending,Land preparation,46960.88,pending,2025-09-15T10:00:00
BKG-09491,FAR-491,TR-091,Machakos,cancelled,Planting,50616.69,void,2025-09-16T11:00:00
BKG-09492,FAR-492,TR-092,Nakuru,completed,Weeding,42137.08,paid,2025-09-17T12:00:00
BKG-09493,FAR-493,TR-093,Nairobi,completed,Harvesting,13949.28,paid,2025-09-18T13:00:00
BKG-09494,FAR-494,TR-094,Embu,completed,Soil management,25010.96,pending,2025-09-19T14:00:00
BKG-09495,FAR-495,TR-095,Kiambu,completed,Land preparation,48823.54,paid,2025-09-20T15:00:00
BKG-09496,FAR-496,TR-096,Machakos,pending,Planting,30156.36,pending,2025-09-21T16:00:00
BKG-09497,FAR-497,TR-097,Nakuru,cancelled,Weeding,37539.24,void,2025-09-22T17:00:00
BKG-09498,FAR-498,TR-098,Nairobi,completed,Harvesting,30769.83,pending,2025-09-23T18:00:00
BKG-09499,FAR-499,TR-099,Embu,completed,Soil management,10744.8,paid,2025-09-24T19:00:00
BKG-09500,FAR-500,TR-100,Kiambu,completed,Land preparation,28184.26,paid,2025-09-25T20:00:00
BKG-09501,FAR-001,TR-001,Machakos,completed,Planting,35237.51,paid,2025-09-26T21:00:00
BKG-09502,FAR-002,TR-002,Nakuru,pending,Weeding,43099.53,pending,2025-09-27T22:00:00
BKG-09503,FAR-003,TR-003,Nairobi,cancelled,Harvesting,17320.94,void,2025-09-28T23:00:00
BKG-09504,FAR-004,TR-004,Embu,completed,Soil management,26196.3,paid,2025-09-29T00:00:00
BKG-09505,FAR-005,TR-005,Kiambu,completed,Land preparation,14571.67,paid,2025-09-30T01:00:00
BKG-09506,FAR-006,TR-006,Machakos,completed,Planting,28922.97,paid,2025-10-01T02:00:00
BKG-09507,FAR-007,TR-007,Nakuru,completed,Weeding,30521.84,paid,2025-10-02T03:00:00
BKG-09508,FAR-008,TR-008,Nairobi,pending,Harvesting,50543.22,pending,2025-10-03T04:00:00
BKG-09509,FAR-009,TR-009,Embu,cancelled,Soil management,32927.32,void,2025-10-04T05:00:00
BKG-09510,FAR-010,TR-010,Kiambu,completed,Land preparation,52608.28,paid,2025-10-05T06:00:00
BKG-09511,FAR-011,TR-011,Machakos,completed,Planting,24308.41,paid,2025-10-06T07:00:00
BKG-09512,FAR-012,TR-012,Nakuru,completed,Weeding,49661.09,paid,2025-10-07T08:00:00
BKG-09513,FAR-013,TR-013,Nairobi,completed,Harvesting,51962.71,paid,2025-10-08T09:00:00
BKG-09514,FAR-014,TR-014,Embu,pending,Soil management,52251.37,pending,2025-10-09T10:00:00
BKG-09515,FAR-015,TR-015,Kiambu,cancelled,Land preparation,49511.6,void,2025-10-10T11:00:00
BKG-09516,FAR-016,TR-016,Machakos,completed,Planting,37461.44,paid,2025-10-11T12:00:00
BKG-09517,FAR-017,TR-017,Nakuru,completed,Weeding,52832.48,pending,2025-10-12T13:00:00
BKG-09518,FAR-018,TR-018,Nairobi,completed,Harvesting,50100.64,paid,2025-10-13T14:00:00
BKG-09519,FAR-019,TR-019,Embu,completed,Soil management,9135.64,pending,2025-10-14T15:00:00
BKG-09520,FAR-020,TR-020,Kiambu,pending,Land preparation,19699.76,pending,2025-10-15T16:00:00
BKG-09521,FAR-021,TR-021,Machakos,cancelled,Planting,52832.4,void,2025-10-16T17:00:00
BKG-09522,FAR-022,TR-022,Nakuru,completed,Weeding,13286.98,paid,2025-10-17T18:00:00
BKG-09523,FAR-023,TR-023,Nairobi,completed,Harvesting,47524.9,paid,2025-10-18T19:00:00
BKG-09524,FAR-024,TR-024,Embu,completed,Soil management,31599.73,paid,2025-10-19T20:00:00
BKG-09525,FAR-025,TR-025,Kiambu,completed,Land preparation,48761.16,paid,2025-10-20T21:00:00
BKG-09526,FAR-026,TR-026,Machakos,pending,Planting,47416.08,pending,2025-10-21T22:00:00
BKG-09527,FAR-027,TR-027,Nakuru,cancelled,Weeding,9186.27,void,2025-10-22T23:00:00
BKG-09528,FAR-028,TR-028,Nairobi,completed,Harvesting,12083.68,paid,2025-10-23T00:00:00
BKG-09529,FAR-029,TR-029,Embu,completed,Soil management,31049.06,paid,2025-10-24T01:00:00
BKG-09530,FAR-030,TR-030,Kiambu,completed,Land preparation,18842.46,paid,2025-10-25T02:00:00
BKG-09531,FAR-031,TR-031,Machakos,completed,Planting,46613.12,paid,2025-10-26T03:00:00
BKG-09532,FAR-032,TR-032,Nakuru,pending,Weeding,25283.27,pending,2025-10-27T04:00:00
BKG-09533,FAR-033,TR-033,Nairobi,cancelled,Harvesting,24593.89,void,2025-10-28T05:00:00
BKG-09534,FAR-034,TR-034,Embu,completed,Soil management,21299.25,paid,2025-10-29T06:00:00
BKG-09535,FAR-035,TR-035,Kiambu,completed,Land preparation,52812.43,paid,2025-10-30T07:00:00
BKG-09536,FAR-036,TR-036,Machakos,completed,Planting,16398.45,paid,2025-10-31T08:00:00
BKG-09537,FAR-037,TR-037,Nakuru,completed,Weeding,53408.53,paid,2025-11-01T09:00:00
BKG-09538,FAR-038,TR-038,Nairobi,pending,Harvesting,44668.26,pending,2025-11-02T10:00:00
BKG-09539,FAR-039,TR-039,Embu,cancelled,Soil management,52971.24,void,2025-11-03T11:00:00
BKG-09540,FAR-040,TR-040,Kiambu,completed,Land preparation,53658.57,paid,2025-11-04T12:00:00
BKG-09541,FAR-041,TR-041,Machakos,completed,Planting,39989.0,paid,2025-11-05T13:00:00
BKG-09542,FAR-042,TR-042,Nakuru,completed,Weeding,12443.0,paid,2025-11-06T14:00:00
BKG-09543,FAR-043,TR-043,Nairobi,completed,Harvesting,46836.64,paid,2025-11-07T15:00:00
BKG-09544,FAR-044,TR-044,Embu,pending,Soil management,29063.73,pending,2025-11-08T16:00:00
BKG-09545,FAR-045,TR-045,Kiambu,cancelled,Land preparation,10756.38,void,2025-11-09T17:00:00
BKG-09546,FAR-046,TR-046,Machakos,completed,Planting,48110.26,pending,2025-11-10T18:00:00
BKG-09547,FAR-047,TR-047,Nakuru,completed,Weeding,37373.19,paid,2025-11-11T19:00:00
BKG-09548,FAR-048,TR-048,Nairobi,completed,Harvesting,53752.98,paid,2025-11-12T20:00:00
BKG-09549,FAR-049,TR-049,Embu,completed,Soil management,23682.8,paid,2025-11-13T21:00:00
BKG-09550,FAR-050,TR-050,Kiambu,pending,Land preparation,15618.4,pending,2025-11-14T22:00:00
BKG-09551,FAR-051,TR-051,Machakos,cancelled,Planting,19817.37,void,2025-11-15T23:00:00
BKG-09552,FAR-052,TR-052,Nakuru,completed,Weeding,15666.39,paid,2025-11-16T00:00:00
BKG-09553,FAR-053,TR-053,Nairobi,completed,Harvesting,43337.54,paid,2025-11-17T01:00:00
BKG-09554,FAR-054,TR-054,Embu,completed,Soil management,42206.07,paid,2025-11-18T02:00:00
BKG-09555,FAR-055,TR-055,Kiambu,completed,Land preparation,23447.14,paid,2025-11-19T03:00:00
BKG-09556,FAR-056,TR-056,Machakos,pending,Planting,12095.76,pending,2025-11-20T04:00:00
BKG-09557,FAR-057,TR-057,Nakuru,cancelled,Weeding,53432.32,void,2025-11-21T05:00:00
BKG-09558,FAR-058,TR-058,Nairobi,completed,Harvesting,20666.84,paid,2025-11-22T06:00:00
BKG-09559,FAR-059,TR-059,Embu,completed,Soil management,16047.43,paid,2025-11-23T07:00:00
BKG-09560,FAR-060,TR-060,Kiambu,completed,Land preparation,51789.73,paid,2025-11-24T08:00:00
BKG-09561,FAR-061,TR-061,Machakos,completed,Planting,42068.72,paid,2025-11-25T09:00:00
BKG-09562,FAR-062,TR-062,Nakuru,pending,Weeding,16361.97,pending,2025-11-26T10:00:00
BKG-09563,FAR-063,TR-063,Nairobi,cancelled,Harvesting,25084.75,void,2025-11-27T11:00:00
BKG-09564,FAR-064,TR-064,Embu,completed,Soil management,34027.1,paid,2025-11-28T12:00:00
BKG-09565,FAR-065,TR-065,Kiambu,completed,Land preparation,53737.66,paid,2025-11-29T13:00:00
BKG-09566,FAR-066,TR-066,Machakos,completed,Planting,19759.39,paid,2025-11-30T14:00:00
BKG-09567,FAR-067,TR-067,Nakuru,completed,Weeding,53919.32,paid,2025-12-01T15:00:00
BKG-09568,FAR-068,TR-068,Nairobi,pending,Harvesting,42417.88,pending,2025-12-02T16:00:00
BKG-09569,FAR-069,TR-069,Embu,cancelled,Soil management,28973.22,void,2025-12-03T17:00:00
BKG-09570,FAR-070,TR-070,Kiambu,completed,Land preparation,38616.78,pending,2025-12-04T18:00:00
BKG-09571,FAR-071,TR-071,Machakos,completed,Planting,37808.94,pending,2025-12-05T19:00:00
BKG-09572,FAR-072,TR-072,Nakuru,completed,Weeding,13751.55,paid,2025-12-06T20:00:00
BKG-09573,FAR-073,TR-073,Nairobi,completed,Harvesting,41834.0,paid,2025-12-07T21:00:00
BKG-09574,FAR-074,TR-074,Embu,pending,Soil management,27905.81,pending,2025-12-08T22:00:00
BKG-09575,FAR-075,TR-075,Kiambu,cancelled,Land preparation,49778.85,void,2025-12-09T23:00:00
BKG-09576,FAR-076,TR-076,Machakos,completed,Planting,26426.74,paid,2025-12-10T00:00:00
BKG-09577,FAR-077,TR-077,Nakuru,completed,Weeding,19717.75,paid,2025-12-11T01:00:00
BKG-09578,FAR-078,TR-078,Nairobi,completed,Harvesting,41723.66,paid,2025-12-12T02:00:00
BKG-09579,FAR-079,TR-079,Embu,completed,Soil management,53389.15,pending,2025-12-13T03:00:00
BKG-09580,FAR-080,TR-080,Kiambu,pending,Land preparation,25925.61,pending,2025-12-14T04:00:00
BKG-09581,FAR-081,TR-081,Machakos,cancelled,Planting,45919.21,void,2025-12-15T05:00:00
BKG-09582,FAR-082,TR-082,Nakuru,completed,Weeding,14477.14,paid,2025-12-16T06:00:00
BKG-09583,FAR-083,TR-083,Nairobi,completed,Harvesting,13116.8,paid,2025-12-17T07:00:00
BKG-09584,FAR-084,TR-084,Embu,completed,Soil management,15925.2,paid,2025-12-18T08:00:00
BKG-09585,FAR-085,TR-085,Kiambu,completed,Land preparation,44268.38,paid,2025-12-19T09:00:00
BKG-09586,FAR-086,TR-086,Machakos,pending,Planting,13415.73,pending,2025-12-20T10:00:00
BKG-09587,FAR-087,TR-087,Nakuru,cancelled,Weeding,9302.14,void,2025-12-21T11:00:00
BKG-09588,FAR-088,TR-088,Nairobi,completed,Harvesting,48799.16,paid,2025-12-22T12:00:00
BKG-09589,FAR-089,TR-089,Embu,completed,Soil management,52802.46,paid,2025-12-23T13:00:00
BKG-09590,FAR-090,TR-090,Kiambu,completed,Land preparation,47296.31,paid,2025-12-24T14:00:00
BKG-09591,FAR-091,TR-091,Machakos,completed,Planting,9125.97,paid,2025-12-25T15:00:00
BKG-09592,FAR-092,TR-092,Nakuru,pending,Weeding,41462.71,pending,2025-12-26T16:00:00
BKG-09593,FAR-093,TR-093,Nairobi,cancelled,Harvesting,28908.2,void,2025-12-27T17:00:00
BKG-09594,FAR-094,TR-094,Embu,completed,Soil management,40117.73,paid,2025-12-28T18:00:00
BKG-09595,FAR-095,TR-095,Kiambu,completed,Land preparation,34737.2,paid,2025-12-29T19:00:00
BKG-09596,FAR-096,TR-096,Machakos,completed,Planting,32976.96,paid,2025-12-30T20:00:00
BKG-09597,FAR-097,TR-097,Nakuru,completed,Weeding,33277.86,paid,2025-12-31T21:00:00
BKG-09598,FAR-098,TR-098,Nairobi,pending,Harvesting,40205.26,pending,2026-01-01T22:00:00
BKG-09599,FAR-099,TR-099,Embu,cancelled,Soil management,38079.43,void,2026-01-02T23:00:00
BKG-09600,FAR-100,TR-100,Kiambu,completed,Land preparation,11952.47,paid,2026-01-03T00:00:00
BKG-09601,FAR-101,TR-001,Machakos,completed,Planting,25177.26,paid,2026-01-04T01:00:00
BKG-09602,FAR-102,TR-002,Nakuru,completed,Weeding,20256.36,paid,2026-01-05T02:00:00
BKG-09603,FAR-103,TR-003,Nairobi,completed,Harvesting,14588.43,pending,2026-01-06T03:00:00
BKG-09604,FAR-104,TR-004,Embu,pending,Soil management,40153.63,pending,2026-01-07T04:00:00
BKG-09605,FAR-105,TR-005,Kiambu,cancelled,Land preparation,16385.02,void,2026-01-08T05:00:00
BKG-09606,FAR-106,TR-006,Machakos,completed,Planting,27648.74,paid,2026-01-09T06:00:00
BKG-09607,FAR-107,TR-007,Nakuru,completed,Weeding,53522.02,paid,2026-01-10T07:00:00
BKG-09608,FAR-108,TR-008,Nairobi,completed,Harvesting,51775.88,pending,2026-01-11T08:00:00
BKG-09609,FAR-109,TR-009,Embu,completed,Soil management,46329.48,paid,2026-01-12T09:00:00
BKG-09610,FAR-110,TR-010,Kiambu,pending,Land preparation,26533.3,pending,2026-01-13T10:00:00
BKG-09611,FAR-111,TR-011,Machakos,cancelled,Planting,20090.64,void,2026-01-14T11:00:00
BKG-09612,FAR-112,TR-012,Nakuru,completed,Weeding,53625.73,pending,2026-01-15T12:00:00
BKG-09613,FAR-113,TR-013,Nairobi,completed,Harvesting,21692.12,paid,2026-01-16T13:00:00
BKG-09614,FAR-114,TR-014,Embu,completed,Soil management,24967.2,pending,2026-01-17T14:00:00
BKG-09615,FAR-115,TR-015,Kiambu,completed,Land preparation,18334.21,paid,2026-01-18T15:00:00
BKG-09616,FAR-116,TR-016,Machakos,pending,Planting,17602.25,pending,2026-01-19T16:00:00
BKG-09617,FAR-117,TR-017,Nakuru,cancelled,Weeding,38735.07,void,2026-01-20T17:00:00
BKG-09618,FAR-118,TR-018,Nairobi,completed,Harvesting,41943.97,paid,2026-01-21T18:00:00
BKG-09619,FAR-119,TR-019,Embu,completed,Soil management,52834.06,paid,2026-01-22T19:00:00
BKG-09620,FAR-120,TR-020,Kiambu,completed,Land preparation,19945.94,paid,2026-01-23T20:00:00
BKG-09621,FAR-121,TR-021,Machakos,completed,Planting,39369.6,paid,2026-01-24T21:00:00
BKG-09622,FAR-122,TR-022,Nakuru,pending,Weeding,24025.47,pending,2026-01-25T22:00:00
BKG-09623,FAR-123,TR-023,Nairobi,cancelled,Harvesting,42720.87,void,2026-01-26T23:00:00
BKG-09624,FAR-124,TR-024,Embu,completed,Soil management,38683.42,paid,2026-01-27T00:00:00
BKG-09625,FAR-125,TR-025,Kiambu,completed,Land preparation,25837.14,paid,2026-01-28T01:00:00
BKG-09626,FAR-126,TR-026,Machakos,completed,Planting,28132.15,paid,2026-01-29T02:00:00
BKG-09627,FAR-127,TR-027,Nakuru,completed,Weeding,41483.74,paid,2026-01-30T03:00:00
BKG-09628,FAR-128,TR-028,Nairobi,pending,Harvesting,41342.73,pending,2026-01-31T04:00:00
BKG-09629,FAR-129,TR-029,Embu,cancelled,Soil management,22471.7,void,2026-02-01T05:00:00
BKG-09630,FAR-130,TR-030,Kiambu,completed,Land preparation,18418.46,paid,2026-02-02T06:00:00
BKG-09631,FAR-131,TR-031,Machakos,completed,Planting,11323.72,paid,2026-02-03T07:00:00
BKG-09632,FAR-132,TR-032,Nakuru,completed,Weeding,43232.15,paid,2026-02-04T08:00:00
BKG-09633,FAR-133,TR-033,Nairobi,completed,Harvesting,45697.44,paid,2026-02-05T09:00:00
BKG-09634,FAR-134,TR-034,Embu,pending,Soil management,41679.95,pending,2026-02-06T10:00:00
BKG-09635,FAR-135,TR-035,Kiambu,cancelled,Land preparation,29333.61,void,2026-02-07T11:00:00
BKG-09636,FAR-136,TR-036,Machakos,completed,Planting,29630.14,paid,2026-02-08T12:00:00
BKG-09637,FAR-137,TR-037,Nakuru,completed,Weeding,34949.51,paid,2026-02-09T13:00:00
BKG-09638,FAR-138,TR-038,Nairobi,completed,Harvesting,30495.75,paid,2026-02-10T14:00:00
BKG-09639,FAR-139,TR-039,Embu,completed,Soil management,31144.22,paid,2026-02-11T15:00:00
BKG-09640,FAR-140,TR-040,Kiambu,pending,Land preparation,29678.57,pending,2026-02-12T16:00:00
BKG-09641,FAR-141,TR-041,Machakos,cancelled,Planting,47472.22,void,2026-02-13T17:00:00
BKG-09642,FAR-142,TR-042,Nakuru,completed,Weeding,47972.59,paid,2026-02-14T18:00:00
BKG-09643,FAR-143,TR-043,Nairobi,completed,Harvesting,29177.39,paid,2026-02-15T19:00:00
BKG-09644,FAR-144,TR-044,Embu,completed,Soil management,48774.74,paid,2026-02-16T20:00:00
BKG-09645,FAR-145,TR-045,Kiambu,completed,Land preparation,44035.75,paid,2026-02-17T21:00:00
BKG-09646,FAR-146,TR-046,Machakos,pending,Planting,28275.86,pending,2026-02-18T22:00:00
BKG-09647,FAR-147,TR-047,Nakuru,cancelled,Weeding,14812.83,void,2026-02-19T23:00:00
BKG-09648,FAR-148,TR-048,Nairobi,completed,Harvesting,50418.02,paid,2026-02-20T00:00:00
BKG-09649,FAR-149,TR-049,Embu,completed,Soil management,27007.49,paid,2026-02-21T01:00:00
BKG-09650,FAR-150,TR-050,Kiambu,completed,Land preparation,10234.03,paid,2026-02-22T02:00:00
BKG-09651,FAR-151,TR-051,Machakos,completed,Planting,31352.38,paid,2026-02-23T03:00:00
BKG-09652,FAR-152,TR-052,Nakuru,pending,Weeding,49856.08,pending,2026-02-24T04:00:00
BKG-09653,FAR-153,TR-053,Nairobi,cancelled,Harvesting,29998.86,void,2026-02-25T05:00:00
BKG-09654,FAR-154,TR-054,Embu,completed,Soil management,40728.8,paid,2026-02-26T06:00:00
BKG-09655,FAR-155,TR-055,Kiambu,completed,Land preparation,18463.98,paid,2026-02-27T07:00:00
BKG-09656,FAR-156,TR-056,Machakos,completed,Planting,10360.98,paid,2026-02-28T08:00:00
BKG-09657,FAR-157,TR-057,Nakuru,completed,Weeding,38690.7,paid,2026-03-01T09:00:00
BKG-09658,FAR-158,TR-058,Nairobi,pending,Harvesting,52087.97,pending,2026-03-02T10:00:00
BKG-09659,FAR-159,TR-059,Embu,cancelled,Soil management,35875.05,void,2026-03-03T11:00:00
BKG-09660,FAR-160,TR-060,Kiambu,completed,Land preparation,47622.86,paid,2026-03-04T12:00:00
BKG-09661,FAR-161,TR-061,Machakos,completed,Planting,15173.03,paid,2026-03-05T13:00:00
BKG-09662,FAR-162,TR-062,Nakuru,completed,Weeding,42556.76,paid,2026-03-06T14:00:00
BKG-09663,FAR-163,TR-063,Nairobi,completed,Harvesting,40194.6,paid,2026-03-07T15:00:00
BKG-09664,FAR-164,TR-064,Embu,pending,Soil management,18159.11,pending,2026-03-08T16:00:00
BKG-09665,FAR-165,TR-065,Kiambu,cancelled,Land preparation,34616.2,void,2026-03-09T17:00:00
BKG-09666,FAR-166,TR-066,Machakos,completed,Planting,23403.68,paid,2026-03-10T18:00:00
BKG-09667,FAR-167,TR-067,Nakuru,completed,Weeding,16248.1,paid,2026-03-11T19:00:00
BKG-09668,FAR-168,TR-068,Nairobi,completed,Harvesting,50057.07,paid,2026-03-12T20:00:00
BKG-09669,FAR-169,TR-069,Embu,completed,Soil management,37716.91,paid,2026-03-13T21:00:00
BKG-09670,FAR-170,TR-070,Kiambu,pending,Land preparation,49278.9,pending,2026-03-14T22:00:00
BKG-09671,FAR-171,TR-071,Machakos,cancelled,Planting,28366.36,void,2026-03-15T23:00:00
BKG-09672,FAR-172,TR-072,Nakuru,completed,Weeding,17063.97,paid,2026-03-16T00:00:00
BKG-09673,FAR-173,TR-073,Nairobi,completed,Harvesting,32024.96,paid,2026-03-17T01:00:00
BKG-09674,FAR-174,TR-074,Embu,completed,Soil management,47375.62,paid,2026-03-18T02:00:00
BKG-09675,FAR-175,TR-075,Kiambu,completed,Land preparation,32002.75,pending,2026-03-19T03:00:00
BKG-09676,FAR-176,TR-076,Machakos,pending,Planting,39542.05,pending,2026-03-20T04:00:00
BKG-09677,FAR-177,TR-077,Nakuru,cancelled,Weeding,22009.45,void,2026-03-21T05:00:00
BKG-09678,FAR-178,TR-078,Nairobi,completed,Harvesting,13069.21,paid,2026-03-22T06:00:00
BKG-09679,FAR-179,TR-079,Embu,completed,Soil management,31006.8,paid,2026-03-23T07:00:00
BKG-09680,FAR-180,TR-080,Kiambu,completed,Land preparation,50991.66,paid,2026-03-24T08:00:00
BKG-09681,FAR-181,TR-081,Machakos,completed,Planting,27699.62,paid,2026-03-25T09:00:00
BKG-09682,FAR-182,TR-082,Nakuru,pending,Weeding,40785.75,pending,2026-03-26T10:00:00
BKG-09683,FAR-183,TR-083,Nairobi,cancelled,Harvesting,33278.33,void,2026-03-27T11:00:00
BKG-09684,FAR-184,TR-084,Embu,completed,Soil management,22937.97,pending,2026-03-28T12:00:00
BKG-09685,FAR-185,TR-085,Kiambu,completed,Land preparation,30136.95,paid,2026-03-29T13:00:00
BKG-09686,FAR-186,TR-086,Machakos,completed,Planting,36464.96,paid,2026-03-30T14:00:00
BKG-09687,FAR-187,TR-087,Nakuru,completed,Weeding,50193.09,paid,2026-03-31T15:00:00
BKG-09688,FAR-188,TR-088,Nairobi,pending,Harvesting,29243.64,pending,2026-04-01T16:00:00
BKG-09689,FAR-189,TR-089,Embu,cancelled,Soil management,33781.6,void,2026-04-02T17:00:00
BKG-09690,FAR-190,TR-090,Kiambu,completed,Land preparation,44485.37,paid,2026-04-03T18:00:00
BKG-09691,FAR-191,TR-091,Machakos,completed,Planting,34036.11,paid,2026-04-04T19:00:00
BKG-09692,FAR-192,TR-092,Nakuru,completed,Weeding,25952.17,paid,2026-04-05T20:00:00
BKG-09693,FAR-193,TR-093,Nairobi,completed,Harvesting,12735.47,paid,2026-04-06T21:00:00
BKG-09694,FAR-194,TR-094,Embu,pending,Soil management,51934.38,pending,2026-04-07T22:00:00
BKG-09695,FAR-195,TR-095,Kiambu,cancelled,Land preparation,45394.87,void,2026-04-08T23:00:00
BKG-09696,FAR-196,TR-096,Machakos,completed,Planting,30611.43,paid,2026-04-09T00:00:00
BKG-09697,FAR-197,TR-097,Nakuru,completed,Weeding,53473.36,paid,2026-04-10T01:00:00
BKG-09698,FAR-198,TR-098,Nairobi,completed,Harvesting,41624.29,paid,2026-04-11T02:00:00
BKG-09699,FAR-199,TR-099,Embu,completed,Soil management,36328.59,paid,2026-04-12T03:00:00
BKG-09700,FAR-200,TR-100,Kiambu,pending,Land preparation,16029.25,pending,2026-04-13T04:00:00
BKG-09701,FAR-201,TR-001,Machakos,cancelled,Planting,21471.72,void,2026-04-14T05:00:00
BKG-09702,FAR-202,TR-002,Nakuru,completed,Weeding,49673.46,paid,2026-04-15T06:00:00
BKG-09703,FAR-203,TR-003,Nairobi,completed,Harvesting,22370.14,paid,2026-04-16T07:00:00
BKG-09704,FAR-204,TR-004,Embu,completed,Soil management,45860.1,paid,2026-04-17T08:00:00
BKG-09705,FAR-205,TR-005,Kiambu,completed,Land preparation,9683.37,paid,2026-04-18T09:00:00
BKG-09706,FAR-206,TR-006,Machakos,pending,Planting,39096.56,pending,2026-04-19T10:00:00
BKG-09707,FAR-207,TR-007,Nakuru,cancelled,Weeding,33123.91,void,2026-04-20T11:00:00
BKG-09708,FAR-208,TR-008,Nairobi,completed,Harvesting,24016.17,paid,2026-04-21T12:00:00
BKG-09709,FAR-209,TR-009,Embu,completed,Soil management,50608.26,paid,2026-04-22T13:00:00
BKG-09710,FAR-210,TR-010,Kiambu,completed,Land preparation,32508.88,paid,2026-04-23T14:00:00
BKG-09711,FAR-211,TR-011,Machakos,completed,Planting,46177.14,paid,2026-04-24T15:00:00
BKG-09712,FAR-212,TR-012,Nakuru,pending,Weeding,26585.8,pending,2026-04-25T16:00:00
BKG-09713,FAR-213,TR-013,Nairobi,cancelled,Harvesting,48038.13,void,2026-04-26T17:00:00
BKG-09714,FAR-214,TR-014,Embu,completed,Soil management,43248.94,paid,2026-04-27T18:00:00
BKG-09715,FAR-215,TR-015,Kiambu,completed,Land preparation,44230.59,paid,2026-04-28T19:00:00
BKG-09716,FAR-216,TR-016,Machakos,completed,Planting,30299.26,paid,2026-04-29T20:00:00
BKG-09717,FAR-217,TR-017,Nakuru,completed,Weeding,34486.98,paid,2026-04-30T21:00:00
BKG-09718,FAR-218,TR-018,Nairobi,pending,Harvesting,48022.76,pending,2026-05-01T22:00:00
BKG-09719,FAR-219,TR-019,Embu,cancelled,Soil management,31381.47,void,2026-05-02T23:00:00
BKG-09720,FAR-220,TR-020,Kiambu,completed,Land preparation,32817.01,paid,2026-05-03T00:00:00
BKG-09721,FAR-221,TR-021,Machakos,completed,Planting,24329.88,pending,2026-05-04T01:00:00
BKG-09722,FAR-222,TR-022,Nakuru,completed,Weeding,53947.04,paid,2026-05-05T02:00:00
BKG-09723,FAR-223,TR-023,Nairobi,completed,Harvesting,19099.7,paid,2026-05-06T03:00:00
BKG-09724,FAR-224,TR-024,Embu,pending,Soil management,18452.61,pending,2026-05-07T04:00:00
BKG-09725,FAR-225,TR-025,Kiambu,cancelled,Land preparation,39072.14,void,2026-05-08T05:00:00
BKG-09726,FAR-226,TR-026,Machakos,completed,Planting,30776.93,paid,2026-05-09T06:00:00
BKG-09727,FAR-227,TR-027,Nakuru,completed,Weeding,31498.01,paid,2026-05-10T07:00:00
BKG-09728,FAR-228,TR-028,Nairobi,completed,Harvesting,49985.84,paid,2026-05-11T08:00:00
BKG-09729,FAR-229,TR-029,Embu,completed,Soil management,19678.56,paid,2026-05-12T09:00:00
BKG-09730,FAR-230,TR-030,Kiambu,pending,Land preparation,14365.68,pending,2026-05-13T10:00:00
BKG-09731,FAR-231,TR-031,Machakos,cancelled,Planting,49439.17,void,2026-05-14T11:00:00
BKG-09732,FAR-232,TR-032,Nakuru,completed,Weeding,45123.11,pending,2026-05-15T12:00:00
BKG-09733,FAR-233,TR-033,Nairobi,completed,Harvesting,30014.18,paid,2026-05-16T13:00:00
BKG-09734,FAR-234,TR-034,Embu,completed,Soil management,49930.55,paid,2026-05-17T14:00:00
BKG-09735,FAR-235,TR-035,Kiambu,completed,Land preparation,26089.62,paid,2026-05-18T15:00:00
BKG-09736,FAR-236,TR-036,Machakos,pending,Planting,51881.4,pending,2026-05-19T16:00:00
BKG-09737,FAR-237,TR-037,Nakuru,cancelled,Weeding,26618.06,void,2026-05-20T17:00:00
BKG-09738,FAR-238,TR-038,Nairobi,completed,Harvesting,45114.33,paid,2026-05-21T18:00:00
BKG-09739,FAR-239,TR-039,Embu,completed,Soil management,31646.15,paid,2026-05-22T19:00:00
BKG-09740,FAR-240,TR-040,Kiambu,completed,Land preparation,42856.3,paid,2026-05-23T20:00:00
BKG-09741,FAR-241,TR-041,Machakos,completed,Planting,30436.22,paid,2026-05-24T21:00:00
BKG-09742,FAR-242,TR-042,Nakuru,pending,Weeding,25615.68,pending,2026-05-25T22:00:00
BKG-09743,FAR-243,TR-043,Nairobi,cancelled,Harvesting,23264.61,void,2026-05-26T23:00:00
BKG-09744,FAR-244,TR-044,Embu,completed,Soil management,34612.33,paid,2026-05-27T00:00:00
BKG-09745,FAR-245,TR-045,Kiambu,completed,Land preparation,50328.36,paid,2026-05-28T01:00:00
BKG-09746,FAR-246,TR-046,Machakos,completed,Planting,45495.96,paid,2026-05-29T02:00:00
BKG-09747,FAR-247,TR-047,Nakuru,completed,Weeding,19070.18,paid,2026-05-30T03:00:00
BKG-09748,FAR-248,TR-048,Nairobi,pending,Harvesting,15445.56,pending,2026-05-31T04:00:00
BKG-09749,FAR-249,TR-049,Embu,cancelled,Soil management,38389.17,void,2026-06-01T05:00:00
BKG-09750,FAR-250,TR-050,Kiambu,completed,Land preparation,39653.35,paid,2026-06-02T06:00:00
BKG-09751,FAR-251,TR-051,Machakos,completed,Planting,52610.29,paid,2026-06-03T07:00:00
BKG-09752,FAR-252,TR-052,Nakuru,completed,Weeding,29868.92,paid,2026-06-04T08:00:00
BKG-09753,FAR-253,TR-053,Nairobi,completed,Harvesting,39576.94,paid,2026-06-05T09:00:00
BKG-09754,FAR-254,TR-054,Embu,pending,Soil management,39684.28,pending,2026-06-06T10:00:00
BKG-09755,FAR-255,TR-055,Kiambu,cancelled,Land preparation,27931.73,void,2026-06-07T11:00:00
BKG-09756,FAR-256,TR-056,Machakos,completed,Planting,42760.94,pending,2026-06-08T12:00:00
BKG-09757,FAR-257,TR-057,Nakuru,completed,Weeding,35445.48,paid,2026-06-09T13:00:00
BKG-09758,FAR-258,TR-058,Nairobi,completed,Harvesting,19548.49,paid,2026-06-10T14:00:00
BKG-09759,FAR-259,TR-059,Embu,completed,Soil management,30388.76,paid,2026-06-11T15:00:00
BKG-09760,FAR-260,TR-060,Kiambu,pending,Land preparation,42773.11,pending,2026-06-12T16:00:00
BKG-09761,FAR-261,TR-061,Machakos,cancelled,Planting,16968.73,void,2026-06-13T17:00:00
BKG-09762,FAR-262,TR-062,Nakuru,completed,Weeding,39754.19,paid,2026-06-14T18:00:00
BKG-09763,FAR-263,TR-063,Nairobi,completed,Harvesting,26296.56,paid,2026-06-15T19:00:00
BKG-09764,FAR-264,TR-064,Embu,completed,Soil management,29607.46,paid,2026-06-16T20:00:00
BKG-09765,FAR-265,TR-065,Kiambu,completed,Land preparation,30692.42,paid,2026-06-17T21:00:00
BKG-09766,FAR-266,TR-066,Machakos,pending,Planting,37461.07,pending,2026-06-18T22:00:00
BKG-09767,FAR-267,TR-067,Nakuru,cancelled,Weeding,25959.44,void,2026-06-19T23:00:00
BKG-09768,FAR-268,TR-068,Nairobi,completed,Harvesting,18986.43,paid,2026-06-20T00:00:00
BKG-09769,FAR-269,TR-069,Embu,completed,Soil management,36608.98,paid,2026-06-21T01:00:00
BKG-09770,FAR-270,TR-070,Kiambu,completed,Land preparation,43497.07,paid,2026-06-22T02:00:00
BKG-09771,FAR-271,TR-071,Machakos,completed,Planting,45715.57,paid,2026-06-23T03:00:00
BKG-09772,FAR-272,TR-072,Nakuru,pending,Weeding,50369.49,pending,2026-06-24T04:00:00
BKG-09773,FAR-273,TR-073,Nairobi,cancelled,Harvesting,11080.73,void,2026-06-25T05:00:00
BKG-09774,FAR-274,TR-074,Embu,completed,Soil management,27006.17,paid,2026-06-26T06:00:00
BKG-09775,FAR-275,TR-075,Kiambu,completed,Land preparation,27162.01,pending,2026-06-27T07:00:00
BKG-09776,FAR-276,TR-076,Machakos,completed,Planting,22231.45,paid,2026-06-28T08:00:00
BKG-09777,FAR-277,TR-077,Nakuru,completed,Weeding,26871.38,paid,2026-06-29T09:00:00
BKG-09778,FAR-278,TR-078,Nairobi,pending,Harvesting,53647.94,pending,2026-06-30T10:00:00
BKG-09779,FAR-279,TR-079,Embu,cancelled,Soil management,40489.44,void,2026-07-01T11:00:00
BKG-09780,FAR-280,TR-080,Kiambu,completed,Land preparation,17033.98,paid,2026-07-02T12:00:00
BKG-09781,FAR-281,TR-081,Machakos,completed,Planting,9556.69,paid,2026-07-03T13:00:00
BKG-09782,FAR-282,TR-082,Nakuru,completed,Weeding,13675.84,paid,2026-07-04T14:00:00
BKG-09783,FAR-283,TR-083,Nairobi,completed,Harvesting,49965.91,paid,2026-07-05T15:00:00
BKG-09784,FAR-284,TR-084,Embu,pending,Soil management,22193.03,pending,2026-07-06T16:00:00
BKG-09785,FAR-285,TR-085,Kiambu,cancelled,Land preparation,29143.16,void,2026-07-07T17:00:00
BKG-09786,FAR-286,TR-086,Machakos,completed,Planting,25206.81,paid,2026-07-08T18:00:00
BKG-09787,FAR-287,TR-087,Nakuru,completed,Weeding,11114.6,paid,2026-07-09T19:00:00
BKG-09788,FAR-288,TR-088,Nairobi,completed,Harvesting,39865.14,paid,2026-07-10T20:00:00
BKG-09789,FAR-289,TR-089,Embu,completed,Soil management,32542.79,paid,2026-07-11T21:00:00
BKG-09790,FAR-290,TR-090,Kiambu,pending,Land preparation,49940.88,pending,2026-07-12T22:00:00
BKG-09791,FAR-291,TR-091,Machakos,cancelled,Planting,35326.91,void,2026-07-13T23:00:00
BKG-09792,FAR-292,TR-092,Nakuru,completed,Weeding,40264.02,paid,2026-07-14T00:00:00
BKG-09793,FAR-293,TR-093,Nairobi,completed,Harvesting,28729.96,pending,2026-07-15T01:00:00
BKG-09794,FAR-294,TR-094,Embu,completed,Soil management,48337.43,paid,2026-07-16T02:00:00
BKG-09795,FAR-295,TR-095,Kiambu,completed,Land preparation,38920.39,paid,2026-07-17T03:00:00
BKG-09796,FAR-296,TR-096,Machakos,pending,Planting,51988.89,pending,2026-07-18T04:00:00
BKG-09797,FAR-297,TR-097,Nakuru,cancelled,Weeding,28858.54,void,2026-07-19T05:00:00
BKG-09798,FAR-298,TR-098,Nairobi,completed,Harvesting,46826.43,paid,2026-07-20T06:00:00
BKG-09799,FAR-299,TR-099,Embu,completed,Soil management,30410.49,paid,2026-07-21T07:00:00
BKG-09800,FAR-300,TR-100,Kiambu,completed,Land preparation,16313.1,paid,2026-07-22T08:00:00
BKG-09801,FAR-301,TR-001,Machakos,completed,Planting,22921.09,pending,2026-07-23T09:00:00
BKG-09802,FAR-302,TR-002,Nakuru,pending,Weeding,43318.04,pending,2026-07-24T10:00:00
BKG-09803,FAR-303,TR-003,Nairobi,cancelled,Harvesting,24504.48,void,2026-07-25T11:00:00
BKG-09804,FAR-304,TR-004,Embu,completed,Soil management,19550.65,paid,2026-07-26T12:00:00
BKG-09805,FAR-305,TR-005,Kiambu,completed,Land preparation,11940.41,paid,2026-07-27T13:00:00
BKG-09806,FAR-306,TR-006,Machakos,completed,Planting,36329.18,paid,2026-07-28T14:00:00
BKG-09807,FAR-307,TR-007,Nakuru,completed,Weeding,30121.09,paid,2026-07-29T15:00:00
BKG-09808,FAR-308,TR-008,Nairobi,pending,Harvesting,27110.29,pending,2026-07-30T16:00:00
BKG-09809,FAR-309,TR-009,Embu,cancelled,Soil management,37787.74,void,2026-07-31T17:00:00
BKG-09810,FAR-310,TR-010,Kiambu,completed,Land preparation,32860.35,paid,2026-08-01T18:00:00
BKG-09811,FAR-311,TR-011,Machakos,completed,Planting,19192.88,pending,2026-08-02T19:00:00
BKG-09812,FAR-312,TR-012,Nakuru,completed,Weeding,29238.62,paid,2026-08-03T20:00:00
BKG-09813,FAR-313,TR-013,Nairobi,completed,Harvesting,37941.66,paid,2026-08-04T21:00:00
BKG-09814,FAR-314,TR-014,Embu,pending,Soil management,13445.44,pending,2026-08-05T22:00:00
BKG-09815,FAR-315,TR-015,Kiambu,cancelled,Land preparation,22089.29,void,2026-08-06T23:00:00
BKG-09816,FAR-316,TR-016,Machakos,completed,Planting,49253.71,paid,2026-08-07T00:00:00
BKG-09817,FAR-317,TR-017,Nakuru,completed,Weeding,52844.36,paid,2026-08-08T01:00:00
BKG-09818,FAR-318,TR-018,Nairobi,completed,Harvesting,38245.22,paid,2026-08-09T02:00:00
BKG-09819,FAR-319,TR-019,Embu,completed,Soil management,45003.99,paid,2026-08-10T03:00:00
BKG-09820,FAR-320,TR-020,Kiambu,pending,Land preparation,18688.33,pending,2026-08-11T04:00:00
BKG-09821,FAR-321,TR-021,Machakos,cancelled,Planting,40364.82,void,2026-08-12T05:00:00
BKG-09822,FAR-322,TR-022,Nakuru,completed,Weeding,46756.13,paid,2026-08-13T06:00:00
BKG-09823,FAR-323,TR-023,Nairobi,completed,Harvesting,31494.56,paid,2026-08-14T07:00:00
BKG-09824,FAR-324,TR-024,Embu,completed,Soil management,47868.12,paid,2026-08-15T08:00:00
BKG-09825,FAR-325,TR-025,Kiambu,completed,Land preparation,26842.56,paid,2026-08-16T09:00:00
BKG-09826,FAR-326,TR-026,Machakos,pending,Planting,39021.22,pending,2026-08-17T10:00:00
BKG-09827,FAR-327,TR-027,Nakuru,cancelled,Weeding,21583.64,void,2026-08-18T11:00:00
BKG-09828,FAR-328,TR-028,Nairobi,completed,Harvesting,19033.16,paid,2026-08-19T12:00:00
BKG-09829,FAR-329,TR-029,Embu,completed,Soil management,43356.76,paid,2026-08-20T13:00:00
BKG-09830,FAR-330,TR-030,Kiambu,completed,Land preparation,24935.79,paid,2026-08-21T14:00:00
BKG-09831,FAR-331,TR-031,Machakos,completed,Planting,45380.25,paid,2026-08-22T15:00:00
BKG-09832,FAR-332,TR-032,Nakuru,pending,Weeding,43281.69,pending,2026-08-23T16:00:00
BKG-09833,FAR-333,TR-033,Nairobi,cancelled,Harvesting,36299.55,void,2026-08-24T17:00:00
BKG-09834,FAR-334,TR-034,Embu,completed,Soil management,31277.93,pending,2026-08-25T18:00:00
BKG-09835,FAR-335,TR-035,Kiambu,completed,Land preparation,32214.29,pending,2026-08-26T19:00:00
BKG-09836,FAR-336,TR-036,Machakos,completed,Planting,41986.38,paid,2026-08-27T20:00:00
BKG-09837,FAR-337,TR-037,Nakuru,completed,Weeding,36505.44,paid,2026-08-28T21:00:00
BKG-09838,FAR-338,TR-038,Nairobi,pending,Harvesting,21896.02,pending,2026-08-29T22:00:00
BKG-09839,FAR-339,TR-039,Embu,cancelled,Soil management,18249.99,void,2026-08-30T23:00:00
BKG-09840,FAR-340,TR-040,Kiambu,completed,Land preparation,40809.55,paid,2026-08-31T00:00:00
BKG-09841,FAR-341,TR-041,Machakos,completed,Planting,33858.48,paid,2026-09-01T01:00:00
BKG-09842,FAR-342,TR-042,Nakuru,completed,Weeding,27465.4,paid,2026-09-02T02:00:00
BKG-09843,FAR-343,TR-043,Nairobi,completed,Harvesting,26145.1,paid,2026-09-03T03:00:00
BKG-09844,FAR-344,TR-044,Embu,pending,Soil management,31204.97,pending,2026-09-04T04:00:00
BKG-09845,FAR-345,TR-045,Kiambu,cancelled,Land preparation,15174.06,void,2026-09-05T05:00:00
BKG-09846,FAR-346,TR-046,Machakos,completed,Planting,12899.92,paid,2026-09-06T06:00:00
BKG-09847,FAR-347,TR-047,Nakuru,completed,Weeding,18721.15,paid,2026-09-07T07:00:00
BKG-09848,FAR-348,TR-048,Nairobi,completed,Harvesting,32596.78,paid,2026-09-08T08:00:00
BKG-09849,FAR-349,TR-049,Embu,completed,Soil management,46363.75,pending,2026-09-09T09:00:00
BKG-09850,FAR-350,TR-050,Kiambu,pending,Land preparation,43957.68,pending,2026-09-10T10:00:00
BKG-09851,FAR-351,TR-051,Machakos,cancelled,Planting,13052.97,void,2026-09-11T11:00:00
BKG-09852,FAR-352,TR-052,Nakuru,completed,Weeding,42008.27,paid,2026-09-12T12:00:00
BKG-09853,FAR-353,TR-053,Nairobi,completed,Harvesting,40416.2,pending,2026-09-13T13:00:00
BKG-09854,FAR-354,TR-054,Embu,completed,Soil management,12371.51,paid,2026-09-14T14:00:00
BKG-09855,FAR-355,TR-055,Kiambu,completed,Land preparation,26715.4,paid,2025-09-15T15:00:00
BKG-09856,FAR-356,TR-056,Machakos,pending,Planting,25403.56,pending,2025-09-16T16:00:00
BKG-09857,FAR-357,TR-057,Nakuru,cancelled,Weeding,43556.63,void,2025-09-17T17:00:00
BKG-09858,FAR-358,TR-058,Nairobi,completed,Harvesting,34910.92,paid,2025-09-18T18:00:00
BKG-09859,FAR-359,TR-059,Embu,completed,Soil management,17399.13,paid,2025-09-19T19:00:00
BKG-09860,FAR-360,TR-060,Kiambu,completed,Land preparation,44612.53,paid,2025-09-20T20:00:00
BKG-09861,FAR-361,TR-061,Machakos,completed,Planting,51689.65,pending,2025-09-21T21:00:00
BKG-09862,FAR-362,TR-062,Nakuru,pending,Weeding,33488.02,pending,2025-09-22T22:00:00
BKG-09863,FAR-363,TR-063,Nairobi,cancelled,Harvesting,49781.99,void,2025-09-23T23:00:00
BKG-09864,FAR-364,TR-064,Embu,completed,Soil management,18841.07,paid,2025-09-24T00:00:00
BKG-09865,FAR-365,TR-065,Kiambu,completed,Land preparation,25296.66,paid,2025-09-25T01:00:00
BKG-09866,FAR-366,TR-066,Machakos,completed,Planting,30777.32,pending,2025-09-26T02:00:00
BKG-09867,FAR-367,TR-067,Nakuru,completed,Weeding,25458.97,paid,2025-09-27T03:00:00
BKG-09868,FAR-368,TR-068,Nairobi,pending,Harvesting,20953.9,pending,2025-09-28T04:00:00
BKG-09869,FAR-369,TR-069,Embu,cancelled,Soil management,25558.43,void,2025-09-29T05:00:00
BKG-09870,FAR-370,TR-070,Kiambu,completed,Land preparation,15838.99,paid,2025-09-30T06:00:00
BKG-09871,FAR-371,TR-071,Machakos,completed,Planting,14730.99,paid,2025-10-01T07:00:00
BKG-09872,FAR-372,TR-072,Nakuru,completed,Weeding,15751.43,paid,2025-10-02T08:00:00
BKG-09873,FAR-373,TR-073,Nairobi,completed,Harvesting,16280.07,paid,2025-10-03T09:00:00
BKG-09874,FAR-374,TR-074,Embu,pending,Soil management,31783.41,pending,2025-10-04T10:00:00
BKG-09875,FAR-375,TR-075,Kiambu,cancelled,Land preparation,13902.91,void,2025-10-05T11:00:00
BKG-09876,FAR-376,TR-076,Machakos,completed,Planting,43923.51,paid,2025-10-06T12:00:00
BKG-09877,FAR-377,TR-077,Nakuru,completed,Weeding,36585.96,paid,2025-10-07T13:00:00
BKG-09878,FAR-378,TR-078,Nairobi,completed,Harvesting,22174.01,paid,2025-10-08T14:00:00
BKG-09879,FAR-379,TR-079,Embu,completed,Soil management,33448.51,paid,2025-10-09T15:00:00
BKG-09880,FAR-380,TR-080,Kiambu,pending,Land preparation,51719.86,pending,2025-10-10T16:00:00
BKG-09881,FAR-381,TR-081,Machakos,cancelled,Planting,38823.27,void,2025-10-11T17:00:00
BKG-09882,FAR-382,TR-082,Nakuru,completed,Weeding,27479.66,paid,2025-10-12T18:00:00
BKG-09883,FAR-383,TR-083,Nairobi,completed,Harvesting,52028.55,paid,2025-10-13T19:00:00
BKG-09884,FAR-384,TR-084,Embu,completed,Soil management,20936.8,paid,2025-10-14T20:00:00
BKG-09885,FAR-385,TR-085,Kiambu,completed,Land preparation,16782.53,paid,2025-10-15T21:00:00
BKG-09886,FAR-386,TR-086,Machakos,pending,Planting,36222.08,pending,2025-10-16T22:00:00
BKG-09887,FAR-387,TR-087,Nakuru,cancelled,Weeding,27744.01,void,2025-10-17T23:00:00
BKG-09888,FAR-388,TR-088,Nairobi,completed,Harvesting,42403.33,paid,2025-10-18T00:00:00
BKG-09889,FAR-389,TR-089,Embu,completed,Soil management,39948.49,paid,2025-10-19T01:00:00
BKG-09890,FAR-390,TR-090,Kiambu,completed,Land preparation,47105.15,paid,2025-10-20T02:00:00
BKG-09891,FAR-391,TR-091,Machakos,completed,Planting,37938.94,paid,2025-10-21T03:00:00
BKG-09892,FAR-392,TR-092,Nakuru,pending,Weeding,16475.09,pending,2025-10-22T04:00:00
BKG-09893,FAR-393,TR-093,Nairobi,cancelled,Harvesting,34784.6,void,2025-10-23T05:00:00
BKG-09894,FAR-394,TR-094,Embu,completed,Soil management,52568.17,paid,2025-10-24T06:00:00
BKG-09895,FAR-395,TR-095,Kiambu,completed,Land preparation,53727.36,paid,2025-10-25T07:00:00
BKG-09896,FAR-396,TR-096,Machakos,completed,Planting,10803.53,paid,2025-10-26T08:00:00
BKG-09897,FAR-397,TR-097,Nakuru,completed,Weeding,38494.06,paid,2025-10-27T09:00:00
BKG-09898,FAR-398,TR-098,Nairobi,pending,Harvesting,26140.76,pending,2025-10-28T10:00:00
BKG-09899,FAR-399,TR-099,Embu,cancelled,Soil management,13854.29,void,2025-10-29T11:00:00
BKG-09900,FAR-400,TR-100,Kiambu,completed,Land preparation,15995.74,paid,2025-10-30T12:00:00
BKG-09901,FAR-401,TR-001,Machakos,completed,Planting,17582.42,paid,2025-10-31T13:00:00
BKG-09902,FAR-402,TR-002,Nakuru,completed,Weeding,27470.85,pending,2025-11-01T14:00:00
BKG-09903,FAR-403,TR-003,Nairobi,completed,Harvesting,26602.02,paid,2025-11-02T15:00:00
BKG-09904,FAR-404,TR-004,Embu,pending,Soil management,12739.5,pending,2025-11-03T16:00:00
BKG-09905,FAR-405,TR-005,Kiambu,cancelled,Land preparation,38378.11,void,2025-11-04T17:00:00
BKG-09906,FAR-406,TR-006,Machakos,completed,Planting,19685.84,paid,2025-11-05T18:00:00
BKG-09907,FAR-407,TR-007,Nakuru,completed,Weeding,34427.53,paid,2025-11-06T19:00:00
BKG-09908,FAR-408,TR-008,Nairobi,completed,Harvesting,14071.91,pending,2025-11-07T20:00:00
BKG-09909,FAR-409,TR-009,Embu,completed,Soil management,30455.22,paid,2025-11-08T21:00:00
BKG-09910,FAR-410,TR-010,Kiambu,pending,Land preparation,14001.26,pending,2025-11-09T22:00:00
BKG-09911,FAR-411,TR-011,Machakos,cancelled,Planting,15814.91,void,2025-11-10T23:00:00
BKG-09912,FAR-412,TR-012,Nakuru,completed,Weeding,28528.15,paid,2025-11-11T00:00:00
BKG-09913,FAR-413,TR-013,Nairobi,completed,Harvesting,30829.27,paid,2025-11-12T01:00:00
BKG-09914,FAR-414,TR-014,Embu,completed,Soil management,25544.11,paid,2025-11-13T02:00:00
BKG-09915,FAR-415,TR-015,Kiambu,completed,Land preparation,16885.89,paid,2025-11-14T03:00:00
BKG-09916,FAR-416,TR-016,Machakos,pending,Planting,47354.8,pending,2025-11-15T04:00:00
BKG-09917,FAR-417,TR-017,Nakuru,cancelled,Weeding,27151.95,void,2025-11-16T05:00:00
BKG-09918,FAR-418,TR-018,Nairobi,completed,Harvesting,36889.07,paid,2025-11-17T06:00:00
BKG-09919,FAR-419,TR-019,Embu,completed,Soil management,52509.77,paid,2025-11-18T07:00:00
BKG-09920,FAR-420,TR-020,Kiambu,completed,Land preparation,20291.23,paid,2025-11-19T08:00:00
BKG-09921,FAR-421,TR-021,Machakos,completed,Planting,39643.6,paid,2025-11-20T09:00:00
BKG-09922,FAR-422,TR-022,Nakuru,pending,Weeding,20155.44,pending,2025-11-21T10:00:00
BKG-09923,FAR-423,TR-023,Nairobi,cancelled,Harvesting,22445.97,void,2025-11-22T11:00:00
BKG-09924,FAR-424,TR-024,Embu,completed,Soil management,42947.22,paid,2025-11-23T12:00:00
BKG-09925,FAR-425,TR-025,Kiambu,completed,Land preparation,48625.91,paid,2025-11-24T13:00:00
BKG-09926,FAR-426,TR-026,Machakos,completed,Planting,9822.5,paid,2025-11-25T14:00:00
BKG-09927,FAR-427,TR-027,Nakuru,completed,Weeding,40931.05,paid,2025-11-26T15:00:00
BKG-09928,FAR-428,TR-028,Nairobi,pending,Harvesting,30265.87,pending,2025-11-27T16:00:00
BKG-09929,FAR-429,TR-029,Embu,cancelled,Soil management,27527.49,void,2025-11-28T17:00:00
BKG-09930,FAR-430,TR-030,Kiambu,completed,Land preparation,14495.27,paid,2025-11-29T18:00:00
BKG-09931,FAR-431,TR-031,Machakos,completed,Planting,18604.88,paid,2025-11-30T19:00:00
BKG-09932,FAR-432,TR-032,Nakuru,completed,Weeding,45317.47,paid,2025-12-01T20:00:00
BKG-09933,FAR-433,TR-033,Nairobi,completed,Harvesting,46863.32,paid,2025-12-02T21:00:00
BKG-09934,FAR-434,TR-034,Embu,pending,Soil management,11618.39,pending,2025-12-03T22:00:00
BKG-09935,FAR-435,TR-035,Kiambu,cancelled,Land preparation,29065.73,void,2025-12-04T23:00:00
BKG-09936,FAR-436,TR-036,Machakos,completed,Planting,41417.11,paid,2025-12-05T00:00:00
BKG-09937,FAR-437,TR-037,Nakuru,completed,Weeding,23522.48,paid,2025-12-06T01:00:00
BKG-09938,FAR-438,TR-038,Nairobi,completed,Harvesting,25151.58,paid,2025-12-07T02:00:00
BKG-09939,FAR-439,TR-039,Embu,completed,Soil management,49392.11,paid,2025-12-08T03:00:00
BKG-09940,FAR-440,TR-040,Kiambu,pending,Land preparation,20952.62,pending,2025-12-09T04:00:00
BKG-09941,FAR-441,TR-041,Machakos,cancelled,Planting,17865.89,void,2025-12-10T05:00:00
BKG-09942,FAR-442,TR-042,Nakuru,completed,Weeding,43939.84,paid,2025-12-11T06:00:00
BKG-09943,FAR-443,TR-043,Nairobi,completed,Harvesting,16608.71,paid,2025-12-12T07:00:00
BKG-09944,FAR-444,TR-044,Embu,completed,Soil management,28117.12,paid,2025-12-13T08:00:00
BKG-09945,FAR-445,TR-045,Kiambu,completed,Land preparation,51028.5,paid,2025-12-14T09:00:00
BKG-09946,FAR-446,TR-046,Machakos,pending,Planting,42160.13,pending,2025-12-15T10:00:00
BKG-09947,FAR-447,TR-047,Nakuru,cancelled,Weeding,33708.12,void,2025-12-16T11:00:00
BKG-09948,FAR-448,TR-048,Nairobi,completed,Harvesting,26692.89,paid,2025-12-17T12:00:00
BKG-09949,FAR-449,TR-049,Embu,completed,Soil management,16127.39,pending,2025-12-18T13:00:00
BKG-09950,FAR-450,TR-050,Kiambu,completed,Land preparation,51466.41,paid,2025-12-19T14:00:00
BKG-09951,FAR-451,TR-051,Machakos,completed,Planting,10411.38,paid,2025-12-20T15:00:00
BKG-09952,FAR-452,TR-052,Nakuru,pending,Weeding,22122.14,pending,2025-12-21T16:00:00
BKG-09953,FAR-453,TR-053,Nairobi,cancelled,Harvesting,22640.06,void,2025-12-22T17:00:00
BKG-09954,FAR-454,TR-054,Embu,completed,Soil management,44075.55,paid,2025-12-23T18:00:00
BKG-09955,FAR-455,TR-055,Kiambu,completed,Land preparation,31742.04,pending,2025-12-24T19:00:00
BKG-09956,FAR-456,TR-056,Machakos,completed,Planting,39335.35,paid,2025-12-25T20:00:00
BKG-09957,FAR-457,TR-057,Nakuru,completed,Weeding,10868.62,paid,2025-12-26T21:00:00
BKG-09958,FAR-458,TR-058,Nairobi,pending,Harvesting,21001.7,pending,2025-12-27T22:00:00
BKG-09959,FAR-459,TR-059,Embu,cancelled,Soil management,51766.08,void,2025-12-28T23:00:00
BKG-09960,FAR-460,TR-060,Kiambu,completed,Land preparation,50934.82,paid,2025-12-29T00:00:00
BKG-09961,FAR-461,TR-061,Machakos,completed,Planting,17430.49,paid,2025-12-30T01:00:00
BKG-09962,FAR-462,TR-062,Nakuru,completed,Weeding,49061.37,paid,2025-12-31T02:00:00
BKG-09963,FAR-463,TR-063,Nairobi,completed,Harvesting,21239.69,pending,2026-01-01T03:00:00
BKG-09964,FAR-464,TR-064,Embu,pending,Soil management,44712.5,pending,2026-01-02T04:00:00
BKG-09965,FAR-465,TR-065,Kiambu,cancelled,Land preparation,23570.77,void,2026-01-03T05:00:00
BKG-09966,FAR-466,TR-066,Machakos,completed,Planting,45662.39,paid,2026-01-04T06:00:00
BKG-09967,FAR-467,TR-067,Nakuru,completed,Weeding,9679.1,paid,2026-01-05T07:00:00
BKG-09968,FAR-468,TR-068,Nairobi,completed,Harvesting,50644.01,pending,2026-01-06T08:00:00
BKG-09969,FAR-469,TR-069,Embu,completed,Soil management,39483.29,paid,2026-01-07T09:00:00
BKG-09970,FAR-470,TR-070,Kiambu,pending,Land preparation,27007.48,pending,2026-01-08T10:00:00
BKG-09971,FAR-471,TR-071,Machakos,cancelled,Planting,15293.37,void,2026-01-09T11:00:00
BKG-09972,FAR-472,TR-072,Nakuru,completed,Weeding,18762.02,paid,2026-01-10T12:00:00
BKG-09973,FAR-473,TR-073,Nairobi,completed,Harvesting,10353.17,paid,2026-01-11T13:00:00
BKG-09974,FAR-474,TR-074,Embu,completed,Soil management,38969.61,paid,2026-01-12T14:00:00
BKG-09975,FAR-475,TR-075,Kiambu,completed,Land preparation,17691.35,pending,2026-01-13T15:00:00
BKG-09976,FAR-476,TR-076,Machakos,pending,Planting,33891.87,pending,2026-01-14T16:00:00
BKG-09977,FAR-477,TR-077,Nakuru,cancelled,Weeding,25448.68,void,2026-01-15T17:00:00
BKG-09978,FAR-478,TR-078,Nairobi,completed,Harvesting,31932.24,paid,2026-01-16T18:00:00
BKG-09979,FAR-479,TR-079,Embu,completed,Soil management,37616.53,paid,2026-01-17T19:00:00
BKG-09980,FAR-480,TR-080,Kiambu,completed,Land preparation,26929.27,paid,2026-01-18T20:00:00
BKG-09981,FAR-481,TR-081,Machakos,completed,Planting,19059.53,paid,2026-01-19T21:00:00
BKG-09982,FAR-482,TR-082,Nakuru,pending,Weeding,53251.34,pending,2026-01-20T22:00:00
BKG-09983,FAR-483,TR-083,Nairobi,cancelled,Harvesting,35816.5,void,2026-01-21T23:00:00
BKG-09984,FAR-484,TR-084,Embu,completed,Soil management,41113.56,paid,2026-01-22T00:00:00
BKG-09985,FAR-485,TR-085,Kiambu,completed,Land preparation,9470.87,paid,2026-01-23T01:00:00
BKG-09986,FAR-486,TR-086,Machakos,completed,Planting,34654.26,paid,2026-01-24T02:00:00
BKG-09987,FAR-487,TR-087,Nakuru,completed,Weeding,35842.7,paid,2026-01-25T03:00:00
BKG-09988,FAR-488,TR-088,Nairobi,pending,Harvesting,45784.58,pending,2026-01-26T04:00:00
BKG-09989,FAR-489,TR-089,Embu,cancelled,Soil management,40298.18,void,2026-01-27T05:00:00
BKG-09990,FAR-490,TR-090,Kiambu,completed,Land preparation,23436.51,paid,2026-01-28T06:00:00
BKG-09991,FAR-491,TR-091,Machakos,completed,Planting,44887.16,paid,2026-01-29T07:00:00
BKG-09992,FAR-492,TR-092,Nakuru,completed,Weeding,26711.56,paid,2026-01-30T08:00:00
BKG-09993,FAR-493,TR-093,Nairobi,completed,Harvesting,16976.27,paid,2026-01-31T09:00:00
BKG-09994,FAR-494,TR-094,Embu,pending,Soil management,46932.96,pending,2026-02-01T10:00:00
BKG-09995,FAR-495,TR-095,Kiambu,cancelled,Land preparation,38894.5,void,2026-02-02T11:00:00
BKG-09996,FAR-496,TR-096,Machakos,completed,Planting,48957.15,paid,2026-02-03T12:00:00
BKG-09997,FAR-497,TR-097,Nakuru,completed,Weeding,46596.09,paid,2026-02-04T13:00:00
BKG-09998,FAR-498,TR-098,Nairobi,completed,Harvesting,19756.34,pending,2026-02-05T14:00:00
BKG-09999,FAR-499,TR-099,Embu,completed,Soil management,51490.78,paid,2026-02-06T15:00:00
BKG-10000,FAR-500,TR-100,Kiambu,pending,Land preparation,48412.88,pending,2026-02-07T16:00:00
